i,j,flux_coexact
0,21,1.7717870787423448e-06
0,23,-2.540596086112418e-05
0,86,-5.8149939709569085e-06
0,145,4.330518079004791e-05
0,502,-5.682913429601651e-05
0,798,4.297312125930734e-05
1,329,4.508328855751358e-06
1,530,1.009451869858246e-06
1,577,-3.619909534454107e-06
1,584,-1.7983050033807725e-06
1,646,-1.4627632451433165e-06
1,752,1.363197057368592e-06
2,49,5.680415626186943e-06
2,115,5.4396954053332795e-06
2,220,-5.632463669271526e-06
2,253,-1.0143346554068865e-05
2,282,-2.111434253882205e-05
2,381,1.3038251962280568e-05
2,432,-2.7439548976954247e-06
2,548,1.5475744666057072e-05
3,31,-6.022036061771103e-05
3,296,-8.1277535501207e-05
3,380,0.0001096446924452
3,743,3.0747819372561468e-06
3,787,2.8778421736399656e-05
4,80,3.8031746519479378e-06
4,213,-2.1365982087144107e-06
4,296,-4.8553282372143796e-06
4,316,-1.7605400541156522e-05
4,481,4.862988090856973e-06
4,525,1.59311642442804e-05
5,85,-7.23947492015228e-06
5,182,1.811210560506272e-05
5,370,3.9955907196775105e-07
5,616,2.2594016575840873e-05
5,752,1.5518812700780556e-05
5,808,-4.938501903349962e-05
6,32,0.0001518757865666
6,113,7.54604489099273e-05
6,171,-1.0697504665927804e-05
6,507,1.5230702272300942e-05
6,609,-4.725167536545963e-05
6,737,-0.0001846177577175
7,235,7.574267453312167e-05
7,394,-0.0001100964054846
7,599,0.0001582508112788
7,777,-0.0002769283544146
7,799,0.0001047301578285
7,832,4.830111625868067e-05
8,144,8.674137459168578e-07
8,562,-6.934940532730781e-06
8,605,-5.614224029730779e-06
8,672,3.761220801224117e-06
8,695,2.322203718493371e-06
8,825,5.598326296827214e-06
9,225,-4.630153300050498e-06
9,327,5.0432754013866516e-06
9,355,1.176472290448417e-05
9,411,2.573039550810229e-06
9,708,-6.59667973636176e-06
9,835,-8.154204820268791e-06
10,288,-9.151279908664597e-06
10,308,-9.82118206228532e-06
10,344,8.5000309102302e-06
10,435,-2.9010943915628836e-06
10,769,6.474835357388734e-06
10,775,6.898690094893865e-06
11,423,4.092332480934525e-06
11,434,1.162807345989737e-05
11,586,-1.813259087361815e-05
11,667,3.024086798652758e-05
11,679,-1.518666832911402e-05
11,820,-1.2642014724627308e-05
12,80,2.0095300947901663e-05
12,200,-7.70260782419367e-05
12,481,7.3425349961226e-05
12,515,5.627806289988191e-05
12,740,2.035487456780293e-05
12,827,-9.31275101348758e-05
13,25,1.1720496532113544e-05
13,172,-4.8077458702205635e-06
13,362,-4.400762091548069e-06
13,376,5.286465978370293e-06
13,401,-4.064342883053026e-06
13,812,-3.734111665662179e-06
14,171,1.8383347971530432e-05
14,198,-0.0001129913126047
14,443,-3.205013152974195e-05
14,559,3.3323286579051484e-05
14,609,7.339574336216217e-05
14,781,1.9939066221710068e-05
15,130,-6.378644056127561e-07
15,134,4.9312356857817336e-06
15,164,2.659694472817797e-06
15,173,-1.4610968486382168e-05
15,435,2.495783119457494e-05
15,509,-5.3684674346091245e-05
15,822,3.63847458849117e-05
16,27,3.796617914701756e-05
16,269,-8.757331882759152e-06
16,489,4.827814214677013e-05
16,774,-4.6851102988876456e-05
16,809,1.668851076770779e-05
16,819,-4.732439718985987e-05
17,63,7.010657249194375e-06
17,324,-1.5002923372095138e-05
17,499,2.006423349551596e-06
17,651,-3.3209450228105977e-06
17,755,3.489751201537254e-06
17,841,5.81703659462251e-06
18,69,3.049816829733617e-06
18,227,-1.385264217344308e-05
18,391,1.2461996048976584e-05
18,473,-1.1266329166611608e-05
18,526,1.44945733609384e-05
18,761,-4.8874148995939115e-06
19,67,-1.943927886130788e-05
19,125,-4.088807275218358e-05
19,230,2.0288020151906924e-05
19,501,2.911570071191099e-06
19,527,1.8423496152188663e-05
19,738,1.8704265238204775e-05
20,88,5.458427421209633e-07
20,179,1.94350721899914e-05
20,360,2.2032738911382637e-05
20,363,-5.84368053284633e-05
20,587,3.2510275854849e-05
20,669,-1.60871243698807e-05
21,86,-3.261215191598532e-06
21,269,-1.2329765519372386e-06
21,798,7.094293845663521e-05
21,809,-2.7606768412152284e-05
21,826,-3.707019122220481e-05
22,184,8.403272383224571e-07
22,335,-9.822280813204194e-06
22,342,1.2306878164242523e-06
22,722,7.751265758457485e-06
23,86,1.6805925237177417e-05
23,145,2.3779166696233095e-05
23,214,-2.0381223450147827e-05
23,366,-4.741491346823604e-05
23,566,1.8050841238491768e-06
24,111,-2.9161167914090893e-05
24,208,1.5815568249429374e-05
24,231,-9.178060923202676e-06
24,389,3.5536836518187476e-06
24,730,-3.099919224224421e-05
24,840,4.9969169178289666e-05
25,362,-1.287569033099102e-05
25,376,-1.334833316715304e-05
25,431,-1.2748400836604692e-05
25,559,6.601977238118229e-05
25,818,-1.532685151432e-05
26,264,1.6874102760735063e-05
26,395,-6.238255286520467e-05
26,521,-2.5716594989293304e-06
26,580,1.5754661426966134e-05
26,642,5.883576117801141e-06
26,823,2.644187205863166e-05
27,177,5.574966055278902e-05
27,561,-8.49194434786241e-06
27,685,-9.334770245735568e-05
27,809,6.789627381966723e-05
27,819,1.6159891579779405e-05
28,75,5.454099082958372e-05
28,210,0.0001238723826797
28,239,-1.4372379159418185e-05
28,444,-0.0001003723618401
28,492,-6.366863250984298e-05
29,83,5.236085323027292e-05
29,250,-3.0542646225438267e-05
29,570,-3.847859959986636e-06
29,815,-1.7970347044848018e-05
30,388,-4.661616305360168e-06
30,428,-2.5850095792586863e-06
30,709,-6.456041127294211e-06
30,723,3.748752155579748e-06
30,793,2.3654587279775826e-08
30,830,9.930260269053542e-06
31,47,7.269805975747962e-06
31,175,-1.338785036819311e-05
31,180,-3.601545930030653e-05
31,743,-3.061040612618407e-05
31,787,1.2523549201224717e-05
32,97,2.006861699774414e-05
32,113,9.201037861269066e-05
32,171,3.823344995400823e-05
32,766,-1.2986252270547348e-05
32,776,1.4549593272785674e-05
33,100,-9.205324644738964e-05
33,354,3.746045992547269e-05
33,571,-1.739160500727809e-05
33,656,3.768235783401727e-05
33,747,-1.7224968809515884e-05
33,796,5.152700250469366e-05
34,45,-3.279337590556566e-05
34,343,1.018563123337694e-05
34,383,1.0868238821728728e-05
34,442,-8.715483035230372e-06
34,607,-3.123794548002951e-05
34,711,5.169293436571988e-05
35,249,1.032573861578543e-05
35,304,2.715649781160366e-05
35,385,-2.7419575960891274e-07
35,430,-4.5517635373611056e-05
35,636,1.1598511140397269e-05
35,649,-3.28891643456639e-06
36,63,-5.025176721135796e-06
36,155,1.5658032013188817e-05
36,409,9.449401380734609e-06
36,468,1.0130703970936104e-05
36,590,-1.6911648690794177e-05
36,643,-1.3301311952929556e-05
37,55,3.894401444898198e-06
37,255,2.5237992249801315e-06
37,365,-6.10360415565929e-06
37,630,-9.747879475184572e-06
37,716,2.4868582730061992e-05
37,800,-1.5435299769096458e-05
38,103,1.633678930181209e-05
38,255,-2.247037433509853e-05
38,563,2.2452093701740277e-05
38,626,1.2186164546072766e-05
38,716,-5.884025451139297e-06
38,791,-2.2620647763387305e-05
39,41,-8.942324642975395e-05
39,53,-3.5894797146610404e-05
39,108,-2.1699133357658816e-05
39,181,7.494294255091068e-05
39,482,5.148062977660976e-05
39,719,2.0593604606502732e-05
40,97,2.410741528447573e-05
40,398,-1.1154012281083792e-05
40,583,-7.569015900063379e-07
40,612,8.246586513933858e-06
40,726,-2.044308792731946e-05
41,119,0.0001061299390519
41,181,-0.0001828431004247
41,333,4.539569729324148e-05
41,482,-4.570241047197854e-05
41,789,-1.240337187826696e-05
42,48,3.508446736450069e-05
42,245,0.0001551913505635
42,371,-0.0002126575993263
42,588,-4.518094304517206e-05
42,698,0.000191806321265
42,728,-0.0001242435968216
43,58,8.533292005364775e-05
43,78,1.4851768947445837e-05
43,217,-5.418585171390483e-05
43,228,-6.388453592752556e-05
43,375,1.3373961788641495e-05
43,782,4.511736851695313e-06
44,121,-3.957905799411903e-06
44,191,-6.504562009780223e-06
44,412,8.08433419546056e-06
44,569,1.251476809721941e-05
44,606,-7.169462083708833e-06
44,704,-2.96717239977901e-06
45,343,2.090788099810251e-05
45,346,5.162473102127562e-05
45,442,3.15679186749782e-05
45,463,-0.0002169448720575
45,765,8.005096545763438e-05
46,251,-3.9295320777538615e-06
46,317,-5.7800304741302855e-06
46,445,-5.253379106620142e-07
46,635,3.2462724632962e-06
46,763,6.988627999249961e-06
47,175,3.885774806923714e-05
47,180,5.375968739459921e-05
47,450,-1.0444528593905162e-06
47,659,-8.430317662869787e-05
48,371,6.723708898819414e-05
48,424,2.7798912190875597e-05
48,531,1.809184213581113e-05
48,538,2.0543227971021942e-05
48,698,-9.858660392140213e-05
49,115,-9.211989286034518e-06
49,373,1.1557854886210551e-05
49,381,-6.479009437571882e-06
49,651,9.81355946358279e-06
50,132,2.469234063792191e-05
50,211,-3.3133668941469515e-05
50,504,4.9306990132290846e-05
50,795,-4.289353612523661e-06
50,828,-3.657630821621958e-05
51,170,1.2317452829839738e-06
51,298,2.66906721390583e-05
51,418,5.086302993005952e-06
51,478,-1.421531246802348e-05
51,678,-9.193723805021832e-06
51,805,-9.599684142002914e-06
52,107,-3.8503034639415055e-05
52,334,5.258118332239118e-06
52,465,5.18380366519057e-06
52,741,2.8863493368205608e-05
52,754,-2.362819993893643e-07
52,833,-5.660987268308769e-07
53,108,9.11720041892295e-05
53,437,7.122757749635029e-05
53,482,2.0414644845819928e-05
53,607,-0.0002301970650744
53,711,1.1488041396422297e-05
54,250,3.632138881640917e-06
54,470,4.593806408298761e-05
54,504,-9.053085507686736e-05
54,570,4.303540292609505e-05
54,675,-1.3433081827635466e-05
54,795,1.1358331013779262e-05
55,76,-6.2035888497049126e-06
55,255,9.144275124584714e-06
55,365,8.80447428685826e-06
55,673,-1.78005568076325e-07
55,842,-7.67275354876354e-06
56,75,3.750117744688749e-05
56,151,-8.419077880884614e-05
56,210,9.486943666684204e-05
56,340,5.798396196108847e-06
56,345,-1.975064027877084e-05
56,677,-3.422759122222141e-05
57,99,5.40872259549864e-06
57,160,-6.992273292285485e-06
57,406,6.435776026850041e-06
57,456,-1.1004389342343328e-05
57,644,6.1521640122801295e-06
58,78,8.83621513358889e-06
58,217,0.0001222323106926
58,725,5.466419218670335e-06
58,733,-7.343440154345169e-06
58,797,-4.385858483691617e-05
59,216,3.6255563702207143e-06
59,462,-5.529134413352582e-06
59,638,2.6660464726659907e-05
59,724,-1.0264523403460117e-05
59,783,-3.04763741400824e-06
59,811,-1.1444725866059685e-05
60,102,3.7682790678857927e-06
60,464,-2.0287719851356465e-05
60,623,-3.8719995656012057e-07
60,720,7.658089921934496e-06
60,770,3.4782722713625565e-06
60,829,5.770278546733741e-06
61,126,-8.583321291079674e-06
61,248,1.5975633186496584e-05
61,322,-6.750814404645042e-06
61,410,-6.440253196173662e-06
61,757,5.798755705401794e-06
62,349,1.6529463623836422e-05
62,351,1.2848580724006327e-06
62,433,3.0731737082854293e-06
62,461,-7.492663321890703e-06
62,496,7.748554431452146e-06
62,554,-2.1143386514083926e-05
63,270,1.1159001642174074e-05
63,468,1.6918065879360682e-05
63,643,-2.5038531854555988e-05
63,755,2.609848964492376e-06
63,841,-3.6629041034125646e-06
64,154,2.2732582163203927e-05
64,237,-7.336431492216807e-06
64,256,-1.4594478214992007e-05
64,268,-1.833954833528319e-06
64,310,4.562844786916041e-06
64,319,-3.5305624093828335e-06
65,131,1.6473448146206047e-05
65,204,9.421967640425948e-06
65,494,9.451361244466837e-06
65,567,-3.386590494359714e-05
65,634,2.4949136583959726e-05
65,636,-2.643000867146142e-05
66,89,-2.3804332580137927e-05
66,241,1.4499360871955295e-05
66,467,1.1578606971395498e-05
66,568,-1.5384544880432075e-05
66,612,5.9862643979887256e-06
66,813,7.124645219230483e-06
67,94,-1.2661967169484982e-05
67,230,-1.7600677905510367e-05
67,303,0.0001094742604542
67,414,-8.666360897646568e-05
67,527,-1.1987285264095823e-05
68,190,1.338976382602179e-05
68,268,3.640016623151292e-05
68,358,-1.4283496296921335e-05
68,405,-1.3337973403112764e-05
68,603,-1.936029372921817e-05
68,749,-2.808166628282438e-06
69,290,-1.0438916070190066e-05
69,297,-2.5896879880927867e-05
69,473,1.1518183251280992e-05
69,526,1.721888016467756e-05
69,790,1.0648549364892995e-05
70,73,-1.926663379946461e-05
70,127,0.0001156213774473
70,225,-2.0725991950639025e-05
70,372,4.238013224081778e-06
70,411,-2.7486495109557377e-05
70,543,-5.238026981175317e-05
71,98,1.6221432462005313e-05
71,313,5.4798273204209885e-06
71,352,-2.1868166043942984e-05
71,386,9.902300373129392e-06
71,460,-8.034558782482387e-06
71,503,-1.7008353291303232e-06
72,387,-4.0894400203586665e-05
72,453,1.036762182798646e-05
72,663,-5.441876446483278e-07
72,673,1.3482119190322966e-05
72,686,-1.5365562506550385e-05
72,791,3.295440933647595e-05
73,127,-4.617428375683104e-05
73,157,1.0182514013759357e-05
73,411,1.0742685186454978e-05
73,488,-6.629030194569332e-06
73,687,1.261148095172142e-05
74,178,1.1240321807015103e-05
74,224,0.0001293608266312
74,666,1.1425675515294362e-05
74,803,-5.591931589457412e-05
74,840,-9.610750805898332e-05
75,93,0.00026345011909
75,210,-0.000177624342691
75,345,-5.9017347598517983e-05
75,444,6.523373947601316e-05
76,285,1.3775632065365036e-05
76,365,1.025436120142668e-05
76,413,-8.635105571223843e-06
76,631,-1.6321498415298273e-05
76,842,-5.2769781299745125e-06
77,381,-7.168663009840168e-07
77,432,8.29322291068062e-07
77,438,2.084442482160867e-05
77,560,-3.259401318835566e-05
77,598,1.953493720862709e-06
77,734,9.683638655800235e-06
78,375,-7.957052023214924e-06
78,541,2.350895166628158e-05
78,776,-2.952567248983408e-05
78,797,3.766175692780215e-05
79,161,4.415321633997699e-06
79,357,3.831614819154129e-05
79,421,0.0001065067354485
79,552,-5.631579118992062e-05
79,745,-4.6261514378280146e-05
79,746,-4.66608997058628e-05
80,213,-2.4206719781107904e-06
80,481,1.6473625219560968e-05
80,508,-1.2848630263051638e-05
80,740,2.2694152621451064e-05
81,129,-4.703011363563545e-06
81,199,-9.141510851110274e-06
81,277,7.748128064421692e-06
81,386,8.584566468112107e-06
81,466,2.8900120711633314e-06
81,706,-5.378184389023312e-06
82,107,2.0910985806355873e-05
82,439,8.54559105181652e-06
82,496,3.5355217732084603e-06
82,500,7.289909808096988e-06
82,542,-2.2768942784495017e-05
82,703,-1.7513065654982827e-05
83,429,4.078132912112711e-06
83,436,1.3213676345456051e-05
83,484,5.671078042441456e-05
83,570,-1.9418700746699703e-05
83,815,-2.223035705010695e-06
84,155,-2.646666627080971e-06
84,186,-7.992454884563669e-06
84,359,8.172447890042717e-06
84,408,1.9613509403176186e-06
84,468,-9.971145468395047e-06
84,718,1.0476468149679353e-05
85,182,2.7626370973070957e-05
85,267,-3.67311241572316e-05
85,370,2.9484160774124527e-05
85,697,-3.7224965836640234e-05
85,823,9.606083326524069e-06
86,269,-1.4695303017470555e-06
86,489,1.1227497833558924e-05
86,566,-2.028251457189894e-06
87,343,-1.5924305900546354e-05
87,383,-4.356711310885773e-06
87,597,6.573343228682705e-06
87,629,-1.228267196499755e-05
87,739,-2.377762747177289e-07
87,771,2.62281222224647e-05
88,177,-2.3649273548406396e-05
88,185,1.7107193992754393e-05
88,360,1.846650265738381e-05
88,363,2.7810947729018696e-05
88,819,-3.918952808862954e-05
89,108,-2.50721292071913e-05
89,467,-3.081505570605962e-06
89,715,2.283024769593737e-05
89,719,-4.616943708059734e-06
89,813,-1.3864001790218298e-05
90,518,-1.3210014228514414e-05
90,565,8.335718741312967e-06
90,705,5.1739253189463455e-05
90,786,1.5201526184154884e-05
90,837,-1.113398720990443e-07
90,843,-6.195514401431784e-05
91,121,-2.660358973933052e-06
91,307,2.2742586964524957e-06
91,344,-1.247679074498244e-05
91,509,1.0598958888577863e-05
91,769,-1.0424160864516522e-05
91,779,1.2688092998401654e-05
92,330,-1.188622926323245e-06
92,336,-2.409494590401156e-06
92,562,1.2326522849895829e-06
92,708,3.481631797411828e-06
92,736,5.516205567250267e-07
92,835,-1.6677871224020366e-06
93,208,8.102773971064412e-05
93,238,2.179999634737803e-05
93,345,5.082808056214331e-05
93,389,2.279840735454168e-05
93,444,8.699589511530444e-05
94,278,-2.6260048981797835e-05
94,379,2.1187966986809797e-05
94,414,-4.4308824890688914e-07
94,517,-1.4215942612862045e-05
94,527,7.069145687271989e-06
95,305,2.3509221092544617e-06
95,385,-2.615364273534135e-05
95,545,1.2144899098379064e-05
95,621,1.6996553015948743e-05
95,670,-2.4352445845628215e-05
95,811,1.90137143573873e-05
96,180,-3.092906320705819e-05
96,241,-2.151065493179581e-05
96,471,-1.1733056938531124e-05
96,568,-2.3893236967928336e-06
96,743,4.6430044565807195e-05
96,817,2.013205420837076e-05
97,398,1.2879091362937028e-05
97,471,1.3864946232393277e-05
97,726,3.752371014424155e-05
97,766,-1.4801294544556804e-05
97,776,-5.2904209127951766e-06
98,313,-6.548498349159003e-06
98,356,2.6625577409239193e-05
98,386,-4.420642148101628e-06
98,466,4.149314065811461e-06
98,511,-3.584318515784709e-06
99,104,4.342282569551302e-06
99,141,-1.0701185041668255e-05
99,406,5.30669202335717e-06
99,456,9.498384516456308e-06
99,709,3.927920017533052e-06
99,822,-1.0560088943707478e-05
99,830,3.5947174539765445e-06
100,354,6.961805279095231e-05
100,455,6.228137085916176e-05
100,486,-4.1206358488661457e-05
100,620,-0.0004638946253752
100,622,1.213864814822354e-05
100,729,0.0001697752511503
100,747,9.923441446787428e-05
101,133,-5.087583292306499e-05
101,309,1.7583790474987927e-05
101,379,-2.1353653164691384e-05
101,451,-9.370310833106296e-06
101,654,4.1121020700481586e-05
101,810,2.2894985745393164e-05
102,118,1.06927153001458e-05
102,120,-9.96669027848058e-06
102,464,4.501451011744027e-06
102,567,5.715111621060602e-06
102,770,-7.174308586584057e-06
103,264,-1.0872696904790265e-06
103,395,4.5302600649767575e-05
103,626,-7.795418255071638e-07
103,716,-1.7257735329754377e-05
103,735,-9.84126450221492e-06
104,308,1.1674815100935903e-05
104,435,9.682045051871111e-06
104,723,6.914565766138402e-06
104,822,-2.689975732839474e-05
104,830,2.9706139790006225e-06
105,254,3.7800764003332025e-05
105,335,-4.156148251497038e-05
105,337,-2.7601818368755143e-05
105,519,-3.9083323725748775e-05
105,665,7.044586060614228e-05
106,152,-9.981915123921248e-06
106,212,1.7857015120468444e-05
106,258,-2.181045320123046e-06
106,388,2.558738902991349e-06
106,537,-3.732830780582997e-06
106,792,-4.519962798832504e-06
107,465,-1.114541507957751e-05
107,542,1.0211875790786153e-06
107,703,-1.5780560417182348e-05
107,741,8.31273908462206e-06
108,437,6.495067311791283e-05
108,715,-8.528187532762142e-05
108,719,6.473194383408798e-05
109,223,1.6515899607408258e-05
109,299,-2.692476269521835e-05
109,441,-2.2664789153994327e-05
109,518,4.228089803176073e-07
109,608,3.0429933813850515e-05
109,837,2.220909447636298e-06
110,257,-7.945307402868591e-06
110,458,-1.1857309724331708e-05
110,621,2.2566648068022973e-06
110,680,4.9807293009420315e-06
110,724,6.638979632121045e-06
110,839,5.9262433873349245e-06
111,614,-4.8585206308573486e-05
111,689,3.838055383305478e-06
111,730,-5.259954063265722e-06
111,803,-1.1159065044495038e-05
111,840,3.2005002118937874e-05
112,200,-2.798478877601803e-05
112,403,-3.067545642871961e-05
112,417,0.0001163208665556
112,481,-4.360803157975961e-05
112,525,1.7500647606653245e-05
112,753,-3.155323737784363e-05
113,201,7.113238018432652e-05
113,732,2.3972347823474775e-05
113,737,1.0813053503684393e-05
113,766,6.155304601113228e-05
114,243,1.1029089947040422e-06
114,326,5.662097599318148e-06
114,539,-1.54447842001935e-05
114,589,-1.2097894512056252e-05
114,619,1.2652582485109422e-05
114,704,8.125089633118142e-06
115,282,-3.386517440767457e-06
115,651,1.5285896467250914e-05
115,841,-1.5671672907184695e-05
116,240,-5.8199030455724425e-06
116,352,-6.094988279979852e-07
116,460,2.7981999658388527e-06
116,530,2.343241035087303e-06
116,576,2.199899291651076e-05
116,808,-2.0711032043866487e-05
117,150,-2.1299706124602997e-05
117,302,-2.7651569628377843e-05
117,457,-1.0838213914135598e-05
117,489,-2.8752088856980068e-05
117,774,7.495643532449561e-05
117,804,1.35851431996009e-05
118,131,-1.2724855037889662e-05
118,140,2.3909935068423005e-05
118,167,-5.76935110919664e-06
118,464,1.3495839075585412e-05
118,567,-8.218852696776315e-06
119,333,5.777356997204512e-05
119,426,2.587977755919642e-05
119,516,-7.974983455158593e-05
119,534,5.312697262646008e-05
119,789,4.9099453445880615e-05
120,425,1.8337697923039104e-06
120,494,9.561479287233435e-06
120,567,1.0235434966294847e-05
120,601,-8.225743341175787e-06
120,770,-2.3371630983136987e-05
121,307,1.0376288364148136e-05
121,344,-6.485432142750256e-06
121,569,-6.379428318089761e-07
121,606,-9.871178162933858e-06
122,130,6.6517285136815885e-06
122,446,-1.597535924738431e-05
122,519,2.7291655105356182e-05
122,633,6.646837531472267e-05
122,721,-8.443639968637613e-05
123,179,-1.4363429718761693e-05
123,357,-3.2882058590223454e-05
123,488,7.035752004374039e-06
123,574,5.241079386753083e-06
123,669,6.498665565202922e-06
123,687,2.8469991352655106e-05
124,237,2.1081475098897883e-05
124,256,1.231588689721606e-05
124,664,-2.4368575729087703e-05
124,676,-7.818629265914318e-06
124,684,-5.34296049141354e-06
124,751,4.132803490301617e-06
125,527,3.672172774829315e-05
125,571,-5.2088005508551006e-05
125,738,-1.9083867362177477e-05
125,796,-2.8296843648572553e-05
125,821,2.1858916018824303e-05
126,248,3.141069090935545e-05
126,251,-4.5058826136759576e-06
126,354,-8.17611828185987e-06
126,410,-1.3957187975446203e-05
126,582,-4.4427778900689945e-05
126,635,3.107295557123686e-05
127,161,2.4935697098593637e-05
127,372,7.012372157422375e-05
127,544,-7.904186050035083e-06
127,687,-1.7708138932280936e-05
128,219,-9.301381683125526e-06
128,250,-1.0649665557001602e-05
128,300,3.173245975415051e-05
128,328,2.4803961492183105e-05
128,447,-1.3261001939982314e-05
128,492,1.0279256889787716e-05
128,666,-3.360362895601189e-05
129,199,-1.4590939323569469e-05
129,229,1.1472931200968238e-05
129,277,1.8306564285102352e-05
129,311,-1.2328107209922792e-05
129,491,-7.563460316141875e-06
130,173,-5.189829629042234e-05
130,314,-8.243072523681299e-06
130,519,1.022751308683159e-06
130,700,4.576729114373858e-06
130,721,5.420519145477448e-05
130,822,6.3505610443409735e-06
131,167,-2.2812755818990983e-06
131,304,-1.4542820528741195e-05
131,567,1.27670416955181e-05
131,636,7.80564752343858e-06
132,211,-1.5981846211738493e-05
132,213,-2.1854880866402417e-05
132,316,-2.3359620660147383e-05
132,508,0.0001032297510613
132,828,-1.734106268512709e-05
133,379,2.811757081628709e-05
133,414,-3.730874512202623e-05
133,451,7.190677018099152e-07
133,585,-2.176284470564824e-05
133,595,-2.0640881613487528e-05
134,164,2.5406230126129985e-06
134,509,-1.173776931525461e-05
134,779,1.4128381988423346e-05
135,174,-2.1295683400673052e-05
135,195,5.169538422237477e-06
135,404,-2.8639206373968863e-05
135,407,4.185524781365075e-05
135,617,2.0461151397232647e-05
135,799,-1.7551047858478958e-05
136,261,-0.0001463057122325
136,273,9.131117364977525e-06
136,278,4.3678899171588895e-05
136,517,0.0001199737303954
136,762,-5.363871365607253e-05
136,784,2.716067895669404e-05
137,168,-3.778899784382368e-06
137,169,-1.2776555983860148e-05
137,174,6.826655118323988e-06
137,404,1.1337251538901663e-05
137,596,-1.2155374132996388e-05
137,701,1.0546923244013252e-05
138,205,6.706107256841276e-05
138,261,-0.0002457900533256
138,332,1.5559731303094593e-05
138,624,4.277502675308475e-05
138,660,6.442986285364939e-05
138,784,5.5964359847439926e-05
139,384,3.481645075499289e-05
139,399,-2.2841621094856325e-06
139,403,3.623903184842802e-05
139,547,-0.0001154559777785
139,731,2.6674392142052387e-05
139,753,2.0010265142563212e-05
140,167,-1.221971220786648e-05
140,227,2.05687066423543e-05
140,391,-2.1411107840794375e-05
140,464,1.6052456388808054e-05
140,593,2.0919592085921504e-05
141,188,6.2142040251340746e-06
141,406,-1.0335192436298962e-05
141,553,-8.5328197243208e-06
141,709,1.9526230938174304e-06
142,170,8.190613481441494e-06
142,229,-9.008998602565702e-06
142,400,1.1645533388326836e-05
142,418,-9.37808913701434e-06
142,522,-4.948526808690252e-06
142,646,3.4994676785019653e-06
143,148,-4.086321768561242e-05
143,187,0.0001531470086657
143,453,-2.964104948601268e-05
143,536,0.00016987461938
143,563,-0.0001377293556915
143,591,-0.0001147880051826
144,215,-1.0912959285833763e-05
144,218,1.57604498002124e-05
144,348,-5.644058117586876e-06
144,605,-6.217031493952281e-06
144,695,7.881012843077379e-06
145,366,-2.7417324932690236e-05
145,502,8.196429490335865e-05
145,524,-0.0001125312098137
145,748,0.0001250685873293
146,228,-7.041954565524605e-05
146,267,-0.0001183066189531
146,397,7.69794766776157e-06
146,580,0.0001253624647025
146,764,5.4430678973941306e-05
146,782,1.2350732641776404e-06
147,195,-1.7012911193366832e-05
147,338,7.994918949723559e-06
147,374,-3.4021153451027647e-06
147,404,9.573817751633306e-06
147,596,2.671166850732153e-06
147,645,1.7512298638057826e-07
148,563,-3.704962738167213e-06
148,591,2.308759259301053e-06
148,626,-1.124283251954962e-05
148,641,-1.7380100247424727e-05
148,816,-1.0844081439771911e-05
149,260,-2.5063795167531416e-05
149,306,-2.612334324184902e-05
149,408,-1.1084209692451031e-05
149,613,-5.529661497679706e-06
149,713,0.0001063759278489
149,718,-3.857491824948755e-05
150,302,-2.1556192904157537e-05
150,454,-3.0148877013167828e-05
150,457,2.838497124199899e-05
150,597,-4.039487022448581e-06
150,611,3.4930761054784344e-05
150,739,-2.3887878111171555e-06
150,824,-2.648209367049524e-05
151,340,1.6347160840829856e-05
151,507,2.5977233732566205e-05
151,609,-7.411799170806816e-06
151,613,-0.0001781660292971
151,677,5.906265508570057e-05
152,440,2.9644979816923143e-06
152,532,-1.019293901868988e-05
152,537,-2.8798720457551844e-06
152,750,-5.2109815912321645e-06
152,792,5.337379550063667e-06
153,236,-1.3122522347095218e-05
153,331,-0.0001055777368784
153,341,3.0314231445925804e-06
153,480,-2.499142096234743e-06
153,650,6.5736987631272024e-06
153,690,0.000111594279414
154,268,-1.778937063984663e-05
154,319,-6.948725696423312e-06
154,405,7.411122146184525e-06
154,470,9.717281046648263e-06
154,657,3.034227530664108e-05
155,289,3.2806017527991256e-06
155,359,3.398440435527184e-05
155,409,-1.6085931652741424e-05
155,468,-8.167709069221695e-06
156,358,4.329762067843907e-05
156,405,1.9500019015220808e-05
156,436,-4.623377518352893e-05
156,484,2.764233585902335e-05
156,657,-4.4206200369154296e-05
157,293,-4.224651961334036e-06
157,327,-1.0428559535170498e-05
157,390,-4.675919294432243e-06
157,411,1.4819287120661536e-05
157,488,1.4692357684034597e-05
158,339,-1.7078157242972266e-05
158,501,-2.140624705140382e-05
158,664,2.429137840057481e-05
158,676,2.4056683568926833e-05
158,702,1.951023105363348e-05
158,747,-2.937388872875903e-05
159,162,3.206333305225507e-05
159,323,5.279176306180214e-06
159,334,-2.097820181302511e-05
159,368,5.9562383590813556e-06
159,594,-2.4780668210192192e-05
159,602,1.802322916790453e-05
159,814,-4.2423691076887e-06
159,829,-1.132073775451516e-05
160,330,-1.5228955076902356e-05
160,336,8.41273366645513e-06
160,456,-3.7275964059361697e-07
160,644,1.652524321250931e-05
160,707,-1.6328535453753954e-05
161,357,6.003520858158411e-06
161,544,4.827942382205481e-06
161,687,-2.0175763916419023e-05
161,745,3.8695319408646465e-05
162,601,1.30502994008151e-05
162,602,-9.319340486285972e-06
162,770,2.8915428692714604e-05
162,829,-5.830545549886641e-07
163,216,1.1388693953514071e-06
163,320,-3.82280552005966e-06
163,637,1.512423160527484e-06
163,650,-9.582921256132524e-06
163,778,1.0309093282786564e-05
163,783,4.4534093752672866e-07
164,173,-6.613810165050904e-05
164,573,6.758806179533932e-05
164,779,3.75035734060053e-06
165,224,-0.0001326345667498
165,367,2.801422681918153e-05
165,448,2.0296372978363777e-05
165,614,3.663044960790294e-05
165,803,4.769351734435426e-05
166,221,5.571386560181466e-06
166,315,8.773903279710339e-07
166,640,-1.096445830536668e-05
166,658,-2.739562887288987e-06
166,662,3.464239196342752e-06
166,717,3.7910051081604137e-06
167,304,8.559521775438066e-07
167,391,-9.897895814451891e-07
167,415,-2.0136501495060836e-05
168,169,-2.4503431202686803e-06
168,174,1.7212843703466802e-06
168,425,-3.0578817010933155e-06
168,494,-7.222090661902879e-08
168,634,8.026157325197636e-08
169,425,-4.961021241092349e-07
169,452,5.806501461838259e-06
169,701,-1.4097477638344794e-05
169,767,-6.439820803513059e-06
170,298,8.745388552018585e-06
170,350,1.7083260048241864e-05
170,400,1.045801138114406e-06
170,418,-1.745209097394939e-05
171,375,1.5414711863615525e-06
171,397,1.5532604469479096e-05
171,609,3.8709426941238166e-05
171,776,7.824973469510485e-06
171,781,-1.7689182806978444e-05
172,186,1.0535136270701198e-05
172,270,-7.051958267693255e-06
172,401,-7.1585086380838016e-06
172,755,-6.081905105791902e-06
172,812,4.949489870647196e-06
173,573,-0.0001818294829649
173,700,4.9182116537622066e-05
174,404,-1.7490650603041002e-05
174,617,1.639791001962862e-05
174,634,-1.1655003328590004e-05
175,417,0.0002139838345699
175,547,-0.0001467641328587
175,659,-6.056875580026885e-05
175,787,1.8818951790103636e-05
176,272,1.848483735540318e-05
176,441,-5.244374489381318e-05
176,698,-3.075315476689188e-05
176,728,5.8539075402711686e-05
176,837,3.3598686218807844e-05
176,843,-2.742569931621765e-05
177,363,-1.0981827499899138e-06
177,493,2.5841357608722147e-05
177,561,7.014130574608052e-05
177,819,-6.278409360043013e-05
178,238,1.2905184534888766e-06
178,389,-2.82566486950918e-05
178,666,-4.710407127878301e-06
178,840,4.2916859176496327e-05
179,252,2.3030706483469143e-05
179,574,1.4438413532695767e-05
179,587,-1.585992754919814e-05
179,669,-1.6537549995737065e-05
180,450,-2.06473451022908e-05
180,743,2.147043734672746e-05
180,817,-1.4007927357202168e-05
181,719,-3.518003611204399e-05
181,789,-3.176843488363176e-05
181,817,-4.09516868781598e-05
182,207,4.555292029935272e-05
182,576,2.001463902673058e-05
182,697,-6.137804326530985e-05
182,808,4.154896051736023e-05
183,226,4.115433172024921e-05
183,236,-6.206873587226543e-05
183,298,4.1742608227898705e-06
183,678,-3.323042512663176e-05
183,777,8.611355225813505e-05
183,832,-3.614298380227694e-05
184,334,-7.351984699724976e-07
184,335,1.04355741744647e-05
184,342,-6.965921412650164e-06
184,653,-5.880618998105876e-06
184,814,2.045649437319152e-05
184,833,-1.6470002428605226e-05
185,360,1.0587306947727556e-05
185,459,3.1287691139454357e-05
185,632,2.6011991899232257e-05
185,774,7.479173198270071e-05
185,819,-0.0001255715279763
186,270,-5.5309913193200984e-06
186,468,-8.85011801721372e-06
186,718,1.0013275247103268e-05
186,812,6.91051547556808e-06
187,287,4.248381824906121e-05
187,449,2.3174423508796383e-06
187,536,-5.441256782680396e-06
187,591,7.581921286198119e-05
187,694,3.796779198650048e-05
188,428,1.2212408426386664e-05
188,553,-2.2515619004936729e-07
188,693,6.246759435271296e-07
188,709,5.661671975533093e-06
188,825,-1.2059396130263446e-05
189,246,6.719673824212373e-05
189,297,9.294480981096707e-05
189,440,-4.262341372989383e-05
189,469,-9.304936921072628e-05
189,477,-6.826743648058003e-05
189,790,4.379867136810936e-05
190,358,4.701888880671292e-06
190,498,-1.1158902929725745e-05
190,652,3.0786762958729546e-05
190,749,-1.0939985083653303e-05
191,194,-3.036610824519656e-05
191,243,-1.7761098264932613e-05
191,265,2.6543935925037723e-05
191,606,6.092485282154598e-06
191,704,8.986223293156628e-06
192,202,-4.3572984589139205e-06
192,292,5.5615068138179874e-05
192,608,1.7791601014385105e-06
192,622,3.490713478007884e-05
192,635,-3.609594191080277e-05
192,729,-5.184812264998053e-05
193,283,-1.9521133505752343e-06
193,312,-2.6667010293338306e-05
193,572,3.205519663935637e-05
193,600,1.026809725249053e-05
193,604,1.6734599084565287e-05
193,668,-3.043876933249865e-05
194,265,4.4986450206617435e-07
194,606,5.684008369696666e-06
194,699,-7.441977424087564e-05
194,758,1.2999793135258386e-05
194,775,2.4919999988657855e-05
195,394,-1.84443592967289e-05
195,404,2.131772650548667e-05
195,645,-1.7912243220448638e-06
195,799,-1.292551565784226e-05
196,207,2.883694503490839e-05
196,240,2.302797690390791e-06
196,576,2.6937888926181365e-05
196,592,-2.027242351705423e-05
196,725,-1.990892167152818e-06
196,765,-3.5814315967273504e-05
197,243,1.861480901028911e-05
197,259,1.232970523015338e-05
197,265,-5.087747410914006e-05
197,321,1.0897709557241663e-05
197,402,-9.359246143011046e-06
197,589,1.8394496454466943e-05
198,260,0.0001669780297569
198,376,-0.000129358591357
198,559,-0.0001619446209136
198,609,-0.0001920992530428
198,613,0.0002034331229518
199,311,-3.085799791344455e-07
199,325,-1.1801077217808053e-05
199,581,-7.900690024424944e-06
199,706,-3.722102953312301e-06
200,393,-3.627318174552604e-05
200,403,-2.687439720066823e-05
200,481,-2.7873552599427215e-05
200,515,-1.398973547233324e-05
201,279,2.186169980230768e-05
201,505,-6.556739572375307e-05
201,639,6.044630923166561e-05
201,732,-1.1487889089624751e-05
201,737,6.587965596373104e-05
202,275,6.8088272626482495e-06
202,292,-1.822560729333857e-05
202,300,-1.932899139692941e-05
202,429,1.1123696899438158e-05
202,447,1.526477606926765e-05
203,209,3.0363092898147773e-06
203,252,-2.649758163777901e-06
203,293,-1.6258559257417163e-06
203,472,2.2026852133927875e-06
203,574,-5.714575660862599e-06
203,696,4.751195247174652e-06
204,549,3.75353850116155e-05
204,617,1.8780809720114885e-05
204,634,-5.8667054324233194e-06
204,636,-1.6092940854088128e-05
204,649,-2.493458080479299e-05
205,261,0.0001170822783009
205,571,2.542604959240412e-05
205,624,-5.652577709639962e-05
205,656,-2.9788739154503792e-05
205,821,1.086726092597881e-05
206,483,-1.02624538642084e-05
206,543,2.0539754225450975e-05
206,628,-8.658495836575544e-06
206,681,1.4661698421691851e-05
206,707,6.729663557359771e-06
206,760,-2.3010166503718655e-05
207,217,0.0001062089856459
207,576,-2.6360209244853905e-05
207,697,-4.9640250615189936e-05
207,725,4.418133954837778e-05
208,231,4.872286588685387e-06
208,306,5.148163182252986e-06
208,340,-6.375754204312277e-07
208,345,3.65966966468526e-05
208,389,-8.843482251985544e-06
208,713,5.970721921469929e-05
209,233,-1.3649125041031448e-06
209,252,6.4760068818199535e-06
209,506,5.126181105979265e-06
209,696,3.227354103111743e-07
209,772,-7.52370160419247e-06
210,239,1.7677630740579036e-05
210,279,2.294027149751208e-05
210,677,4.995744175022076e-07
211,219,-2.4987361106487428e-05
211,316,-4.4853267876834835e-06
211,328,4.189986578756851e-05
211,380,-4.722018240843826e-05
211,504,2.8387035869971216e-05
211,743,-4.270954650813856e-05
212,258,-4.841607800740825e-06
212,388,-1.1761065382329208e-05
212,699,4.7971676927110264e-05
212,758,-6.840671126623698e-06
212,793,-6.671317496948089e-06
213,316,1.3532367838280143e-05
213,508,-3.994451889150776e-05
214,366,-3.212882372642849e-05
214,396,1.9983701007561395e-05
214,566,2.5091972903602903e-05
214,575,-5.0521892944000845e-05
214,807,1.719381930911721e-05
215,257,4.818965301365371e-06
215,348,-7.248864463772886e-07
215,458,-4.104571736396325e-06
215,605,3.4170167855250756e-06
215,625,-1.43194831899506e-05
216,341,-8.425544806221897e-06
216,638,2.1695459814554963e-05
216,650,-2.9921238625033104e-06
216,783,-5.513365380257635e-06
217,228,0.0001700939196967
217,697,6.637451569120202e-05
217,725,-6.221299076326434e-05
218,348,-4.915367203066852e-06
218,532,1.2858837708542063e-05
218,556,2.870353788351484e-07
218,695,-4.1799155105568523e-07
218,750,7.947935466957725e-06
219,328,3.0381752721339028e-05
219,471,7.189467756666356e-06
219,492,1.692876261947751e-05
219,505,-7.093089373966034e-05
219,732,3.653073758765968e-07
219,743,-1.8223139523312112e-05
220,244,6.207835013599975e-06
220,253,-1.8183698769615763e-05
220,392,-3.02922808400194e-05
220,427,9.861445616940462e-06
220,432,6.172017398991808e-06
220,560,2.060221791083139e-05
221,242,1.9219724950154764e-06
221,294,-1.3801865146300654e-06
221,640,6.266002999409312e-08
221,662,8.42010282832206e-08
221,691,4.882739521518741e-06
222,266,-6.32702285691796e-06
222,413,1.1071520739925657e-05
222,598,-9.785649056797446e-06
222,663,2.5618967255393413e-06
222,780,-7.736453799726768e-07
222,842,3.2528998282230844e-06
223,317,1.904339721185228e-05
223,518,1.1884143423471669e-05
223,608,-2.2574868915097884e-05
223,786,8.163227887182198e-06
224,448,-2.6503393249234595e-05
224,666,-2.119900506845137e-06
224,803,2.534955363752522e-05
225,411,3.3382204083462992e-06
225,543,-1.0048970176321004e-05
225,681,-6.477752665760547e-06
225,835,-1.2167642816954269e-05
226,287,-3.686179575314941e-05
226,298,-6.139708523503968e-05
226,350,-4.942903909864588e-05
226,694,-6.168915007482998e-05
226,777,0.0002505314018819
227,391,-4.895368270220234e-06
227,473,-6.820149252993949e-06
227,500,1.959479874970813e-05
227,593,-1.1632167575827238e-06
228,267,-9.127659577246988e-05
228,697,9.25944829450161e-05
228,782,3.447195094141669e-05
229,277,8.4619503967759e-08
229,418,-2.350944637566082e-06
229,491,-5.448665387741046e-06
229,522,1.0178923119741903e-05
230,303,-6.924753907426481e-06
230,501,-7.314189465735843e-06
230,664,7.463313068217705e-06
230,751,9.462972551341176e-06
231,306,-4.943845696490772e-06
231,359,2.4179115247673463e-06
231,408,-6.847354285772534e-06
231,730,5.06751412297867e-06
232,274,1.1849244869944737e-05
232,335,1.6360342143428287e-05
232,533,-2.699125382566877e-05
232,615,-5.305474254273999e-07
232,722,-1.15632901417566e-05
232,785,-1.477112178966975e-06
232,834,1.235261655844672e-05
233,377,2.6469213585388254e-06
233,506,-1.538044152707272e-06
233,510,9.50229080342096e-06
233,696,-7.188385788664791e-06
233,778,-4.787694724690868e-06
234,247,-6.151710777887925e-06
234,348,6.540120283811952e-06
234,416,-5.31848373615998e-06
234,487,-1.2905389399681634e-05
234,556,1.0161453990755674e-05
234,625,7.674009639161913e-06
235,407,3.4058449450491776e-05
235,535,8.661651036479123e-05
235,690,-2.822573532070376e-05
235,799,-5.582713663544224e-06
235,832,-1.1123836297913348e-05
236,480,4.874877874202056e-05
236,678,5.0653367037228394e-05
236,690,-0.0001602336491262
236,832,-1.435975487240108e-05
237,256,1.7441666981863984e-05
237,268,1.1160809350890962e-05
237,603,3.2562716815678243e-06
237,676,-1.8113704407641697e-05
238,389,-1.923853568443645e-06
238,444,-2.3461476593529606e-05
238,492,1.707973668498972e-06
238,666,4.676787129434119e-05
239,279,1.1321848301914366e-05
239,492,-3.831295936906452e-05
239,639,3.0296362648311008e-05
240,346,-9.760184732944572e-06
240,352,2.3479595246198045e-05
240,576,-2.743839284042313e-06
240,765,-1.449267658439281e-05
241,398,-4.3016708079995987e-05
241,471,3.240172139310274e-05
241,568,8.72504173615149e-06
241,612,-5.12134910909876e-06
242,294,2.134686272755916e-05
242,392,1.243218298223206e-05
242,691,-4.920814495308642e-06
242,814,-2.6936258719467105e-05
243,265,1.8770108602819485e-06
243,589,-6.130849523197025e-06
243,704,6.210458402975616e-06
244,427,4.45035552496907e-06
244,560,1.685994556139372e-05
244,662,-6.21608193020475e-07
244,717,-6.1905622980883336e-06
244,734,-8.290295581654005e-06
245,371,0.0001151459633344
245,493,1.1809762235943466e-05
245,552,2.865373750022053e-05
245,561,6.561730161433222e-06
245,588,-6.979842668497903e-06
246,347,1.820879008303079e-05
246,440,3.490440597401644e-06
246,469,2.7172364501921705e-05
246,540,1.0019096566572338e-05
246,792,8.30604649319725e-06
247,305,-1.6256857265682867e-05
247,318,-3.922013342362995e-06
247,487,-5.155006926470289e-06
247,545,-2.725794262852664e-06
247,625,2.190796101948089e-05
248,251,1.7360536489893565e-06
248,445,1.3226555276897466e-05
248,757,3.242371516996521e-05
249,304,1.0199853974544076e-05
249,305,2.474175275510025e-06
249,318,6.61372511307863e-06
249,385,-2.727131189648847e-05
249,415,1.830929614914117e-05
250,328,4.2147746463128066e-05
250,447,2.9309837158915385e-06
250,504,-8.85268181808166e-05
250,570,-8.057205794043137e-06
250,815,1.394512089504117e-05
251,445,3.670713634298761e-05
251,635,-4.340649738542808e-05
252,574,4.227386655917901e-06
252,587,1.487797755172388e-05
252,772,7.751590993869417e-06
253,335,-3.3803025301077566e-05
253,367,-1.7705542287424466e-05
253,392,-3.8622566291225965e-05
253,419,-1.0044574745285382e-05
253,548,1.664285180411259e-05
253,579,1.1159304166317033e-05
253,590,2.7079080360277416e-05
253,674,-1.4390826746611564e-05
253,788,3.135825371723328e-05
254,337,3.569095508689419e-05
254,519,2.1098089164378418e-06
255,673,-3.003453624123874e-05
255,716,1.986846091864428e-05
255,791,-6.362246629392247e-07
256,310,1.1454852476672383e-05
256,684,2.8008458405806553e-05
256,827,-2.4300235218390905e-05
257,458,-1.3442965721305329e-05
257,605,2.1374625471348884e-06
257,736,5.878812448472383e-06
257,839,2.3003486241948354e-06
258,402,3.802445597451829e-07
258,540,-5.898220454594172e-07
258,758,-2.5199539166970104e-06
258,792,-4.293121718452626e-06
259,321,8.328264248345121e-07
259,347,6.061353461789333e-06
259,361,-7.46537350236071e-06
259,402,1.1407310953329323e-05
259,540,1.4935878925609206e-06
260,376,0.0001621155783916
260,613,-3.862402241394853e-05
260,718,9.59156794758768e-06
260,812,8.831110664146016e-06
261,517,-0.0001994911675016
261,784,-3.696009893465333e-06
261,821,-7.182630986227068e-05
262,274,-2.0639722199607243e-05
262,342,-1.4779204723612413e-07
262,653,1.371391100475246e-05
262,671,1.0439128963096984e-05
262,759,3.998843305207903e-06
262,773,-7.364369026213978e-06
263,333,-4.896049555082917e-05
263,369,-5.418845454838769e-06
263,420,-1.418463762498616e-05
263,516,8.184076372584616e-05
263,604,-1.3815108176265204e-05
263,629,5.383230810731394e-07
264,370,-1.2358932491577274e-05
264,395,3.4867835483220425e-05
264,735,-7.026553473851423e-06
264,823,3.0448355246430773e-07
265,402,-8.55294755284395e-06
265,758,-1.3453715268910258e-05
266,315,-9.400146722228698e-07
266,378,-4.803409596020866e-06
266,663,6.622239291783415e-06
266,686,-6.47240683297657e-06
266,780,-7.334310474810691e-07
267,580,-0.0001748396950984
267,697,-1.0725738919078095e-05
267,823,-6.0748904865347834e-05
268,405,1.017144632643578e-05
268,603,1.7766203782593155e-05
269,489,8.190663215111686e-06
269,809,-1.9650501951555133e-05
270,468,-5.979729546632286e-08
270,755,-1.3641506493729569e-06
271,287,2.2214204871997786e-06
271,329,-5.41389331077298e-06
271,350,2.349178718240389e-06
271,400,-1.244802033078944e-05
271,591,1.3788649111046344e-05
271,816,-4.973346749240914e-07
272,276,3.646160730497289e-05
272,523,-3.993280632028411e-05
272,546,9.111997707271337e-05
272,728,5.796794750016796e-05
272,843,-0.0001271318882021
273,278,2.853106495603763e-05
273,286,1.6679534713517043e-05
273,550,-9.27099597977268e-06
273,654,5.305691542639306e-06
273,762,-3.211417786744378e-05
274,342,-2.2549102995827047e-05
274,615,-2.8870732584736024e-06
274,722,6.068932254846315e-06
274,759,1.0576766669791829e-05
275,429,5.834500313359671e-06
275,447,-4.237359484816588e-06
275,815,5.211686434105168e-06
276,523,0.0001315425810271
276,546,-2.572578857766625e-05
276,727,-1.0267349536127772e-05
276,798,-6.806525918000644e-05
276,826,8.977423571663725e-06
277,386,1.8041817004543102e-05
277,503,4.813422725568189e-06
277,522,3.284072123380508e-06
278,379,1.28989231675349e-05
278,517,5.474130475861645e-05
278,654,-2.1690312780322656e-05
279,639,3.952883238218684e-05
279,677,-1.2114855018917083e-05
279,737,2.8709842238464368e-05
280,291,-2.0408770796012966e-06
280,301,2.495883421112483e-06
280,531,1.016674183020471e-06
280,608,-1.4905307698656651e-05
280,794,1.3433627174124992e-05
281,295,-9.183592246005127e-05
281,533,-5.629234173123258e-05
281,619,-0.0001303610311387
281,710,-4.346173110947947e-05
281,712,0.0003219510264395
282,548,-2.871495034364549e-05
282,643,2.299712811099975e-05
282,841,-1.8783037746943767e-05
283,399,-1.9062097749018164e-05
283,426,-2.9507429396007453e-05
283,516,-9.071308147662152e-07
283,604,2.465055644015402e-05
283,668,2.2873988169062578e-05
284,295,1.9756791379697337e-05
284,321,6.974402808907924e-06
284,361,5.735323440317225e-06
284,474,1.518135775686488e-05
284,648,-2.8136191064331907e-05
284,710,-1.9511684321455456e-05
285,324,-3.821823535922991e-06
285,365,4.665344627137493e-06
285,476,8.152997124685865e-07
285,499,9.449858340097244e-06
285,631,2.6669529215847033e-06
286,382,2.1560386200382767e-05
286,550,-1.8925350504638767e-05
286,575,1.2728126207893424e-05
286,654,-1.25178112948017e-05
286,810,1.383418410468132e-05
287,350,7.2421041193086096e-06
287,591,9.713188741071973e-06
287,694,-9.111849877268998e-06
288,308,5.758534184743511e-06
288,699,-4.268240543912216e-06
288,723,-1.615701065051652e-05
288,775,1.1369873308126196e-05
288,793,-5.854436207105566e-06
289,359,3.237420313126057e-07
289,409,-1.3330086975126e-05
289,674,6.940669271626869e-06
289,689,4.462677331173793e-06
289,730,4.8836000938118586e-06
290,297,-3.1622529836642784e-05
290,439,3.7488021594839903e-06
290,473,6.380084511845008e-06
290,479,9.94694034081482e-06
290,554,1.1077867543088992e-06
291,364,-8.333030770603164e-06
291,608,-1.109507770390712e-05
291,760,-2.301232529521968e-06
291,794,1.391947697731655e-05
291,822,5.768986947114403e-06
292,429,-1.733366790407133e-05
292,484,2.178815978318388e-06
292,486,7.252471434054552e-05
292,622,-1.998040156995127e-05
293,390,-1.5923888882483563e-06
293,472,3.781926853405911e-06
293,488,-5.836225901968833e-06
293,574,-2.203819950264474e-06
294,551,-2.197345550775096e-05
294,640,9.932661325004416e-06
294,814,2.0775413168341896e-05
294,838,1.1232057227333742e-05
295,321,-4.930338280983312e-06
295,589,-1.8479561568588117e-05
295,619,-2.2903037710902232e-05
295,710,-2.576619351988028e-05
296,316,1.3612272993880734e-05
296,380,-4.48606847663543e-05
296,525,-7.502176719342406e-05
296,787,2.0137315227476243e-05
297,469,-1.6374973860202112e-05
297,479,3.5647683948104924e-05
297,790,1.615269000549361e-05
298,350,1.2172253990105787e-05
298,678,-3.395901771127871e-05
299,301,1.4292391814916849e-05
299,424,-1.0869028931750367e-06
299,441,-1.0519483076636668e-05
299,608,-2.9610768540323493e-05
300,447,1.24034683572211e-05
301,424,1.6469468995516354e-05
301,531,-3.550306197178268e-07
301,608,6.738368602308035e-07
302,396,-2.034948497241343e-05
302,454,-1.1257303319048835e-05
302,489,-1.4363128761360824e-06
302,566,-1.6164661364937028e-05
303,414,5.959916726767722e-05
303,585,5.8735041718493554e-05
303,751,-2.213781807158631e-05
303,802,6.353115632238036e-06
304,415,1.1528026348931462e-05
304,636,1.2141457086018887e-05
305,318,1.1382935268658608e-05
305,385,-2.9724231846626663e-05
305,545,6.909536697049674e-06
306,408,-8.002742021517156e-06
306,713,-1.791628373456965e-05
307,569,-7.783596734542573e-06
307,573,1.10163332503376e-05
307,779,3.365039831167927e-06
307,806,6.052770713637674e-06
308,435,9.400581449094764e-06
308,723,-1.788414225700669e-06
309,451,6.795880077457205e-06
309,600,8.385839747916083e-06
309,668,8.534864131077712e-06
309,731,-2.3089680195543998e-07
309,810,-5.9018966795076325e-06
310,319,-2.2447343656941104e-06
310,490,1.16219164009637e-06
310,740,3.406637954974696e-06
310,827,1.369360203421147e-05
311,325,-1.0409035853009468e-05
311,491,8.202713773549387e-06
311,506,-8.078295421117839e-06
311,510,-2.352069688479319e-06
312,382,-3.771048922351938e-05
312,454,4.430647471880862e-06
312,572,1.7783501185493893e-05
312,600,-1.3466448148177431e-05
312,807,2.2957784209837493e-06
313,346,-6.709041048736785e-05
313,352,-2.269280530242175e-05
313,356,2.8101022794400527e-05
313,463,6.0613521966651064e-05
314,337,2.6035679437117624e-06
314,519,-2.3196649881111195e-05
314,822,1.2350009413718134e-05
315,378,-4.146738847187137e-06
315,658,2.0935146563651273e-07
315,717,2.6733070984596784e-06
315,780,1.20145593883911e-06
316,380,-1.8305707156826513e-05
317,608,3.653674833666466e-05
317,635,1.088584222743775e-05
317,763,-2.088982599441337e-05
317,786,-1.3269397831967047e-05
318,415,5.085259979094089e-06
318,487,6.288828322421387e-06
318,761,2.7005587378587662e-06
319,470,5.145691452521355e-05
319,490,6.663155658775109e-06
319,675,-7.084409265548891e-05
320,472,-1.4809012886472773e-06
320,475,-3.249560330095879e-06
320,696,2.1292433830558925e-06
320,778,-1.244286876222715e-06
320,783,2.2699591850319127e-08
321,361,-8.178861692808079e-07
321,589,1.4592486679281595e-05
322,332,-4.801977572645078e-05
322,410,1.0107649890394489e-05
322,528,2.0244241288147196e-05
322,564,2.971102665799542e-05
322,757,-1.879395651473136e-05
323,497,7.698109406260398e-06
323,594,1.884555818862935e-05
323,767,8.403741819699493e-06
323,814,-1.72892955187559e-05
323,838,-1.2378937589653129e-05
324,373,-1.343147176298231e-05
324,499,-1.6533360231392715e-06
324,631,8.085395643361051e-07
324,651,-4.548478686232652e-06
325,506,1.471969941466825e-06
325,581,3.136607195634069e-06
325,661,-1.523712700434655e-05
325,772,-1.1581563203571865e-05
326,412,2.6469501764706943e-05
326,539,-4.481584225944816e-06
326,586,-6.176378005456394e-06
326,667,-7.94557485815746e-06
326,704,-2.2038670758301273e-06
327,355,-6.451285839469461e-06
327,390,5.196240058015562e-06
327,411,-3.986737156715666e-06
327,682,-1.4350119561428248e-07
328,504,0.0001392333264642
329,400,3.0265718261430715e-06
329,584,-3.821508544509586e-06
329,646,-5.34664204555668e-06
329,816,5.236014308901573e-06
330,336,-4.323108426252215e-06
330,681,-3.622749209651736e-06
330,707,-1.1270798061641556e-05
330,835,2.799077694319909e-06
331,341,0.0001559653568819
331,529,9.879116069148706e-05
331,535,-0.0001542980970322
331,558,4.723531076383075e-05
331,690,-0.0002532714681834
332,410,3.5559378963466805e-05
332,564,6.265961375198016e-05
332,624,2.086545224264199e-05
332,660,-0.0001515444893814
333,420,6.202188703318919e-05
333,482,2.9592173906596345e-05
333,516,-3.740528922532809e-05
334,368,-9.411226034901837e-06
334,754,-9.071450246871262e-06
334,814,3.1124516005844684e-05
334,833,-2.909712167483008e-05
335,337,-6.229119042786147e-06
335,392,-7.695923539965474e-06
335,533,-4.1663820828511014e-05
335,665,-4.360552406633095e-05
335,722,1.0511411455225292e-05
335,814,3.029210371100913e-05
336,562,-1.3324893222809136e-05
336,644,-4.524152969204238e-06
336,672,1.9529176841815133e-05
337,519,4.463585619064653e-06
338,374,-1.2720554537681616e-06
338,497,-8.27164882926602e-06
338,551,2.244228239510864e-05
338,596,6.229399223555633e-06
338,836,-1.1133058385906532e-05
339,501,2.5559450345945787e-05
339,738,1.0660393878007964e-05
339,747,-3.102154011111095e-05
339,796,-2.227646135581507e-05
340,345,-8.656789331707086e-06
340,613,2.754924585193639e-07
340,713,2.9889278489695197e-05
341,558,0.0001034384448925
341,638,3.26472519558534e-05
341,650,1.4485538371868353e-05
342,653,-1.566380931251659e-05
342,722,-1.2768319326772492e-05
343,383,1.7064600101448824e-05
343,463,-3.3950316849264747e-05
343,771,3.205492307874902e-05
344,606,-8.368818694569249e-07
344,769,-6.296739631447971e-06
344,775,-3.3285704765975994e-06
346,352,3.266808030120442e-05
346,463,-2.727537182393198e-05
346,765,-3.061857267630924e-05
347,361,1.2596687524721412e-05
347,469,-1.5465109699957683e-06
347,540,-8.93410824465214e-06
347,647,2.215407523474662e-05
348,556,5.675741323117966e-06
348,625,-1.0419932806337032e-05
349,351,8.71083781724544e-06
349,461,-6.823115054322507e-06
349,474,-2.429022673927012e-05
349,648,3.352486123803666e-05
349,834,5.407106362146945e-06
350,400,-1.0582242222749231e-05
351,433,-3.037797596398668e-06
351,615,5.972819989070259e-06
351,759,8.801087300655934e-06
351,834,-1.740413803681452e-06
352,460,1.0977205373039742e-05
353,412,-1.0725387763750464e-05
353,434,-3.7911529723585705e-05
353,569,3.786196501078379e-06
353,667,4.593702595323766e-05
353,806,7.000116113872905e-07
353,831,-1.7863165783671582e-06
354,582,2.299855515214399e-05
354,635,2.9415904469056436e-05
354,656,5.5903634509739946e-05
354,729,-9.415699696375242e-06
355,680,1.5656437718022168e-06
355,682,-1.804723062597252e-06
355,708,-4.7459222481708635e-06
355,839,1.0298438603980607e-05
356,463,0.0001140440400253
356,511,-3.332417781367657e-05
356,611,-2.5933634088103893e-05
356,771,-5.962791994751773e-08
357,421,5.528886668623477e-06
357,669,3.435763080263948e-05
357,687,-2.844890701178671e-05
358,405,-3.5757564987382376e-06
358,484,-6.49702245787134e-06
358,652,4.37887922187986e-05
359,408,2.2966690015115527e-05
359,730,2.193181578627898e-05
360,587,1.6450470380018729e-06
360,632,2.338423054446586e-05
360,661,2.605727093402627e-05
361,474,4.4375852080620615e-06
361,647,5.611166085335058e-06
362,401,6.058928732357677e-07
362,476,3.572644063411828e-06
362,514,-9.59266315562308e-06
362,800,-1.2917192004440693e-05
362,818,1.0548658008770851e-06
363,421,-7.87425010031311e-05
363,493,2.892045660926391e-05
363,669,1.809800404443268e-05
364,512,-1.3799785839335568e-05
364,688,3.1531130119568366e-06
364,760,3.837218071922365e-05
364,768,-5.80661801598348e-06
364,794,-3.0251920646464597e-05
365,476,2.3212249517862637e-06
365,800,1.529935100797688e-05
366,550,-2.9223812053962157e-05
366,575,2.9682292895257674e-06
366,748,-8.070547936291839e-05
367,419,5.084951349330357e-06
367,448,1.3322001601925602e-05
367,579,-5.078582028764232e-06
367,614,3.179208161624197e-05
367,674,-3.481176800697664e-05
368,623,-6.476636167005248e-06
368,754,-3.9440058001083335e-06
368,829,6.9656542912931e-06
369,572,3.759999509466013e-06
369,604,-6.710550099937602e-07
369,629,4.031688957716631e-06
369,739,-7.5884753200407555e-06
369,824,-4.951003591986897e-06
370,616,2.447153477963735e-06
370,735,1.4538347341305866e-05
370,823,5.392865352454033e-07
371,538,2.8606448829441336e-06
371,552,-2.597216745922293e-05
371,746,-7.1630244273718e-06
372,483,3.0931662540476033e-06
372,512,4.585743144964846e-05
372,543,4.988087556645311e-06
372,544,2.042304953796415e-05
373,381,-8.911923399144301e-06
373,438,-1.0437257537213325e-05
373,631,1.560125148211912e-05
373,651,1.8743125774667475e-06
374,422,-1.2036480971372175e-06
374,485,-1.199628269101468e-05
374,645,5.530945276253102e-06
374,836,2.994814713027868e-06
375,397,1.7224046973482297e-05
375,776,-5.161220103286454e-06
375,782,-5.104445918407719e-06
376,559,3.215225224111656e-05
376,812,-7.457132395274275e-06
377,478,2.9157034658809516e-06
377,510,4.645633748250303e-06
377,637,-5.143238773446119e-06
377,778,-1.0043546396293254e-05
377,805,1.0272369314146945e-05
378,485,2.32618111667212e-06
378,618,-1.9767499011809957e-05
378,658,4.559843977939817e-06
378,686,3.9313254739900175e-06
379,414,4.087299627501093e-05
379,654,-2.2188469070530707e-08
380,743,-7.418818863568399e-07
381,432,-7.566112398474698e-06
381,438,4.496565223055066e-06
382,575,9.45105113864173e-06
382,600,-6.8360912165256525e-06
382,807,5.4016115794508035e-06
382,810,-2.4166674524703493e-05
383,420,2.183819856663304e-05
383,629,-1.6717060073975765e-05
383,711,1.8454989119634505e-05
384,399,3.9563233500508995e-05
384,426,2.2478570931097145e-05
384,534,-1.4534450164751689e-05
384,547,-7.045489897076961e-05
384,659,5.776399545890805e-05
385,430,-8.548505016119602e-05
385,670,2.0616679231306276e-06
386,466,3.4271130623133543e-05
386,503,-2.1630889254505665e-06
387,453,2.9801448669428387e-05
387,536,-7.313206373885117e-05
387,618,1.2112777215699263e-05
387,686,8.860963936232287e-06
387,756,-1.8537526286095435e-05
388,428,-2.3409017555737733e-05
388,537,-5.035536073457551e-07
388,793,1.004862837838546e-05
389,840,-1.267189350916056e-05
390,472,-5.740594479708894e-06
390,475,4.926504076879782e-06
390,682,-2.579777218359249e-07
391,415,-9.248856237082704e-06
391,761,-5.585413406400511e-06
392,427,3.710865807677306e-06
392,691,-1.779949238721555e-05
392,814,-5.008996110944053e-05
393,403,-2.46568426768062e-05
393,515,-1.6190127504304633e-05
393,585,1.5372392742744374e-05
393,595,-5.3308880303863724e-06
393,802,-5.467716276773212e-06
394,557,-6.423815341849146e-05
394,599,-6.539071748122199e-05
394,645,8.00567433090042e-06
394,799,-6.917568212531892e-06
395,521,4.254801588493646e-05
395,630,3.627398159458961e-05
395,716,-6.103411421174274e-05
396,454,1.5875867911941934e-05
396,566,5.425048246955201e-06
396,807,-2.166670012374917e-05
397,443,9.511352639692928e-05
397,764,1.8566501666978193e-05
397,781,-3.811111381430259e-05
397,782,-3.5114315138881925e-05
398,471,-4.212773610202337e-05
398,612,8.361071038806182e-07
399,426,-5.80283325026868e-06
399,668,1.4470743257059649e-05
399,731,9.54906363521423e-06
400,646,-7.31235620095436e-06
401,514,-5.950458149456838e-06
401,755,-4.666500498444222e-06
402,540,-6.018010810173336e-06
402,758,-1.0662737260715465e-07
403,451,-2.003697502935258e-05
403,595,-1.8084809497521176e-06
403,731,-3.5048834184735726e-05
403,753,1.0926625706074406e-05
404,596,-3.901061180988229e-06
405,657,2.016885758599011e-05
406,553,1.0182510255192074e-05
406,644,-8.775234641283825e-06
407,535,0.0002217702338758
407,549,-3.591970959898415e-05
407,617,-4.818351457659343e-05
407,799,-6.175331243617099e-05
408,718,-1.006265044307577e-06
409,590,-9.88339632612845e-06
409,674,-1.0083220921004363e-05
410,582,2.6469906111921152e-05
410,624,-1.200318429679728e-06
412,569,1.7390204284900473e-06
412,667,4.024015962156824e-05
412,704,-1.8150731853641248e-05
413,438,-8.143985963709609e-06
413,598,-5.020915057092086e-07
413,631,-7.213572046847947e-06
413,842,1.829606468496858e-05
414,585,-2.3943278804710653e-05
415,761,5.537224745023181e-06
416,477,2.9336903268397868e-05
416,487,-7.383591573614646e-06
416,526,-2.2203618245075852e-05
416,556,1.5091248963398964e-05
416,790,-2.015942614926631e-05
417,525,4.146785439946574e-05
417,547,0.0001126236787139
417,753,0.0002796296841168
417,787,-0.0001034165161046
418,491,-1.4063425138898231e-05
418,805,-1.0031396616625628e-05
419,448,1.1210987415977752e-06
419,579,-6.0807221375528e-06
420,482,-1.6725106530118643e-05
420,629,3.367171930437332e-05
420,711,5.27288352005814e-05
421,493,3.152025503889885e-05
421,552,2.8102492121775415e-05
421,669,-2.6329626046657316e-05
422,485,3.3888757785546726e-06
422,557,-3.427509883304256e-05
422,618,2.549580025579052e-05
422,645,1.2798151358069153e-07
422,756,4.058793187979457e-06
423,434,1.2924512979861507e-05
423,446,1.391636865432312e-05
423,555,-7.035892903300163e-06
423,633,-5.070415046992242e-06
423,820,-1.0642241202957697e-05
424,441,-7.215320524064396e-05
424,531,3.996951098295018e-06
424,698,0.0001113377324355
425,452,-4.339372855229534e-06
425,494,4.290975387932709e-06
425,601,-1.6718165656018155e-06
426,516,1.6433519329436006e-06
426,534,1.1404733911073828e-05
427,662,6.695452367625322e-06
427,691,1.1327214581961515e-05
428,537,7.0010340782489605e-06
428,693,-1.581501277455146e-05
428,709,-4.967640012307254e-06
429,484,1.576695351770822e-05
429,815,-1.206429129686901e-05
430,529,3.6256035335649066e-05
430,558,-0.0002880410683593
430,649,1.759190504322633e-05
430,670,0.0001031904424457
431,443,8.53601821748209e-06
431,559,3.144908806450296e-05
431,642,-2.7555387175190745e-05
431,764,-1.7115678502955265e-05
431,818,-8.062441440443734e-06
432,560,-3.308727606110253e-06
433,496,8.881103635671922e-06
433,542,1.1228095845708914e-06
433,759,-1.880078113521212e-05
433,773,8.832244026856068e-06
434,446,6.794415357740193e-06
434,667,-1.8183274027247147e-05
434,831,-1.970084614319877e-06
435,509,5.8666821348579614e-05
435,769,1.089179660744175e-05
435,822,-2.841925465204343e-05
436,484,6.367230813135905e-05
436,570,-4.5740504121855296e-05
436,657,-5.095190284757663e-05
437,495,7.147781033172416e-05
437,607,4.674473431386576e-05
437,692,-7.06016916395844e-05
437,715,8.85573976082576e-05
438,598,2.3014200496345106e-06
438,631,4.458326494106291e-06
439,473,4.6745498119728354e-07
439,496,1.1051568676054244e-05
439,500,-1.451452686159846e-05
439,554,1.5289896415647442e-05
440,477,-1.5938421660924258e-05
440,532,-1.9428968605051463e-05
440,792,-8.010848848241534e-07
441,698,-0.0001824541369041
441,837,2.4672914539078944e-05
442,495,7.000248277548701e-06
442,592,1.839318606058511e-05
442,607,-1.387629198717447e-05
442,765,1.1335293288788493e-05
443,559,-9.997783522011953e-07
443,764,3.673796103729965e-05
443,781,3.5861230399570964e-05
444,492,2.8395796157678614e-05
445,683,2.9983331293260743e-05
445,757,3.4022211800106324e-06
445,763,1.6022801235951688e-05
446,633,-2.392625893814015e-05
446,721,1.8313841642777884e-05
446,831,1.0347842060041267e-05
447,815,1.3100866717581384e-05
448,666,8.236080072652556e-06
449,536,2.544437428970021e-07
449,557,1.9004278255161703e-05
449,599,-5.912440084305612e-05
449,694,3.0736983191286034e-05
449,756,1.1446138004591016e-05
450,534,-1.1571189884420946e-05
450,659,1.116802613013114e-06
450,789,-9.998684671683262e-06
450,817,-1.2387260185902217e-06
451,595,1.170060891257787e-05
451,731,-3.359294699576963e-05
452,594,-1.5112554375898432e-05
452,601,-7.751019127910411e-06
452,602,1.1131892362127482e-05
452,767,1.3198809748290086e-05
453,536,-7.119805095794575e-05
453,563,6.024020119499334e-05
453,791,2.1485870774354574e-05
454,572,-1.754748572753015e-05
454,807,-1.8740701448996395e-05
454,824,1.5188522228132677e-05
455,498,0.0002077835067571
455,620,-8.753942892670869e-05
455,702,-8.105003130292544e-05
455,747,3.327521315649634e-05
455,749,-1.0187888824844796e-05
456,628,8.483811105892629e-06
456,707,1.781346369214011e-05
456,822,-2.8176039264513372e-05
457,459,9.677868894815184e-07
457,611,1.0594594209781274e-05
457,627,-1.757587290694408e-05
457,744,-9.724866789418213e-06
457,804,3.32851159249629e-05
458,545,3.1054767945625837e-06
458,621,-1.4767722438737996e-05
458,625,-1.7742601537857947e-05
459,632,-1.894270037612386e-05
459,744,-6.107059512952279e-06
459,774,3.192751858806543e-05
459,804,2.5377719329946585e-05
460,503,9.82369074505833e-06
460,530,-1.677817274253418e-06
460,577,-2.405026914408705e-06
461,474,-4.7383141664937895e-05
461,479,2.0919181231390257e-05
461,554,2.0363255016946706e-05
461,647,-8.215072959612271e-06
462,475,1.4210848940682856e-06
462,680,-3.515277637967405e-06
462,682,2.3923898475178203e-06
462,724,-1.0704692773491476e-05
462,783,4.877361256520193e-06
463,771,-0.0001035129987387
464,593,3.5249047522371076e-06
464,720,1.023712187254392e-05
465,623,-4.521492707350335e-06
465,703,3.897319413384014e-06
465,720,-3.970457539507547e-06
465,754,-1.366980580913072e-06
466,511,2.4848992844482555e-05
466,627,1.639812572806396e-05
466,706,6.333818756181961e-08
467,583,-1.9827716339507147e-05
467,612,-1.0044257385618069e-05
467,715,1.984288162011825e-05
467,801,1.8526193505796505e-05
469,479,-1.4882356773490389e-05
469,647,-6.891613276551207e-05
470,570,3.607993727242638e-05
470,657,4.259590074816308e-05
470,675,2.843642163425996e-05
471,732,2.859760248698475e-06
471,743,2.130971019420078e-05
471,766,-2.4574128101291373e-05
472,475,-4.155205869130743e-06
472,696,2.9183221675732703e-06
473,500,2.7924432471772666e-07
474,647,-1.875831980534372e-05
474,648,-3.3296105633937355e-05
475,682,-4.272778236647189e-06
475,783,3.2156010083686343e-06
476,499,3.995099629729615e-06
476,514,7.758032096420183e-06
476,800,-5.04396299848312e-06
477,532,-7.136163097900048e-07
477,556,-1.559522309400432e-05
477,790,-3.85601154693121e-05
478,480,-1.789676813958004e-05
478,637,-9.438060930615884e-06
478,678,4.794939921643e-06
478,805,1.1240280146410394e-05
479,554,-1.649283546356678e-05
479,647,6.81242842103864e-05
480,637,7.436943912881859e-06
480,650,-1.893509073698808e-08
480,678,2.093485968406091e-05
481,525,2.3280379092457113e-05
482,711,3.905993152692884e-05
483,512,-2.8695548477605617e-05
483,543,2.9980996848295103e-05
483,760,-8.45473598085029e-06
484,486,6.905470463385892e-05
484,652,9.04194668190933e-05
485,618,-1.4738771652448326e-05
485,658,-1.840243068477451e-06
485,836,1.0297788925137891e-05
486,620,0.0002423825593396
486,622,-0.0001094438954106
486,652,-3.256560344324437e-05
487,526,-1.2239756846576163e-05
487,761,-6.915402730769019e-06
488,574,-1.598848396423968e-05
488,687,2.525133755611015e-05
489,566,-1.412919245228036e-05
489,774,5.1637093914604955e-05
490,508,3.520046223892039e-05
490,675,-5.2670667925665835e-06
490,740,-5.8813339722623955e-06
490,828,-1.622671417521993e-05
491,510,-1.2552459782496631e-05
491,805,-6.320377286735132e-06
492,505,-0.0001391010480017
492,639,0.0001204269357498
492,666,-2.5995690291552778e-05
493,552,5.2134169274509366e-05
493,561,4.5957662218319007e-05
494,567,1.3367169357499905e-05
494,634,9.86442565551405e-06
495,592,1.3641889861027475e-05
495,607,5.5141836618483725e-05
495,692,-2.9448144124050917e-05
495,733,3.914247625381258e-05
496,542,3.0341464725639108e-05
496,554,8.752837907476639e-07
497,551,8.751615339683184e-06
497,596,2.9105703928110246e-06
497,701,1.912035629902191e-06
497,767,-6.037583279445952e-07
497,838,-1.3544002457457426e-05
498,620,3.090393764657788e-07
498,652,0.0001763130370324
498,749,2.000252741848164e-05
499,514,9.830653762552145e-06
499,755,3.967391533687041e-06
500,593,8.323903894896467e-06
500,703,4.325522126027916e-06
501,664,1.432563683626754e-05
501,738,-1.457505293627032e-05
502,524,3.326611104086727e-05
502,578,2.61378462653849e-05
502,727,-1.3969117163791274e-05
502,798,-2.0299679535118747e-05
503,522,2.6513137828292136e-06
503,577,8.121875433216416e-06
504,795,3.786967920879682e-05
505,639,-0.0002506984400119
505,732,-2.490089745316185e-05
506,510,5.195413504111025e-06
506,772,-8.213602030490046e-06
507,609,-2.4787486744710935e-05
507,677,3.918313599555368e-05
507,737,2.68122867540244e-05
508,740,-6.761839622469029e-07
508,828,8.631324810794518e-05
509,769,-6.457314688659919e-07
509,779,4.48906804467761e-06
510,805,4.438808584806337e-06
511,611,2.3740499241590193e-06
511,627,-1.4433553409137744e-05
512,544,-1.2892463830376828e-05
512,688,-1.0268651336576371e-05
512,760,2.652321229966048e-05
513,533,-1.560089967395436e-05
513,539,-1.5525668435073427e-06
513,586,1.4466855049145864e-05
513,665,-5.313783081699323e-06
513,679,-1.4889069746246558e-07
513,712,8.149285247477624e-06
514,755,2.0455645538924098e-06
515,684,5.263478920622161e-06
515,802,-4.837159489895542e-06
515,827,2.5671880492517417e-05
516,604,-3.457813893289048e-05
517,527,-1.6155032927203617e-05
517,821,-2.283704203324208e-05
518,786,-1.6548032320250092e-06
518,837,7.51741407299869e-07
519,633,-5.083936227582443e-05
519,665,2.3447189618506295e-05
520,528,7.610710223442791e-06
520,564,1.510916310248541e-05
520,578,-4.164231953723762e-06
520,610,3.909221305417161e-05
520,655,-4.956173308215843e-05
520,742,-8.086121344217616e-06
521,630,1.0833713770966127e-05
521,642,7.86191575201965e-06
521,818,2.128072686302135e-05
522,577,3.916049252250073e-06
522,646,7.249732965011301e-06
523,705,-0.0001371458222386
523,727,3.2556666837223255e-05
523,742,1.845649718164051e-05
523,843,0.0001777424329265
524,578,-3.4632187974914913e-06
524,610,4.578659267014713e-05
524,714,-1.0461083144084575e-07
524,748,-0.0001214838618141
525,787,2.315827814943244e-05
526,761,9.150447553881492e-06
526,790,-1.1880369119917549e-05
527,821,3.407205139645436e-05
528,564,1.1318435556689622e-05
528,655,8.961217617160265e-05
528,683,-3.6128200379058686e-05
528,757,-3.69474598376436e-05
529,535,3.720291348449948e-05
529,549,5.889875098827476e-05
529,558,-2.8153834412260017e-05
529,649,6.70993659666219e-05
530,577,-2.6404273884625876e-06
530,752,1.625539525298293e-05
530,808,-1.1940092233828211e-05
531,538,-1.5423857602372572e-06
531,794,2.429282255764605e-05
532,556,-1.5620256562103434e-05
532,750,-1.8564296628858471e-06
533,665,2.0847921300283218e-06
533,710,5.744710346005075e-05
533,712,-0.0002327708248316
533,785,3.2690613182214856e-05
534,659,2.7029127663504227e-05
534,789,1.1396938824857044e-05
535,549,-0.0001308333380077
535,690,0.0003221248987007
536,756,2.0357691643519213e-05
537,693,1.1106420484978356e-05
537,750,-1.1221642840413332e-05
538,746,1.3146726540432076e-05
538,768,1.4166444840739791e-06
538,794,7.298116069222766e-06
539,586,-6.848225724895102e-05
539,619,-2.3918383151425623e-06
539,712,4.9395160294447926e-05
540,792,-4.0292566411516336e-06
541,583,4.631247358534402e-06
541,726,1.384548615544323e-07
541,776,7.351336630547389e-06
541,797,-9.889565592957277e-06
541,801,2.127747840860263e-05
542,741,-1.070759996560288e-06
542,773,1.0787279101353887e-05
543,681,-6.920401357682774e-06
544,688,7.82723260087061e-06
544,745,-3.372890561112892e-06
545,621,6.534071451635887e-06
545,625,1.2900046875502773e-05
546,588,1.339154778052345e-05
546,685,2.8236192396997943e-05
546,728,1.7865131161983614e-05
546,826,5.901317155542114e-06
547,659,5.896200669354133e-05
547,753,-0.0002790133375876
548,643,1.056576942300866e-05
548,788,-7.162123296484486e-06
549,617,-2.4828471612095148e-05
549,649,-4.549043999479405e-05
550,575,4.089067857113372e-05
550,748,-7.448095881940878e-05
550,762,-2.3829878290098546e-05
551,640,3.29287343225653e-05
551,836,-3.430853211226625e-05
551,838,1.0600240016741811e-05
552,746,2.660244024736176e-05
553,644,-1.7018145971292696e-05
553,672,2.2305329605476248e-05
553,825,-3.862649293361645e-06
555,633,-4.5200774671962565e-06
555,665,-1.8004257687023845e-05
555,820,1.548844225091994e-05
557,599,-7.001893467621585e-05
557,645,-1.2048499785069928e-05
557,756,2.5584604649134707e-06
558,638,-0.0002088572641986
558,670,4.333611708340259e-05
560,734,1.5594226777591972e-06
561,588,5.004018295884675e-05
561,685,6.412857081912358e-05
562,605,7.178941502187287e-06
562,672,-2.2992071801621773e-05
562,736,-3.2140511711158473e-06
563,626,-1.310967336753461e-05
563,791,-4.563235016547451e-05
564,610,1.8743853141067615e-05
564,660,0.000100054385928
565,655,8.362249573423484e-06
565,683,-2.246003436462607e-05
565,705,2.4571382694211985e-05
565,763,2.381089509324062e-07
565,786,-2.375988112628835e-06
568,719,-1.031672479345842e-05
568,813,-7.354997510857522e-06
568,817,8.622895463242524e-06
569,806,9.618445460436287e-06
570,657,2.0510695759366575e-06
571,656,-7.475231902227601e-05
571,796,2.83363454459576e-06
571,821,2.7865123554255272e-05
572,604,7.679146594430136e-06
572,824,2.837206501235599e-05
573,700,2.6765324097421378e-05
573,779,-3.842094020327107e-05
573,806,-9.1569471813409e-05
575,807,1.55161922631938e-05
576,808,3.984747234052649e-05
577,646,3.3725608481410894e-06
578,610,6.529764613577558e-05
578,727,-3.548665995402051e-05
578,742,-1.1300590667585417e-05
580,642,3.922032087561443e-06
580,764,-6.150178044898771e-05
580,823,2.385717939248239e-05
581,632,-1.40020256685437e-05
581,661,-1.915180020318032e-05
581,706,1.925663776958998e-05
581,744,9.133105273343166e-06
582,624,7.658536027712885e-07
582,656,4.274828760603906e-06
583,612,9.664847891362746e-08
583,726,-6.967666945404357e-06
583,801,-9.082352104488351e-06
584,616,-8.6619826036483e-06
584,641,1.4486991844506776e-05
584,752,-2.4608659846479877e-05
584,816,1.316383705773104e-05
585,595,1.6079641681048147e-05
585,802,1.2321669269830886e-05
586,667,-9.028920467592888e-05
586,679,1.1964833597049174e-05
587,661,1.9205413439757585e-05
587,772,1.396795945561903e-05
588,685,1.274966037708507e-05
588,728,-1.4787153513848327e-06
589,619,-3.721322470092851e-06
590,643,-6.411769794510259e-06
590,674,6.506986126965132e-06
590,788,1.88819010899914e-07
591,816,-1.3158195209240469e-05
592,725,2.2239045398024426e-05
592,733,-1.5699475018751208e-08
592,765,-1.046069351844732e-05
593,703,1.951277382378936e-05
593,720,1.2092410151682996e-05
594,602,-1.2372509572244504e-05
594,767,-8.675154825216769e-06
596,701,-4.245298846885807e-06
597,611,-2.8222179705368643e-06
597,739,-1.1154449876320668e-05
597,771,1.6510524053091655e-05
598,734,-7.55095281913168e-06
598,780,1.518126027122245e-06
599,694,8.411176472003626e-05
599,777,-0.0001203950064416
600,668,1.720839598049289e-05
600,810,-1.8856998344789363e-05
601,602,-7.463271471501535e-06
601,770,2.864991837628621e-06
603,676,-3.1486929825414584e-06
603,702,1.888405303372508e-06
603,749,2.922469414111758e-06
605,736,9.021653111641912e-07
606,775,-6.101028464248351e-06
607,711,-0.0001734247316092
608,635,-2.1251450186444364e-05
608,822,1.2485106440643703e-05
609,613,-0.0001594450440204
610,660,0.0001941686823394
610,714,-2.5248377338267785e-05
611,627,-9.635504174292605e-06
611,771,2.8779057304376485e-05
613,713,-0.0001780561418188
614,674,1.310167315058305e-05
614,689,2.8811970713378672e-05
614,803,-2.20763189483903e-05
615,759,-9.4119315256677e-06
615,834,1.1967130830836955e-05
616,641,1.4869176772929935e-05
616,735,9.399045388570976e-06
616,752,-7.889034711344603e-06
617,634,-1.737211505171243e-05
618,686,2.2985863822139223e-05
618,756,-1.988355701490772e-05
619,712,-0.0001467246471498
620,652,-0.0003087424555858
621,724,1.0999518168607503e-05
621,811,2.0048667041427805e-08
622,729,-8.237851405233617e-05
623,720,-2.045915369768998e-05
623,754,1.4618718627282032e-05
623,829,-5.544893760507755e-06
624,656,6.68023707241868e-06
626,641,-6.388451043165701e-06
626,735,-6.557432123352927e-06
627,706,-1.4817859375739355e-05
627,744,-1.0428945386571111e-05
628,707,1.0238842816180188e-05
628,760,-2.5572851379649684e-05
628,822,1.515932383278658e-05
629,739,9.241999304189772e-06
630,716,3.9438831343930136e-05
630,800,3.4923101965524583e-06
630,818,-5.571325650111428e-06
632,661,-5.2744407774910486e-06
632,744,2.1725937176521608e-05
633,665,-1.7887738413430404e-05
635,729,-2.6132914751647964e-05
636,649,-1.0977333775694814e-05
637,650,-8.465256925622732e-06
637,778,2.8333242949700737e-06
638,670,-9.14536584366234e-05
638,811,-3.640042926494174e-05
640,658,1.6221318804077233e-05
640,836,1.5738278568119897e-05
641,735,-5.121426304575727e-07
641,816,6.099759957303857e-06
642,764,-3.111768272627617e-05
642,818,2.122981950846766e-05
643,788,-2.4384949431648703e-05
643,841,1.3196233363661317e-05
644,672,-7.640126356991318e-06
648,710,9.051731610968007e-06
648,785,-1.9450617692294773e-05
648,834,-1.7508549378905834e-05
651,841,1.91043447992572e-05
653,671,-1.215326307757664e-06
653,833,-6.615190998112342e-06
654,810,1.2196399698926004e-05
655,683,3.429735066098445e-05
655,705,2.3307880230458576e-05
655,742,-9.192538228575332e-06
658,836,1.6410708291887124e-05
660,714,0.0003525071100162
660,784,-0.0001453986682765
661,772,5.599316388765933e-06
662,691,6.510352779043937e-06
662,717,3.111931620186883e-06
663,673,1.638318418623275e-05
663,686,-1.3940183892834573e-05
663,842,6.1969480792762525e-06
664,676,1.1304480899625743e-05
664,751,1.0407271676346605e-05
665,679,9.594140965309234e-06
665,820,1.5723981408831411e-06
668,731,3.264922220519418e-05
670,811,3.2782123169984234e-05
671,741,-1.816618046855994e-05
671,773,-7.612318554970089e-06
671,833,3.5002301678869346e-05
672,825,1.4963529089902406e-05
673,791,1.4448942480970511e-05
673,842,-1.4796180913729864e-05
674,689,-3.273648712541752e-05
675,795,-4.114577327646277e-05
675,828,-1.996204636496823e-05
676,702,6.280137812455106e-06
677,737,5.240291925761796e-05
679,820,6.223415535781924e-06
680,682,4.086590369176828e-06
680,724,-6.400126871884959e-07
680,839,-4.1548224721148905e-07
681,707,-7.182636550284556e-06
681,835,4.823431738881351e-06
683,757,1.4116724296997324e-05
683,763,-8.424277086436877e-06
684,751,-8.245058052363114e-06
684,802,-1.990080729440141e-06
684,827,3.816411561681843e-05
685,809,1.1097014760602224e-05
685,826,6.697063752486885e-07
688,745,6.838034772967706e-06
688,768,-6.126340496716633e-06
689,730,4.376216302440426e-06
690,832,-8.011674515577441e-06
692,715,-7.748058512757447e-05
692,733,-4.984278839817102e-05
692,797,3.107650316258874e-05
692,801,-3.802965400478568e-06
693,695,1.391633149688976e-06
693,750,-2.007213064757565e-06
693,825,-3.468336430977384e-06
694,777,8.20155399457238e-05
695,750,1.2348331692331183e-05
695,825,-1.1714735321271446e-06
696,778,2.9331104194501986e-06
698,728,-8.649841891816953e-06
699,758,9.921174549579736e-06
699,775,-3.3758964450831966e-05
699,793,-6.878547956425362e-06
700,721,2.7399763454998862e-05
700,806,5.207736669209725e-05
700,831,1.0470396023211904e-06
701,767,-5.883817611315156e-06
702,747,-5.438230083765149e-05
702,749,1.0110437041871412e-06
703,720,-5.558010708963884e-06
705,742,-1.5164692989882755e-05
705,843,-2.236261313459425e-05
706,744,-4.598170760923169e-06
708,736,-3.6635385307567743e-06
708,835,1.4367125326423836e-05
708,839,-1.8564556982787858e-05
709,830,1.1853394728210964e-07
710,785,-2.2240773879796444e-05
714,748,0.0001555385552655
714,762,0.0001378280505005
714,784,3.378751608051526e-05
715,801,-3.1531933530882676e-05
717,734,2.298029743727186e-06
717,780,1.0876517849914557e-06
718,812,-9.49987194942484e-06
719,813,1.4094354081845335e-05
719,817,2.111748974518323e-05
721,831,1.5482396866175094e-05
723,793,9.33201869481378e-06
723,830,-1.6614125649312817e-05
724,811,-3.970731063411537e-06
725,733,7.682921234655385e-06
726,776,1.0251410133072165e-05
727,742,2.528744604862061e-05
727,798,-5.2453905865336905e-05
732,766,-9.191371094736756e-06
733,797,-1.037653053906698e-05
734,780,-2.300157323499065e-06
736,839,4.550086144889794e-07
738,796,-4.294261182235056e-06
739,824,-1.2127489978006532e-05
740,827,3.989814720971939e-05
741,773,1.931798381982642e-07
741,833,1.7746112149509178e-05
745,746,4.762259747032293e-06
745,768,-8.86331050481116e-06
746,768,-9.31249759840847e-06
747,796,5.069291373332595e-07
748,762,3.936842598476978e-06
751,802,-6.379828405960028e-06
752,808,6.397104533075989e-07
759,773,-4.836015385224154e-06
760,822,5.5564066251435285e-06
762,784,3.2182123285377713e-05
763,786,-6.06456489471619e-06
768,794,-2.8692122131845763e-05
770,829,4.712753231984738e-06
774,804,-7.224797845451038e-05
774,819,0.0002587096552755
777,832,2.133713322948814e-05
785,834,-1.0477890568843335e-05
789,817,6.325900837155676e-06
795,828,3.792883333589644e-06
797,801,4.613579121450466e-06
798,826,-2.6902784864519548e-05
800,818,-1.4604793567490931e-05
803,840,-1.611162890557998e-05
806,831,-2.3120877335850516e-05
809,826,4.842452898426983e-05
814,838,4.090642803034999e-06
837,843,6.113291174072392e-05
