node_id,x,y,region,tumor_score,immune_score,stroma_score,coexact_energy,region_original
0,11781.0,5202.0,other,0.4664703914097377,-0.1416670989990234,0.8963535635811942,2.183740975354051e-11,other
1,13999.0,5770.0,other,0.1740975325448173,-0.1638276926676432,0.2830862617492675,1.0476594288670418e-10,other
2,14812.0,7386.0,other,0.088324658530099,-0.0869138873616854,0.8123356900896346,8.97497607224085e-10,other
3,14808.0,6461.0,other,0.4111935479300362,-0.021082027554512,1.0232889992850167,3.7191951318186286e-10,other
4,15021.0,8890.0,other,0.5218457576206751,-0.1369956843058268,0.8705005645751953,6.524297918830176e-12,other
5,10577.0,6134.0,other,0.352031010219029,-0.1631079355875651,0.5938894544328963,4.176283086794611e-11,other
6,10173.0,5905.0,other,0.2704461778913225,-0.1110489627718925,0.5644019263131278,4.5674504213635385e-11,other
7,4539.0,6858.0,other,-0.3434931945800781,0.0,1.335626814705985,4.458461899817718e-11,other
8,12398.0,7861.0,other,0.4201369258335657,-0.0496620884537696,0.8189538846697126,7.661027121178825e-11,other
9,14810.0,6923.0,other,0.5383194678170341,-0.0254451590776443,1.0846733093261718,8.60492185980976e-10,other
10,17041.0,10037.0,other,0.3886367252894811,-0.1316949717203776,0.3361367416381836,1.5833767119872674e-11,other
11,4541.0,7090.0,other,-0.1814014244079589,-0.0145444854100545,0.4419336645943778,7.139995897855284e-12,other
12,6953.0,6152.0,stroma,-0.271712474822998,-0.0367746194203694,1.8269441223144531,5.98044317486595e-10,stroma
13,11987.0,6243.0,other,0.4667311423165458,-0.1106265524029731,1.1584911782400948,2.558155442375752e-12,other
14,16826.0,7376.0,other,0.5061195591517859,-0.1583991241455078,0.4426870209830147,4.485449825502835e-11,other
15,7151.0,5573.0,stroma,-0.1583812209538051,0.11573499639829,2.1996627971104212,4.7534392278245094e-11,stroma
16,16840.0,10154.0,tumor_core,0.7385265350341796,-0.1163636271158854,-0.112075445992606,5.108531951374541e-12,tumor_core
17,9771.0,5907.0,stroma,0.3990602602277482,0.0264502507448196,1.620189993722098,3.3880952646448606e-11,stroma
18,10981.0,6364.0,other,0.4699923106602259,-0.1615102259318034,0.5695062473842076,3.6647005497982136e-11,other
19,14209.0,7505.0,other,0.4603335625784737,-0.0463962650299072,0.8299156951904297,3.818003484367514e-11,other
20,12402.0,8556.0,other,0.3080065264020647,-0.1348877843221028,0.6407054628644671,9.03399972978466e-11,other
21,12591.0,6124.0,other,0.4474667630876814,-0.1456382751464843,0.789640165056501,1.6508462205424577e-11,other
22,11787.0,6360.0,stroma,0.2166927855355399,-0.1551433181762695,1.5114219774518691,8.185961036872448e-12,stroma
23,17244.0,10383.0,tumor_core,0.5851180376325334,-0.0934897394975026,0.5016162599836076,7.39634411153793e-12,tumor_core
24,13800.0,6350.0,tumor_core,0.5763396508353097,-0.1357311757405599,0.4452569144112723,2.456129635881983e-11,tumor_core
25,8765.0,6259.0,stroma,0.1779256984165735,0.1432961575190226,2.0765442657470703,5.53824929528974e-10,stroma
26,6955.0,6615.0,stroma,-0.3594774654933385,0.0261590011914571,1.8727856935773577,4.757129965400581e-10,stroma
27,13610.0,8550.0,interface,0.5141008486066545,0.0532881301641464,1.181233542306083,6.571222042475895e-09,interface
28,15221.0,8542.0,other,0.7207128034319197,-0.1276511001586914,0.759115824018206,5.499338350763795e-11,other
29,13203.0,7626.0,other,0.5460624967302595,-0.1812977218627929,0.6910175813947405,1.1068797143572662e-11,other
30,7158.0,6961.0,stroma,-0.2334689017704555,0.505797225634257,2.052921556745257,1.1832713615206235e-09,stroma
31,6954.0,6384.0,stroma,-0.5607695770263672,0.1036002149184544,1.5239564568655832,6.373753817963082e-10,stroma
32,6759.0,7658.0,stroma,-0.4936068344116211,0.1623318769534429,2.3475119073050363,2.8371618556946607e-10,stroma
33,10578.0,6366.0,other,0.2393716539655412,-0.1149099443356196,0.7916090720040458,7.525841272684515e-11,other
34,10775.0,5323.0,other,0.3687480872017997,-0.1683642832438151,0.2888032885960169,2.2713687975856638e-11,other
35,12196.0,7747.0,tumor_core,0.5349777385166712,-0.167071673075358,0.4876640919276647,9.454697472774121e-10,tumor_core
36,13200.0,7163.0,other,0.4612061473301477,-0.0518251432975133,0.515479463849749,4.2063857313356526e-11,other
37,15424.0,8888.0,other,0.5576925659179688,-0.1439629999796549,1.0160193852015906,2.658070307893041e-11,other
38,11387.0,7056.0,other,0.4684310586111886,-0.1395712534586588,0.3872092056274414,7.086896770871881e-12,other
39,12589.0,5661.0,other,0.2388691575186593,-0.1412256749471028,0.730204473223005,7.768583392537389e-12,other
40,17043.0,10500.0,tumor_core,0.6060159628731864,-0.1294659423828125,0.535304456438337,5.350667094121113e-12,tumor_core
41,17029.0,7723.0,tumor_core,0.920000490461077,-0.1320298767089843,0.1614564268929618,3.1737653252434036e-11,tumor_core
42,15215.0,7384.0,other,0.5402207129342216,-0.0706854074199994,1.2142001615251814,7.71858183293304e-10,other
43,8162.0,6378.0,stroma,-0.5396400591305324,0.0358097173770268,2.3698593957083567,7.158409283538152e-10,stroma
44,10586.0,7986.0,other,0.2128936277117047,0.1517262017726898,0.7314589854649134,7.519423712149409e-11,other
45,16827.0,7608.0,tumor_core,0.6073257064819336,-0.1014644559224446,0.2229961940220424,7.198300476080828e-12,tumor_core
46,6350.0,6502.0,stroma,-0.3640680633272443,0.1841280611356099,1.683941192626953,6.189033116831552e-11,stroma
47,15018.0,8196.0,other,0.1520653533935546,-0.1300199381510416,0.8458421543666296,8.415825281973102e-11,other
48,10785.0,7406.0,other,0.1698667934962682,-0.1909219614664713,1.1334574345179966,1.0497021717451907e-10,other
49,4336.0,6512.0,other,-0.1990718078613281,-0.0142989031473795,1.0816901533944263,7.658698356016536e-12,other
50,11792.0,7517.0,other,0.4336273411342076,-0.1627940114339192,0.9815909412928993,2.6041190211926387e-11,other
51,10583.0,7292.0,other,0.2439978354317802,-0.1683285522460937,0.9816658782958984,5.7753256485313354e-11,other
52,11595.0,8328.0,other,0.3257277515956335,-0.1453274408976237,0.618420786176409,4.5640097003216874e-11,other
53,14005.0,6927.0,other,0.3393034417288644,-0.1442862192789713,0.6887247412545341,2.2791065026119734e-10,other
54,11985.0,5780.0,other,0.4323557771955216,-0.1400894165039062,0.9516950389317104,1.4866381003536124e-12,other
55,7362.0,7539.0,other,0.9235861696515764,-0.0536910502115885,1.1217886407034738,1.0475168997447279e-09,other
56,10580.0,6597.0,other,0.3738712746756417,-0.1526119486490885,0.4684239959716797,7.862092973330824e-11,other
57,16433.0,9230.0,other,0.2698228454589844,-0.1472978846232096,0.2937544304983956,1.2173611740448824e-11,other
58,12394.0,6935.0,other,0.2249338231767926,-0.1428650410970052,0.444369000026158,2.9139749099594133e-12,other
59,10170.0,5210.0,other,0.2730873571123396,-0.093629520535469,0.7492072023664201,1.3463271746018007e-11,other
60,10786.0,7638.0,other,0.0961083957127162,-0.0839965379238128,1.027410065787179,5.1784956413298976e-11,other
61,13003.0,7974.0,interface,0.381620467049735,0.0168309982617696,1.1545510918753488,5.409849543577667e-11,interface
62,16828.0,7839.0,other,0.3920009885515486,-0.1262136586507161,0.0913646861485072,2.6806485725956853e-11,other
63,11393.0,8213.0,other,0.4748271778651647,-0.1448472213745117,0.3429520688738142,1.2308662352255924e-11,other
64,11383.0,6130.0,other,0.5302023587908065,-0.0518367039163907,0.9042718614850724,1.7985262704098524e-11,other
65,7763.0,7074.0,stroma,-0.1424077347346714,0.399234717686971,2.6538905661446703,4.224337253079587e-10,stroma
66,9366.0,5446.0,other,0.5198497281755721,-0.1751238886515299,0.9125565665108816,2.307910439962117e-09,other
67,11389.0,7288.0,other,0.3365425000871931,-0.1485892995198567,0.712550768171038,8.081444207711953e-12,other
68,16023.0,7843.0,other,0.2814812660217285,-0.1076902643839518,0.7898941258021764,3.8211018063366794e-11,other
69,8967.0,6374.0,stroma,0.0563990947178432,0.1291099236408869,2.5124206978934156,3.66088997681384e-09,stroma
70,11995.0,7863.0,other,0.1552946199689592,0.0929595150550206,0.8990621457781112,1.530653920464885e-09,other
71,10978.0,5669.0,other,0.652618124825614,-0.0905082267522811,0.736525993347168,2.8963405274917197e-12,other
72,6155.0,7776.0,stroma,-0.0464614105224609,-0.035577049255371,2.676932165963309,1.1363399274612591e-10,stroma
73,8962.0,5216.0,stroma,0.3409935651506697,0.1417849946022033,1.4272434616088867,1.755248979280962e-09,stroma
74,16833.0,8765.0,tumor_core,0.6588088008335657,-0.1551039377848307,0.534342520577567,4.496899093943705e-12,tumor_core
75,5152.0,8591.0,other,-0.0941707897186279,0.0,-0.0941707897186279,1.029760978082976e-10,other
76,7352.0,5456.0,stroma,-0.4839384078979492,0.4801988124847412,2.4138602175031387,1.2692268287063166e-10,stroma
77,14012.0,8316.0,stroma,0.2338078825814383,-0.0362240267793337,1.6564587838309155,6.470217782915555e-09,stroma
78,13204.0,7857.0,other,0.3184435653686523,-0.165592664082845,0.4457929393223353,3.7294004721669466e-11,other
79,11594.0,8097.0,other,0.383428246634347,-0.1622229512532552,0.3324151066371373,1.5915087145017323e-11,other
80,15826.0,8654.0,other,0.5815558188302177,-0.1114180374145507,0.6490440913609095,1.817004784367243e-12,other
81,9971.0,5790.0,other,0.5108228084019252,-0.1245844092965126,0.4581815665108817,3.911899620548028e-11,other
82,4548.0,8479.0,other,-0.1169188022613525,0.0,0.7182154996054513,1.5009362853738778e-10,other
83,13804.0,7044.0,other,0.4138004139491491,-0.1105719605584939,0.635747904096331,9.269871146124404e-11,other
84,15815.0,6571.0,other,0.4594762856619698,0.0090118652582168,0.9244212014334542,1.6329153879146472e-10,other
85,13196.0,6237.0,other,0.3477357591901506,-0.111286496669054,0.933326061793736,1.562584395119144e-12,other
86,11188.0,7404.0,other,0.4007566288539342,-0.0489052071173985,0.8049346269880022,3.4497387375461695e-11,other
87,13406.0,7972.0,other,0.46511289869036,-0.1340956536928812,0.5173902893066407,6.42170135402827e-10,other
88,8969.0,6605.0,stroma,0.4040093312944685,0.6262323443094889,2.4402671541486467,6.025429578100128e-08,stroma
89,10982.0,6595.0,other,0.5217706462315149,-0.1107488524913787,1.0648267909458704,1.7297060054871714e-11,other
90,11994.0,7632.0,other,0.2000248255048479,-0.0809327671925226,1.1284287697928292,2.8195637382324765e-10,other
91,14006.0,7159.0,interface,0.2233762577601842,0.0009889886776606,1.3003560529436384,3.02084051187863e-10,interface
92,17233.0,8300.0,other,0.400118179321289,-0.1431967544555664,0.3302229963030134,2.919908948307728e-11,other
93,16841.0,10385.0,tumor_core,0.557145609174456,-0.1326641082763671,0.2698623085021973,2.2136666967149082e-12,tumor_core
94,9372.0,6835.0,other,0.0363509150913783,-0.0598833084106445,0.5990891102382117,5.156032278799436e-09,other
95,14614.0,7966.0,stroma,-0.0246200834001812,-0.1373237101236979,1.4389786529541015,5.717271728969646e-11,stroma
96,8159.0,5683.0,stroma,0.2083246748788016,0.2516914232571919,2.009577080862863,3.4470454324699717e-10,stroma
97,11582.0,5782.0,other,0.5671996743338449,-0.1125344602763652,1.0527741949898857,7.320409112801241e-12,other
98,6956.0,6847.0,stroma,-0.5283147437231881,0.4936531289418538,1.7326206152779715,1.258191280095124e-09,stroma
99,11983.0,5317.0,other,0.5269647325788225,-0.1550125376383463,0.7371938269478935,4.30773018660381e-12,other
100,10987.0,7521.0,stroma,0.225320222037179,0.0169870716333389,1.3424194608415876,1.686556324574451e-10,stroma
101,14617.0,8660.0,other,0.3322029004778182,-0.1377741114298502,0.9464285169328964,1.5735454694753854e-11,other
102,5944.0,5810.0,stroma,-0.1755795560564313,-0.03069154103597,2.0322784750802176,6.73820951793905e-10,stroma
103,13812.0,8664.0,interface,0.4048899350847517,0.1474978383382161,1.2608561270577563,5.186425733999187e-09,interface
104,9974.0,6253.0,other,0.32418578011649,-0.1658442942301432,0.6130463845389229,4.3190211992683905e-11,other
105,12397.0,7630.0,other,0.1777020863124303,-0.1133955306808153,0.8216918073381697,2.611548744087638e-11,other
106,14620.0,9123.0,tumor_core,0.8765827069963729,-0.0962859135866165,0.5974985940115792,5.584220405093002e-12,tumor_core
107,16624.0,7262.0,interface,0.3668963050842285,0.0521294649442037,1.0990392466953822,2.8270985331689086e-10,interface
108,11986.0,6012.0,other,0.4951301956176758,-0.170785903930664,1.1092351858956473,2.822814353816261e-12,other
109,14406.0,6694.0,other,0.6289418247767858,-0.1750816345214843,0.7418826130458288,1.909784582067891e-09,other
110,6356.0,7660.0,stroma,-0.1961230891091482,0.2079134015242258,2.9140275628226147,1.0326492916382396e-10,stroma
111,16031.0,9464.0,other,0.3565914916992188,-0.1304483795166015,0.7371782575334822,1.796141388027312e-12,other
112,6551.0,6386.0,stroma,-0.5554355621337891,-0.0669131406148274,2.1412902559552873,1.1560439989416316e-10,stroma
113,15024.0,9353.0,other,0.2285423033578055,-0.0991751035054524,0.4497692162649972,2.0424472315233705e-12,other
114,14609.0,7040.0,interface,0.2811311994280134,0.1210650944709778,1.183589679173061,9.78420866016394e-09,interface
115,4950.0,8477.0,other,0.0,0.0,0.0,1.1054234263108444e-11,other
116,12193.0,7052.0,other,0.3038358361380441,-0.1579694747924804,1.144170526776995,2.6844277054573148e-12,other
117,5345.0,6855.0,stroma,-0.3116408497946602,0.1757595288753509,2.7897439357212614,3.1718988605101855e-10,stroma
118,5750.0,7315.0,stroma,-0.1343940421513149,0.1381339645385742,2.6783774730137417,3.4633249263457176e-11,stroma
119,10381.0,7177.0,tumor_core,0.5928099659511022,-0.158967056274414,0.4338806097848074,7.354480532987924e-11,tumor_core
120,12186.0,5663.0,other,0.4501378141130721,-0.1496885935465494,0.521830814906529,3.365294750290748e-12,other
121,10979.0,5901.0,other,0.2538870865958077,-0.1552297592163086,0.994480492728097,2.972601518123761e-11,other
122,11581.0,5551.0,other,0.412856112888881,-0.1395748519897461,0.6868683515276228,2.9677177719579158e-12,other
123,14205.0,6811.0,other,0.5055005155290877,-0.0243310795227686,0.2968731035505021,2.3711796178986237e-10,other
124,17237.0,8995.0,other,0.5390387507847376,-0.1462965774536132,0.7635644476754325,1.668967708567961e-11,other
125,4338.0,6744.0,other,-0.1008486366271972,-0.0290381463368733,-0.1008486366271972,6.432633567473433e-12,other
126,9166.0,5794.0,stroma,0.2432073484148298,0.1309829791386922,1.5167672947474888,1.626163632072501e-09,stroma
127,8565.0,6376.0,stroma,-0.3810624177115304,0.3355055522918701,2.392107140677316,3.939754277124833e-10,stroma
128,7761.0,6843.0,stroma,-0.3910715253012521,0.3069232034683227,2.410794759477888,2.00979295060916e-10,stroma
129,16622.0,6799.0,stroma,0.3013676997593471,-0.0166299517949422,1.3679810060773576,4.748542596561975e-10,stroma
130,16024.0,8075.0,other,0.6398233141217913,-0.1325575637817382,1.115818029131208,1.7065960850543078e-11,other
131,12997.0,6817.0,other,0.0987902777535575,-0.1560181427001953,0.5455778503417968,2.3746216044570968e-11,other
132,15831.0,9812.0,other,0.613163800920759,-0.135410041809082,0.7973613630022323,9.543851301744248e-12,other
133,11385.0,6593.0,other,0.4797378267560686,-0.1354149119059244,0.8678519657679967,7.827847584738175e-12,other
134,12790.0,5545.0,other,0.4511781147548132,-0.1463057963053385,0.3263960157121931,7.250531254530994e-12,other
135,10171.0,5442.0,other,0.4018422480991908,-0.1589669926961263,1.1096866280691964,8.778495760394953e-12,other
136,9371.0,6603.0,other,0.1863713564191546,-0.107024294535319,1.21566716330392,4.8667629162042154e-09,other
137,14814.0,7618.0,stroma,0.3746180834089005,-0.1180562845865885,1.4810718372889926,1.371186362318456e-10,stroma
138,13197.0,6469.0,other,0.4502187129429408,-0.0813424750169118,0.4864240700857979,1.4806065184626942e-12,other
139,15219.0,8079.0,stroma,0.4745083127702986,-0.156681900024414,1.6267462321690151,9.45499134629918e-10,stroma
140,10573.0,5208.0,other,0.4023600823538643,-0.1665868631998698,0.5215056719098772,1.7361459062735094e-11,other
141,8769.0,6953.0,stroma,-0.3869946071079799,0.4472558959325154,1.9818066787719728,4.2027528177335616e-10,stroma
142,13601.0,6698.0,other,0.2083056313650948,-0.0627245867252349,0.4499252646309989,8.068390974580805e-10,other
143,8366.0,6955.0,stroma,-0.1280322756086077,0.276021249294281,2.272697704860142,6.579418771006163e-11,stroma
144,12187.0,5895.0,other,0.4902952575683593,-0.1159390578667322,0.7914936120169503,1.2355570671630701e-12,other
145,14002.0,6465.0,other,0.5425479997907365,-0.1112633730471134,0.6721461268833704,5.0976132542706936e-11,other
146,9976.0,6716.0,other,0.4205608367919922,-0.1480508422851562,0.390564616067069,9.606415451501823e-11,other
147,6550.0,6154.0,stroma,-0.425933837890625,0.2987579389413198,1.7821675763811384,4.6345576311059677e-10,stroma
148,14207.0,7042.0,interface,0.5214783913748604,-0.0328744210799535,1.3001439775739396,8.670904157161635e-10,interface
149,4947.0,7782.0,stroma,-0.0444304656982421,0.0,1.3808315767560686,8.535393290666794e-11,stroma
150,4740.0,6742.0,stroma,-0.3412465667724609,0.3196917072931925,2.461130049569266,4.166430755238423e-10,stroma
151,13408.0,8435.0,other,0.4193509892054967,0.0463057875633239,0.8343981715611049,3.9221284304914565e-10,other
152,8772.0,7648.0,stroma,0.2587372262137276,-0.0641907246907552,1.6044160897391184,7.885067774456894e-11,stroma
153,14010.0,8085.0,interface,0.5406787054879325,0.1688032019138336,1.4868197631835938,2.6837404063247937e-08,interface
154,13006.0,8668.0,interface,0.4378013774326869,-0.05046181589365,1.308424731663295,4.935996577017017e-10,interface
155,6154.0,7545.0,stroma,0.038857479095459,0.1399845071633657,2.757044922964914,1.3058477156787714e-10,stroma
156,12802.0,8091.0,stroma,0.3697532326834541,-0.0857846709092458,1.416043385096959,1.3143714774743014e-10,stroma
157,11182.0,6247.0,other,0.3296053096226282,-0.0162663504481315,1.0859324537004744,1.2818891942866768e-11,other
158,13402.0,7278.0,other,0.2568673161097936,0.0042022434870402,0.9337471335274832,2.8074048234782183e-11,other
159,7356.0,6382.0,stroma,-0.071292724609375,0.1028987423578898,2.4641635022844586,5.161477271925294e-10,stroma
160,7155.0,6267.0,stroma,-0.3155404697145734,0.4477768262227376,2.295293535505022,9.578189679189816e-10,stroma
161,5959.0,8819.0,other,-0.1068785572052001,0.0,-0.1068785572052001,1.225306409540716e-10,other
162,9364.0,5214.0,other,0.5053990500313895,-0.101785687704881,0.700422864641462,1.0975944609645126e-10,other
163,12602.0,8439.0,other,0.0724535206386021,-0.0638006966312726,1.1303809411185128,2.2027773311766687e-10,other
164,15008.0,6112.0,other,0.3444908578055246,-0.0252648718158403,0.8814428656441825,2.0611993058652007e-10,other
165,13398.0,6352.0,other,0.4011021859305245,-0.1332779439290364,1.1921188136509486,1.5431937128235192e-11,other
166,5547.0,6969.0,stroma,-0.3375308745247978,0.5899487050374349,2.74372796194894,1.0633393561523723e-09,stroma
167,16633.0,9113.0,tumor_core,0.6413239942278182,-0.1309462865193685,0.5039481462751115,3.485333796474363e-12,tumor_core
168,8763.0,5796.0,stroma,0.1092065647670201,0.0473215301831563,1.4116710008893694,3.330296950869577e-09,stroma
169,11997.0,8095.0,other,0.3590066528320312,0.0318325175841649,0.8515308053152901,3.178856539840721e-10,other
170,17040.0,9806.0,tumor_core,0.8104907172066825,-0.0420288640260696,0.4484453936985559,1.1811667364559003e-10,tumor_core
171,16236.0,10273.0,other,0.3418665558951241,-0.1744889958699544,0.6680535180228097,6.052561698995921e-11,other
172,5751.0,7547.0,stroma,-0.4804462432861328,0.1741845313707987,2.489197807312012,8.975801926904827e-11,stroma
173,13199.0,6931.0,other,0.3777432577950614,-0.0790560582280159,0.6385881423950195,7.354630348755216e-11,other
174,14215.0,8662.0,other,0.3996118382045202,-0.1585149002075195,0.8204463577270508,2.5803938503789037e-10,other
175,12199.0,8209.0,stroma,0.34599426814488,-0.154171880086263,1.394774077279227,4.0929311302651276e-10,stroma
176,13394.0,5657.0,other,0.1233841514587402,-0.1486127344767252,0.6208440562656946,3.971653645289147e-11,other
177,15816.0,6803.0,interface,0.43526914869036,-0.0092672780156135,1.1177751868111747,1.5392529172667051e-09,interface
178,15225.0,9468.0,other,0.322964049748012,0.0356190228462219,0.2702752712794712,3.889219851207939e-11,other
179,4951.0,8708.0,stroma,-0.0502726411819458,-0.0167575470606486,1.4846404218673706,2.3802722833884148e-11,stroma
180,14015.0,9011.0,other,0.5815718405587333,-0.0635094171762466,1.117082508632115,2.0747676865897115e-10,other
181,11386.0,6825.0,other,0.2413135337829589,-0.1441239420572916,0.4834476089477539,4.52255131125325e-12,other
182,10378.0,6482.0,other,0.479679892403739,-0.1369325892130533,0.2176521737234933,2.2350452714448236e-11,other
183,5549.0,7432.0,stroma,-0.5436703491210938,0.1978408439954121,2.960384712219238,2.668559706248456e-10,stroma
184,13810.0,8201.0,interface,0.0153827558244977,0.2741409929593404,1.2783645411900113,4.88126676374805e-08,interface
185,5552.0,7895.0,immune,-0.2021440505981445,0.5151204172770182,0.6639844948904855,7.085372734230204e-09,immune
186,10780.0,6480.0,other,0.5454485484531947,-0.094902549435695,1.3374196188790457,1.4719149896500652e-10,other
187,16436.0,9925.0,tumor_core,0.6476095363071985,-0.0977999623616536,0.3251251002720424,7.730404880758501e-12,tumor_core
188,10784.0,7175.0,other,0.2586948640005928,-0.1473025131225586,0.4508126286097936,1.9891087216292776e-11,other
189,15423.0,8656.0,other,0.3533121381487165,0.0511322579781214,0.9646531077793664,6.956579561712424e-11,other
190,17240.0,9689.0,tumor_core,0.5621464538574219,-0.1194992639124393,0.1239694840567452,1.9112094386654985e-11,tumor_core
191,15411.0,6342.0,other,-0.2489585876464843,-0.083378194173177,0.706608488900321,3.995774448498952e-10,other
192,6357.0,7891.0,stroma,0.2578824424743652,0.0,1.8564037486485072,1.2803990250140668e-10,stroma
193,5351.0,8012.0,other,-0.1836088562011718,0.0,0.44759765625,5.14975862872636e-10,other
194,14004.0,6696.0,other,0.3690944399152482,-0.0503222477436065,0.897749295915876,2.0819485069461083e-10,other
195,8359.0,5567.0,stroma,0.2702780478341239,0.3266999224821726,1.3776915196010044,1.098138791509791e-09,stroma
196,14610.0,7272.0,other,0.3052309417724609,0.0009553494056065,1.0345876911708287,1.0274341906520955e-09,other
197,11984.0,5549.0,other,0.4842161669049943,-0.137828737894694,0.4878662545340402,1.717755684206144e-12,other
198,4743.0,7205.0,other,-0.1430976104736328,-0.0143706464767456,0.570846620287214,5.994034349558429e-11,other
199,16831.0,8302.0,tumor_core,0.8011559077671595,-0.1416302744547526,0.2484426253182547,1.5838706535975284e-11,tumor_core
200,4545.0,8016.0,other,0.0,0.0,0.0,1.83291873961761e-10,other
201,9778.0,7296.0,interface,0.4376510184151786,0.0666693089405695,1.2691589845929827,1.4016114134875089e-08,interface
202,15827.0,8886.0,tumor_core,0.5685845729282923,-0.1288144810994466,0.4173415374755859,1.560584901273087e-12,tumor_core
203,4139.0,7323.0,interface,0.5707061658586774,-0.0332629903157552,1.2343179866245817,2.5796776393269145e-10,interface
204,4746.0,7899.0,other,0.585950597354344,-0.0147012694676717,0.6841011231286186,2.288789176656484e-09,other
205,10782.0,6712.0,interface,0.6025239998953683,-0.1000238107641537,1.4978851427350723,2.0440930018755256e-10,interface
206,12604.0,8670.0,other,0.0743009812491279,-0.062258573770523,0.9633457619803292,1.0862760743093239e-10,other
207,9772.0,6138.0,other,0.3908571733747209,-0.1323850504557291,0.8920789882114954,1.0790986170287262e-10,other
208,16438.0,10387.0,other,0.1337020874023438,-0.139269421895345,0.7380591256277902,5.0700161841482965e-11,other
209,12598.0,7513.0,other,0.0934033012390136,-0.1042453502615292,0.4776679992675781,2.2796359686030523e-12,other
210,7360.0,7076.0,stroma,-0.0185675457545689,-0.0523442967732747,1.5512095696585522,1.7195861658542503e-10,stroma
211,8365.0,6724.0,stroma,-0.3535981028420584,0.1754127653439839,2.11895202091762,2.39287333529238e-10,stroma
212,13193.0,5774.0,other,0.2028892571585518,-0.144183235168457,0.608998418535505,1.762306690836308e-11,other
213,13206.0,8320.0,other,0.3973137828281946,-0.0685867154598236,1.2108867263793943,8.527234984566957e-11,other
214,5344.0,6623.0,stroma,-0.2788675151552472,0.1852097584803899,2.3223643330165316,2.261498404038851e-09,stroma
215,5749.0,7084.0,stroma,-0.6020436096191406,0.4135222991307576,2.504378307887486,2.0820703445544715e-10,stroma
216,13002.0,7743.0,other,0.280251568385533,-0.1590405406057834,0.8972777448381697,3.086276675325707e-11,other
217,5757.0,8704.0,other,-0.051219778060913,0.0,0.5823198304857526,5.3588834847417365e-11,other
218,6556.0,7311.0,stroma,-0.272747323853629,0.1146407469113667,2.6695472826276507,2.1729149402278297e-11,stroma
219,10172.0,5673.0,other,0.5137904357910156,-0.0995998427768548,0.4829411043439592,2.8992773058854508e-11,other
220,9175.0,7646.0,other,0.1574662372044154,-0.0793730799357096,1.2054613658360072,7.194106418798722e-11,other
221,12794.0,6470.0,other,0.3820809718540735,-0.1303069432576497,0.4149556350708008,3.9253388111232513e-13,other
222,4741.0,6973.0,stroma,-0.2359960556030273,-0.0109169276555379,1.7646727807181222,4.2187000604741805e-10,stroma
223,12395.0,7167.0,other,-0.0173686654227119,-0.1346189626057942,0.3786726624625069,1.4066944474404945e-11,other
224,7957.0,5569.0,stroma,0.0156718908037457,0.2066372060775756,2.3243116760253906,3.0877272350328327e-10,stroma
225,11782.0,5434.0,other,0.4779110172816686,-0.1444820022583007,0.6323299135480608,2.57228173441508e-12,other
226,14213.0,8431.0,stroma,0.3177120862688337,-0.0967557248473167,1.7627232687813894,1.9399334261370967e-10,stroma
227,3937.0,7209.0,other,0.0,-0.0538683255513509,0.8023816517421177,1.5319951941645748e-10,other
228,7358.0,6613.0,stroma,-0.6334711074829101,-0.0816616376241048,2.158487946646554,2.7251543690630278e-09,stroma
229,4340.0,7207.0,tumor_core,0.6806509154183524,0.0,0.6806509154183524,1.8786231413979607e-10,tumor_core
230,14811.0,7155.0,interface,0.57426698412214,0.0674212308724721,0.9672110802786692,5.324375420050957e-09,interface
231,6753.0,6500.0,stroma,-0.2570081424713134,0.2208400845527648,1.5151851654052737,1.1754608367536163e-10,stroma
232,6757.0,7426.0,stroma,-0.2955246210098267,0.1758676079909006,2.591464080810547,5.850132315309969e-11,stroma
233,12189.0,6358.0,stroma,0.3886210904802595,-0.1180139785011609,1.4054639380318776,2.328405605482867e-12,stroma
234,8966.0,6142.0,stroma,0.2785242489406041,0.0802824411789576,1.952823126656668,2.7226316741637286e-10,stroma
235,13409.0,8666.0,other,0.5009392493111747,-0.1531982167561849,0.7399063927786691,1.707347473942729e-09,other
236,15616.0,6919.0,other,0.2990536962236677,-0.1583634948730468,0.740585833958217,2.4100862211131785e-10,other
237,4747.0,8131.0,immune,-0.1470097351074218,0.5962061285972595,-0.1470097351074218,1.974134621486406e-09,immune
238,14807.0,6229.0,other,0.5281400517054967,-0.1527706146240234,0.6791797256469727,2.0873551191641663e-11,other
239,12188.0,6126.0,other,0.3658551461356026,-0.1304151121775309,1.2041898127964563,2.330522328558957e-12,other
240,12592.0,6356.0,other,0.2653957366943359,-0.1639765803019205,0.062268477848598,8.587573964731957e-12,other
241,9165.0,5563.0,interface,0.5612685448782784,0.0899110154310862,1.547770620073591,7.66971859701465e-09,interface
242,13606.0,7855.0,other,0.3782359095982142,-0.1367117953300476,0.2590732465471541,6.65620812935601e-10,other
243,17032.0,8186.0,tumor_core,0.5847359848022461,-0.1555938084920247,0.1688564464024134,1.8487718452585445e-11,tumor_core
244,10774.0,5092.0,other,0.4163692474365235,-0.139217529296875,0.7732456970214844,2.1413165649587945e-11,other
245,6950.0,5689.0,stroma,-0.2687273699896676,0.4873445113499959,2.5150741958618164,5.86566867509817e-10,stroma
246,13001.0,7511.0,other,0.6453536987304688,-0.1418562316894531,0.6962618637084961,8.063546014642188e-12,other
247,5951.0,7199.0,stroma,-0.4184317459378924,0.3260557381312052,2.2877699879237583,1.9343139261236928e-11,stroma
248,12593.0,6587.0,other,0.4044512557983398,-0.1167100524902343,0.6844226891653878,5.220848318177104e-12,other
249,11589.0,7171.0,other,0.4010746710641044,-0.0725870257616043,0.4321862847464425,8.431810971440052e-12,other
250,6756.0,7195.0,stroma,-0.0602380044119698,-0.0797485097249349,2.591722275870187,1.740054584789897e-10,stroma
251,4542.0,7321.0,other,-0.098816967010498,-0.0164694945017496,-0.098816967010498,1.726247870501213e-11,other
252,5544.0,6275.0,interface,0.5882290322440011,0.3410151386260986,2.3546583775111607,2.4603171720709097e-08,interface
253,7562.0,7191.0,stroma,-0.2231857831137521,0.0968823101123174,2.4297586931501116,1.1573076959082148e-10,stroma
254,11384.0,6362.0,other,0.2994342313494001,-0.0704258374373118,1.3240296391078403,7.377238223918887e-12,other
255,5151.0,8360.0,other,0.0,0.0,0.0,9.993051633011996e-11,other
256,16224.0,7727.0,other,0.6337688337053572,-0.0130221795042355,0.8127998788016183,5.123329997866514e-11,other
257,7156.0,6498.0,stroma,-0.5404025268554687,0.5149600998560587,1.8763606807163784,1.6485549365010135e-09,stroma
258,6554.0,7080.0,stroma,-0.4524721908569336,-0.0642350641886393,2.742458714076451,2.2784857253379748e-10,stroma
259,9367.0,5677.0,stroma,0.4062944848196846,-0.1290617683529853,1.409636584690639,1.7874492233751315e-09,stroma
260,12991.0,5659.0,other,0.2798656845092773,-0.1668762079874674,0.161738131386893,1.1814930883640463e-11,other
261,12806.0,8785.0,stroma,-0.0433126885550362,-0.1422618865966796,1.7476073564801895,1.3123396126741374e-10,stroma
262,8567.0,6839.0,stroma,-0.221835891178676,0.4074768217404683,2.278532415117537,3.904086490514311e-10,stroma
263,16635.0,9345.0,tumor_core,0.6533843503679548,-0.1334411112467448,0.5097354725428991,1.1908476961971184e-11,tumor_core
264,10181.0,7525.0,stroma,0.5085297175816126,-0.104005807240804,1.380076457432338,5.923390272747596e-10,stroma
265,5756.0,8473.0,immune,-0.1031136131286621,0.6444600820541382,0.6334121949332101,1.213299217215443e-09,immune
266,17245.0,10615.0,other,0.5611057009015764,-0.1625804901123047,0.7500300489153181,8.918231879620328e-12,other
267,15818.0,7034.0,other,0.5939346694946289,-0.0069382057587305,0.9726840318952288,6.249576918399013e-11,other
268,17246.0,10846.0,other,0.5168201119559152,-0.1290526535610358,1.1123222187587194,1.0404030522624882e-11,other
269,17034.0,8649.0,other,0.3106174523489815,-0.1257408777872721,0.5840217535836356,5.2557135831498855e-12,other
270,9164.0,5331.0,stroma,0.3190814590454102,-0.0501008965571721,1.411458980015346,1.0326964502762943e-09,stroma
271,16029.0,9001.0,other,0.1319161714826312,-0.1300316874186197,0.2060727201189313,1.4749826771741534e-11,other
272,8971.0,7068.0,stroma,0.0656403841291155,0.085608700911204,1.3491341618129185,1.167813202379443e-09,stroma
273,13798.0,5887.0,tumor_core,0.5766648646763392,-0.1579773966471354,0.4400553022112166,6.353334407917949e-11,tumor_core
274,4543.0,7553.0,tumor_core,0.6827111005783081,0.0,0.6827111005783081,1.423408446749258e-11,tumor_core
275,11587.0,6708.0,other,0.0943474033900669,-0.1133556002875169,0.511536363874163,2.9293579795000373e-11,other
276,5946.0,6273.0,stroma,-0.4207622269221714,0.1389537564913431,2.164776720319475,3.5532997296453815e-10,stroma
277,17229.0,7374.0,tumor_core,0.6478247996738978,-0.1166606267293294,0.323902462550572,4.3976348438579744e-12,tumor_core
278,8970.0,6837.0,stroma,-0.159702136175973,0.2067569983005523,1.672559563773019,2.629153523711765e-09,stroma
279,12800.0,7628.0,other,0.510946557181222,-0.1571708679199218,0.6348670632498604,2.425134733266984e-11,other
280,5553.0,8127.0,stroma,-0.0484876155853271,0.0,1.534072514942714,3.723962324943612e-09,stroma
281,15425.0,9119.0,other,0.3054532841273717,-0.118451067606608,0.6191681998116629,4.8426127826233925e-11,other
282,14203.0,6348.0,other,0.6055599648611886,-0.0835819134612878,0.8102243205479213,3.0810739716015495e-11,other
283,7152.0,5804.0,stroma,-0.1901986135755266,0.0844931115706761,1.5737585285731723,1.0550841248859648e-10,stroma
284,14201.0,5885.0,tumor_core,0.5929558454241072,-0.122701416015625,0.3449525669642858,2.4340151870478516e-11,tumor_core
285,5353.0,8475.0,immune,-0.0486140155792236,0.6076751947402954,0.6458719212668282,1.535227023720231e-09,immune
286,5945.0,6041.0,stroma,-0.399520263671875,0.2891637937227885,2.8297564479282924,3.2097237580565216e-10,stroma
287,9978.0,7179.0,interface,0.4032431738717216,0.1101619313160578,0.8339301245553153,1.482677468214252e-09,interface
288,9173.0,7183.0,other,0.3598644801548548,-0.0837640698750813,1.1407879911150252,2.909802231388082e-09,other
289,13397.0,6120.0,other,0.4387800979614258,-0.0680891418457031,0.9489456122262138,1.365325589790701e-11,other
290,15631.0,9929.0,stroma,-0.0536133071354457,-0.0160370270411173,1.429825221470424,1.495047709774902e-11,stroma
291,5555.0,8589.0,interface,-0.0509743452072143,0.0,1.2091344663075037,5.03151605665862e-10,interface
292,6751.0,6037.0,stroma,0.0725334957667759,-0.0338529968261718,1.94868533543178,4.5430779589149215e-10,stroma
293,11784.0,5897.0,other,0.5297466441563197,-0.1461064020792643,1.038299048287528,4.0173371888558766e-12,other
294,16632.0,8882.0,tumor_core,0.5956756809779576,-0.0965453540782133,0.1675982420785087,3.416826250763306e-12,tumor_core
295,10375.0,6020.0,other,0.3780514962332588,-0.0860009031494458,0.8648334012712752,1.736757056434632e-11,other
296,10980.0,6132.0,other,0.7156754629952568,-0.1492877070109049,1.194977297101702,4.119337781334265e-11,other
297,14608.0,6809.0,interface,0.6380990491594588,0.0314577480157216,0.9783371898106166,1.0832958536337695e-08,interface
298,9168.0,6257.0,stroma,-0.0825075585501534,0.065751986503601,2.3729772404261995,1.161388085703146e-09,stroma
299,15011.0,6807.0,other,0.6444884436471122,-0.0651977234085401,0.6633571406773158,3.881610067747496e-11,other
300,16636.0,9576.0,other,0.4538015392848424,-0.0956048393249511,0.2102497509547641,2.8129677031914607e-11,other
301,6146.0,5925.0,stroma,-0.2000287532806396,0.4884932009379069,2.361076224190848,3.177266590252964e-10,stroma
302,13207.0,8552.0,other,0.0579440334865024,-0.1314963785807291,0.6086815752301896,1.2061560681202798e-10,other
303,9574.0,6949.0,other,0.4300266756330216,-0.065394327044487,0.377272229875837,3.3928196856303857e-10,other
304,9568.0,5561.0,other,0.3127130399431501,-0.1063644063472747,1.2991177749633789,1.685694226247512e-10,other
305,15212.0,6690.0,other,0.3826190240042549,-0.1368386840820312,0.3308205795288086,2.0176768844581065e-11,other
306,6558.0,7774.0,stroma,-0.0774378844669887,0.2790249407291412,1.8754203905378068,2.1212074878410022e-10,stroma
307,14809.0,6692.0,stroma,0.4779535402570452,0.2207303754488627,2.183528278895787,2.620791234589252e-09,stroma
308,5350.0,7780.0,stroma,-0.1028748226165771,-0.0228610722223917,1.3579536158697945,2.3832312418282933e-10,stroma
309,9577.0,7412.0,tumor_core,0.9963011823381696,-0.1416100311279297,0.8949275861467635,2.9117071565282455e-09,tumor_core
310,13605.0,7624.0,other,0.4801173782348633,-0.1305922444661458,0.2942368507385253,1.0182841235514887e-11,other
311,10374.0,5788.0,other,0.4861518914358956,-0.0620713736613591,0.890557349068778,3.5097346133884895e-11,other
312,16221.0,7264.0,interface,0.4292154421125138,0.1801728097597758,0.913972451346261,1.680224495743809e-09,interface
313,9566.0,5329.0,interface,0.1436750221252442,0.0401829242706298,1.229727886744908,2.0918739116805966e-10,interface
314,11380.0,5667.0,other,0.2509751755850655,-0.1479306157430013,0.7884962681361608,1.4481252878130875e-11,other
315,16427.0,8073.0,tumor_core,0.6289935575212752,-0.1435109710693359,0.2573077964782715,5.458590342533014e-12,tumor_core
316,7965.0,7189.0,stroma,-0.6878521728515625,0.6112949045499165,2.0603667994907924,7.24906395659544e-10,stroma
317,16028.0,8769.0,other,0.625078969682966,-0.1573678207397461,0.7683203342982702,7.318812411272457e-12,other
318,3735.0,7094.0,other,0.0,-0.019849468866984,0.0,7.894710757366493e-12,other
319,13807.0,7739.0,tumor_core,0.7236994988577706,-0.1655050659179687,0.2663730348859514,1.551333028909148e-10,tumor_core
320,8161.0,6146.0,stroma,0.1062668010166713,0.4592385260264079,2.687300938197545,3.1078354152222485e-10,stroma
321,13598.0,6235.0,other,0.0848239380972726,-0.162981096903483,0.8820996257237025,8.242716310225561e-12,other
322,11586.0,6476.0,other,0.3586215918404716,-0.1703995513916015,1.084241224016462,3.312046861635102e-11,other
323,15623.0,8308.0,stroma,0.4884420122419084,-0.1166253662109375,1.3505385099138532,2.3105338797884e-11,stroma
324,8165.0,7072.0,stroma,-0.3921282345908028,0.3738505625724792,2.1627092252458846,1.5271270753906042e-10,stroma
325,10382.0,7408.0,other,0.3738164411272322,-0.1614356104532877,0.9275003106253488,1.2357626166736602e-10,other
326,16830.0,8071.0,other,0.3730724171229772,-0.0635921851793925,0.1878430393763951,3.553666794712548e-11,other
327,5348.0,7549.0,stroma,-0.1982959938049316,-0.0110164435704549,1.8337250082833427,3.6138577353444857e-10,stroma
328,7756.0,5685.0,stroma,-0.4312487901960101,0.6084409618377685,2.190573447091239,1.0144828055260455e-09,stroma
329,6548.0,5691.0,stroma,-0.382856057030814,-0.0080485538641611,1.9822909109933031,2.292338244918711e-10,stroma
330,16428.0,8304.0,tumor_core,0.6615590177263533,-0.0575746277968088,0.5617642811366491,1.1033824644138279e-11,tumor_core
331,15213.0,6921.0,other,0.3811794825962611,0.0068331561485926,0.2793160656520298,4.17960348022094e-11,other
332,14816.0,8081.0,interface,0.1049824987139019,-0.0133540353178977,1.220054212297712,6.124802093828215e-11,interface
333,8562.0,5913.0,stroma,0.2804845755440849,0.2132119270165761,1.854832338605608,7.790846844278823e-11,stroma
334,13004.0,8205.0,stroma,0.1967470850263322,-0.0646973310907681,1.513147408621652,7.32421096032289e-11,stroma
335,4744.0,7436.0,stroma,-0.2297757911682129,-0.0153183857599894,1.3375064768110003,1.6571683211486734e-11,stroma
336,11177.0,5321.0,other,0.5323142078944616,-0.060819258292516,0.633828626360212,1.5088710048434393e-11,other
337,13602.0,6929.0,other,0.6387857709612166,-0.1367178726196289,0.9586443546840124,1.1937385033889352e-09,other
338,4538.0,6627.0,other,-0.2303953552246093,-0.0130979259808858,1.2493405532836914,2.0375281237555174e-11,other
339,13205.0,8089.0,other,0.5322515324183874,-0.0954255472620328,0.8542587498256139,1.105010984971562e-10,other
340,14621.0,9355.0,other,0.4139396177019392,-0.1269925944010416,0.8017815508161271,5.684795705688211e-12,other
341,5343.0,6392.0,other,-0.3415556335449218,-0.0432925637563069,1.16821136202131,7.2161977402120314e-09,other
342,17239.0,9458.0,tumor_core,0.540499371119908,-0.117984275817871,0.3667441313607352,4.07140550915136e-11,tumor_core
343,6958.0,7309.0,stroma,-0.2849732099260603,0.107809190750122,2.5722861535208565,1.0569571049021404e-10,stroma
344,7758.0,6148.0,stroma,-0.3294767624991281,0.074362967411677,2.406401677812849,6.325643689002441e-11,stroma
345,7961.0,6494.0,stroma,-0.3751177515302386,0.1840779896577199,2.026189978463309,1.7786209335291467e-11,stroma
346,4141.0,7786.0,other,0.0,-0.0191593313217163,0.0,1.0415708862724544e-12,other
347,7557.0,6265.0,stroma,-0.4095109721592495,0.3735848577817281,2.6676840209960937,9.955688341946092e-11,stroma
348,11989.0,6474.0,stroma,0.3633381761823381,-0.1508951059977213,1.4158231844220843,1.8690493943183784e-11,stroma
349,14411.0,7620.0,other,0.3167978586469377,0.0490706841150919,0.7659724262782507,4.2301343167656765e-11,other
350,4544.0,7784.0,stroma,-0.0504243183135986,0.0,1.3902704906463623,7.975186741004123e-11,stroma
351,16628.0,7956.0,other,0.4819804382324218,-0.1315392303466797,0.2971433476039342,2.4638776680826343e-12,other
352,12390.0,6241.0,other,0.3580058452061243,-0.1459922536214192,0.789476934160505,5.558041614872551e-12,other
353,15830.0,9580.0,other,0.4904707390921456,-0.1093233744303385,-0.0394398130689348,1.07325347558478e-12,other
354,8973.0,7531.0,stroma,0.239489015851702,-0.1063743845621744,1.7175924410138812,1.7805105827597788e-10,stroma
355,14409.0,7157.0,other,0.3638646915980749,-0.0543956847985585,0.9677739606584822,1.0094348617085147e-09,other
356,14217.0,9125.0,other,0.7183289664132255,-0.1546512222290039,0.8110002408708845,8.696073050353334e-11,other
357,14414.0,8314.0,stroma,0.3218865585327148,0.0512509161233901,1.8337601579938616,2.1528113589925715e-10,stroma
358,16437.0,10156.0,tumor_core,0.6328078133719308,-0.1251308822631835,0.47180908203125,1.8224498868185582e-11,tumor_core
359,6549.0,5923.0,stroma,-0.545961570739746,-0.0924088033040364,1.666023406982422,6.08569816297284e-10,stroma
360,13808.0,7970.0,other,0.2677009691510881,-0.020402651031812,0.9239004516601562,6.613061088380544e-09,other
361,9981.0,7642.0,stroma,0.337618934086391,-0.0889344469706217,1.489957068307059,3.978993133150735e-09,stroma
362,15820.0,7497.0,stroma,0.0305980573381695,-0.1020167668660481,1.4952515084402904,4.1552155104495055e-10,stroma
363,17042.0,10269.0,other,0.3733604540143693,-0.1414444732666015,0.5488793999808175,9.026943237227127e-12,other
364,17026.0,7028.0,other,0.6757862036568778,-0.1100160217285156,0.7475214985438756,1.3152656484332033e-11,other
365,16232.0,9347.0,other,0.3600026375906807,-0.1289785893758138,0.3624543871198381,4.812174154458885e-12,other
366,15010.0,6575.0,other,0.5519924817766463,-0.1119554960230986,1.238658082144601,8.298079669581463e-11,other
367,10977.0,5438.0,other,0.3824444471086775,-0.1392326482137044,0.7022047424316407,5.70041774889932e-12,other
368,7955.0,5337.0,stroma,-0.1640535736083984,0.1788098013401031,2.3117559487479076,6.283849599242919e-11,stroma
369,11796.0,8211.0,other,0.4149011993408202,-0.161087417602539,0.6275020762852259,8.702581716143141e-11,other
370,14404.0,6231.0,tumor_core,0.5861581148420061,-0.1135149267315864,0.475026125226702,4.5225688607059593e-11,tumor_core
371,16026.0,8538.0,other,0.6080759048461915,-0.1258145395914713,0.902851061139788,2.6793363097786797e-12,other
372,16235.0,10041.0,other,0.7167809350149972,-0.1072637430826822,0.8328273882184709,2.397098858423815e-11,other
373,4941.0,6625.0,stroma,-0.4011577606201172,-0.026916913986206,2.577471378871373,2.7661129633062736e-10,stroma
374,16836.0,9460.0,tumor_core,0.578482448032924,-0.0327576347192128,0.2435952813284737,2.7900309463298038e-11,tumor_core
375,12401.0,8324.0,other,0.061063139779227,-0.1570906066894531,1.011031554085868,5.62005883393856e-10,other
376,11789.0,6823.0,other,0.3921800013950892,-0.0425440482298533,0.8471220888410295,1.745927808094231e-11,other
377,5148.0,7666.0,tumor_core,0.5370121220179966,0.0,0.5370121220179966,1.079481174687914e-09,tumor_core
378,9171.0,6720.0,interface,0.8755571746826172,-0.1032526206970214,1.9544507162911549,6.300417797900929e-08,interface
379,10576.0,5903.0,other,0.5264627565656389,-0.1565640513102213,0.228003681727818,2.443019221146765e-11,other
380,9375.0,7298.0,stroma,0.1454648535592215,0.0780335271358489,2.513025692531041,1.5133904856977828e-09,stroma
381,10384.0,7871.0,other,0.2754960686819894,-0.1267217636108398,0.6674779347011022,2.377483982400562e-10,other
382,10178.0,6831.0,other,0.4854628045218331,-0.1188585789998372,0.228565205165318,8.064657150301389e-11,other
383,7555.0,5802.0,stroma,-0.127252219063895,1.076630851427714,2.6136316353934155,1.1834133243156528e-09,stroma
384,10983.0,6827.0,other,0.497147216796875,-0.1278628921508789,0.6882875987461634,2.275427344844134e-11,other
385,6355.0,7428.0,stroma,-0.6028181076049804,0.1437001478672027,2.353688512529646,8.132792884075819e-11,stroma
386,12795.0,6702.0,other,0.3382593100411551,-0.1294267908732096,0.2960976409912109,4.4519827594426996e-13,other
387,17038.0,9574.0,interface,0.3087179619925362,0.0882672039667765,0.9789657592773438,6.40179317833349e-10,interface
388,16625.0,7493.0,other,0.7381211308070592,-0.114821294148763,0.9290855843680246,3.0820829445661784e-10,other
389,16631.0,8650.0,tumor_core,0.573921001979283,-0.1199949010213216,0.4881613213675362,1.815993753021377e-12,tumor_core
390,8156.0,5220.0,stroma,-0.1574527740478515,0.1425004720687866,1.8332529013497487,5.376277818761523e-10,stroma
391,14007.0,7390.0,other,0.5674480601719447,-0.0996970630685488,1.3246121924264087,5.1164523665404365e-11,other
392,13608.0,8087.0,interface,0.456788613455636,0.0133878461519877,1.285218358721052,1.3331418710454176e-08,interface
393,15414.0,6805.0,other,0.4299864469255721,-0.1694556427001953,0.7367320850917272,2.8517148584664276e-11,other
394,9571.0,6255.0,interface,0.4309099469866072,0.0022808357079823,1.2093587657383509,1.1231237266309999e-09,interface
395,6147.0,6156.0,stroma,-0.2134925242832729,-0.1145987955729166,2.2122500719342915,3.5775427685387657e-10,stroma
396,9377.0,7760.0,other,0.3908216258457728,-0.0677198346455891,0.8779988752092635,2.015484654269204e-10,other
397,11791.0,7286.0,other,0.3557348850795202,-0.1141072916487852,0.5030071149553572,1.1672136088337959e-11,other
398,9977.0,6947.0,other,0.2373201506478446,-0.1489870071411133,0.5779696927751814,4.2440568209040077e-10,other
399,17243.0,10152.0,other,0.6793743787493025,-0.1464695612589518,0.700413431440081,3.3842954438683356e-11,other
400,13799.0,6118.0,stroma,0.5112497438703264,-0.1597698593139648,1.4517579105922152,9.748264523446559e-12,stroma
401,9773.0,6370.0,other,0.4205342701503209,-0.1611511611938476,0.6522161047799246,2.0426264800184707e-10,other
402,9163.0,5100.0,interface,0.3742203031267439,-0.0031077241897582,1.28985111781529,6.008846473255836e-10,interface
403,15214.0,7153.0,other,0.3253387941632951,-0.1511974716186523,0.4356202588762556,1.6580237547824535e-10,other
404,13208.0,8783.0,stroma,0.2020791653224399,-0.1648166402180989,1.6253337860107422,5.72488923564216e-10,stroma
405,14412.0,7851.0,other,0.1535663223266601,-0.0770344951252142,1.270195323399135,1.7231714503527386e-10,other
406,7963.0,6957.0,stroma,-0.3214264576775687,0.4423234391212463,2.117835600716727,7.705908921607895e-11,stroma
407,15426.0,9351.0,other,0.3401514952523368,-0.1096217091878255,0.2784212439400809,3.612753655720525e-11,other
408,14820.0,9007.0,other,0.6558292715890067,-0.1085411015152931,1.1259466116768977,9.251380031445095e-12,other
409,16425.0,7610.0,other,0.3422743225097656,-0.0721310552954673,0.644999782017299,8.554218659727885e-11,other
410,9169.0,6488.0,stroma,0.1269335011073521,-0.1251233037312825,2.3611772264753066,1.2684247270248011e-08,stroma
411,10176.0,6368.0,other,0.3537774576459611,-0.1160562399526437,0.6262158203125,3.629096364143316e-11,other
412,4341.0,7438.0,other,-0.1456344985961914,0.0,-0.138752155303955,2.1368663969631373e-11,other
413,14418.0,9009.0,other,0.4628085163661413,-0.0895469791193803,0.2409095055716378,1.3374447757015012e-11,other
414,10383.0,7640.0,other,0.4409920447213309,-0.1346407953898112,0.9985557392665318,1.0508545389995051e-10,other
415,10574.0,5440.0,tumor_core,0.6775734983171736,-0.1486491266886393,0.4503703199114118,3.360380833606482e-11,tumor_core
416,17238.0,9226.0,tumor_core,0.5430701991489955,-0.1500900014241536,0.4434418678283691,3.979727153515455e-11,tumor_core
417,10179.0,7062.0,other,0.0570929936000278,-0.1311022473375002,0.6411404963902064,6.231799755934895e-10,other
418,14819.0,8775.0,other,0.1805147225516182,-0.0867647736271222,1.314141502380371,2.0594054735321008e-11,other
419,15821.0,7729.0,other,0.0477321570260184,-0.040890047053496,1.0196252822875975,7.675630546824793e-11,other
420,4342.0,7670.0,other,-0.1411797332763671,0.0,0.4983691814967564,5.307430771344153e-12,other
421,15019.0,8427.0,tumor_core,0.558546872820173,-0.1429892985026041,0.4450030190604073,1.6659772894484827e-11,tumor_core
422,12990.0,5428.0,other,0.2739679418291365,-0.1579518890380859,0.5967618560791016,2.9242820007257314e-11,other
423,7755.0,5454.0,stroma,-0.3183901650565011,0.398093729019165,2.458824942452567,1.0980446195753247e-10,stroma
424,15017.0,7964.0,stroma,0.4709776960100447,-0.1415095647176106,1.745953766959054,1.5931554223753274e-10,stroma
425,7354.0,5919.0,stroma,-0.3115522589002337,0.2194869991143544,2.526417045593262,7.396748179238017e-11,stroma
426,13609.0,8318.0,interface,0.1805312919616699,-0.0386861174305279,1.254029208592006,4.383208223160747e-09,interface
427,10988.0,7753.0,other,0.3760885402134486,-0.1678895314534505,0.806618641444615,2.4210839515738048e-11,other
428,17236.0,8763.0,other,0.59403199332101,-0.1547513961791992,0.9399175916399276,5.7778217059216595e-12,other
429,10788.0,8101.0,other,0.2051488549368721,-0.0243295075496037,1.0068993268694195,1.8551303478432192e-11,other
430,15823.0,8192.0,stroma,0.4621666935511999,-0.1219167709350586,1.4585507801600863,1.763146432725661e-11,stroma
431,13405.0,7741.0,other,0.4740174266270227,-0.1687173970540364,0.4091390800476074,2.9428861641874097e-11,other
432,12393.0,6704.0,other,0.1314020265851702,-0.1587285995483398,0.8082571956089564,2.613550250550043e-12,other
433,11585.0,6245.0,other,0.5056683567592077,-0.1640187199910481,1.13799560546875,2.0411706520119126e-11,other
434,16431.0,8999.0,tumor_core,0.6444153159005301,-0.1579391988118489,0.4126136289324079,1.1136341621655667e-11,tumor_core
435,7157.0,6730.0,stroma,-0.2348304680415561,0.1754958494504293,1.7068078068324497,2.0387926222299975e-10,stroma
436,15224.0,9236.0,other,0.2972861153738839,-0.1028351211547851,0.3830162756783621,5.59164268444848e-13,other
437,14417.0,8777.0,other,0.3371996852329798,-0.1445003890991211,0.8308893694196428,4.2748663846177886e-11,other
438,14410.0,7388.0,other,0.442038972037179,-0.0901840749382972,1.0180281284877233,1.1416478158691844e-10,other
439,10581.0,6829.0,stroma,0.3499212864467077,-0.1319544414182504,1.7500436837332591,9.387398929141204e-11,stroma
440,9573.0,6718.0,other,0.3380613545009069,-0.0581322853763898,0.5104733167375838,2.935036432245998e-10,other
441,9578.0,7644.0,other,0.737807115827288,-0.1247024154663086,1.14878604888916,1.6204172371873787e-09,other
442,8560.0,5450.0,interface,0.4535308619907923,0.073893197774887,1.3079429244995118,3.157114375656956e-09,interface
443,5143.0,6740.0,stroma,-0.3661685180664062,0.2878384661674499,2.4202608272007535,4.0500715090084384e-10,stroma
444,7153.0,6035.0,stroma,0.0923622322082519,0.1156621970733006,2.408846326555525,6.129171942012163e-10,stroma
445,11783.0,5665.0,other,0.5465781620570592,-0.1643461481730143,0.6002966690063477,2.82994726353061e-12,other
446,15216.0,7616.0,stroma,0.4003388105119978,0.1543607195218404,1.8374786485944472,8.403194835788463e-10,stroma
447,12793.0,6239.0,other,0.1840757152012416,-0.1331537882486979,0.7128309358869279,1.885959553339151e-11,other
448,4949.0,8245.0,other,-0.0657268190383911,0.0,0.0,1.3759034646510651e-10,other
449,16637.0,9808.0,other,0.3492133167811804,-0.1349097442626953,0.3842014585222517,3.275370767549203e-11,other
450,15016.0,7733.0,stroma,0.4805698939732141,-0.1343235397338867,1.7149764687674387,9.110285505027591e-11,stroma
451,11390.0,7519.0,other,0.5531346293858118,-0.1292795435587565,0.8944023786272322,2.7009380416527117e-11,other
452,12994.0,6122.0,other,0.2092981474740165,-0.1040608166158199,1.0842018944876537,3.7879930636392895e-12,other
453,16229.0,8884.0,other,0.238456197466169,-0.1360901006062825,1.2456540461948935,4.4807533793279356e-12,other
454,16226.0,8190.0,other,0.4252336066109794,-0.1448089218139648,0.6099195534842354,2.7031780021908224e-12,other
455,15022.0,9121.0,tumor_core,0.6787231009347099,-0.153731689453125,0.636986427307129,4.972231532586048e-12,tumor_core
456,9565.0,5098.0,other,0.4209696524483817,-0.1250229698419571,1.2549724687848771,9.379693394619367e-11,other
457,11992.0,7169.0,other,0.4446789169311523,-0.1278785296281178,0.4870039149693079,7.827236920726984e-12,other
458,16018.0,6917.0,other,0.5065625980922155,-0.1316540145874023,1.3078642490931922,3.40536575476385e-10,other
459,5342.0,6160.0,stroma,-0.4415202713012695,0.2726625148455301,2.009693625313895,3.2207545431945132e-09,stroma
460,13604.0,7392.0,other,0.5213960702078683,-0.105180785904328,0.3086559677124023,1.469309651361783e-11,other
461,7760.0,6611.0,stroma,-0.4948024238858904,0.393580318291982,2.402621045793806,8.004452255911636e-11,stroma
462,13597.0,6004.0,other,0.088359819139753,-0.1521406936645507,-0.018300198146275,3.7852162463542695e-11,other
463,6149.0,6619.0,other,-0.5258261244637625,0.5005582706133525,1.154391130719866,8.145275816102256e-11,other
464,17033.0,8417.0,other,0.4375741086687361,-0.0478409286340077,0.2880523627144949,1.5290164137495817e-11,other
465,15422.0,8425.0,other,0.5516759763445174,-0.1591561381022135,0.7517100851876395,4.1934876802618087e-11,other
466,15417.0,7499.0,interface,0.5322380283900671,0.0514559602737426,2.5113222776140485,1.940272189360753e-09,interface
467,7558.0,6496.0,stroma,-0.3295927701677595,0.0964409722884496,2.616087003435408,1.7271498619012275e-10,stroma
468,9973.0,6021.0,other,0.3537560599190849,-0.1542873509724935,0.8785985619681221,2.5780167750046292e-11,other
469,13797.0,5655.0,other,0.3158132008143834,-0.1839588038126627,1.1012068939208983,1.0202704402734271e-10,other
470,12803.0,8322.0,other,0.3357123184204101,-0.1322653706868489,1.25461122240339,6.085752341919492e-11,other
471,16435.0,9693.0,other,0.4138828168596541,-0.1174284998575846,0.3944088091169084,1.0851415322410723e-11,other
472,12588.0,5430.0,other,0.4233667918613978,-0.1426575724283854,0.5429110608782087,1.5185030334359184e-11,other
473,10584.0,7523.0,other,0.4883304977416992,-0.1149427529672781,1.049395604814802,3.552914407661927e-11,other
474,15013.0,7270.0,interface,0.0718380383082798,0.0552661269903183,1.166120763506208,2.219383222702499e-09,interface
475,16832.0,8534.0,other,0.4811383220127649,-0.1299928665161132,0.6904471424647741,4.529589121072136e-12,other
476,16430.0,8767.0,tumor_core,0.6156959697178431,-0.1275595347086588,0.369302646092006,7.993481856260266e-13,tumor_core
477,9768.0,5444.0,interface,0.2471821076529365,0.0055700916051864,1.2057609067644393,2.5568531328563787e-10,interface
478,7556.0,6033.0,stroma,-0.2857678290775844,0.5476201272010803,2.329152494158064,1.2965708231986927e-10,stroma
479,13201.0,7394.0,other,0.3353847176688057,-0.1329103215535481,0.8219047055925642,6.561038888375205e-12,other
480,5144.0,6971.0,stroma,-0.4109445953369141,0.1201084387302398,2.7938059670584545,2.4929685318430837e-10,stroma
481,13198.0,6700.0,other,0.3976718412126814,-0.1540302276611328,0.2430560575212751,2.8810580977988496e-11,other
482,10989.0,7984.0,other,0.2366756411961146,-0.1353398386637369,0.2553376116071428,2.9337528388226164e-11,other
483,15822.0,7960.0,other,0.247256371634347,-0.0320793181657791,0.9530518177577428,3.8100095711217606e-11,other
484,16834.0,8997.0,other,0.3599763161795479,-0.0953311029076576,0.9874620056152345,5.650069872927901e-12,other
485,16223.0,7495.0,other,0.6953957421439034,-0.1146437581380208,0.92777348109654,9.798960116264587e-10,other
486,5744.0,6158.0,stroma,-0.2071698570251464,0.3953217772642771,1.6414494732448035,2.779408044277241e-09,stroma
487,8559.0,5218.0,stroma,0.4152571105957031,0.2753684981664022,1.645817326136998,9.635190119573295e-10,stroma
488,16629.0,8188.0,other,0.4184788186209542,-0.1158710861206054,0.2112602724347796,4.265064222565533e-12,other
489,8764.0,6027.0,stroma,0.1427539471217564,0.200914040406545,1.8342696162632537,2.0920925457599028e-10,stroma
490,13400.0,6815.0,interface,0.3985463224138533,0.0874764204025268,1.246060028076172,5.326769212363117e-10,interface
491,11786.0,6128.0,stroma,0.3466290855407714,-0.1617727661132812,1.6917463030133928,6.187717214121262e-12,stroma
492,12993.0,5891.0,other,0.3885894339425223,-0.1147612416744232,0.517825197492327,7.226338851650309e-12,other
493,12597.0,7282.0,other,0.4422110421316964,-0.1548533121744791,0.1858913639613559,4.870562734437979e-12,other
494,12192.0,6821.0,stroma,0.3663359451293945,-0.1751121266682942,1.4344244493756977,7.376340344569627e-12,stroma
495,12600.0,7976.0,other,0.5026518848964148,-0.0716618833939234,0.6560525022234236,6.261192814566052e-10,other
496,9970.0,5559.0,other,0.2530495561872209,-0.0730320779482523,1.2511105128696989,2.2895675720654575e-11,other
497,6153.0,7313.0,stroma,-0.1803322846548897,0.2311926007270813,2.9508504104614257,2.9560578160186805e-11,stroma
498,9570.0,6023.0,stroma,0.281432991027832,-0.1057865151762962,1.4219115121023995,1.4050008440238108e-10,stroma
499,10180.0,7294.0,other,0.5914493996756417,-0.1248030853271484,0.8834272112165178,5.76018754241815e-10,other
500,8768.0,6722.0,stroma,-0.0362573732648577,0.0315593582391738,2.216558183942522,1.3848329549373164e-09,stroma
501,7958.0,5800.0,stroma,-0.4819784232548305,0.1468985637029012,2.327135140555246,6.526135256321892e-10,stroma
502,17231.0,7837.0,tumor_core,0.6872394234793526,-0.1474961980183919,0.1342732157026018,1.017462338623534e-11,tumor_core
503,8362.0,6029.0,stroma,0.011088194165911,0.2361967798074086,2.329505964006697,9.59631280479107e-11,stroma
504,16429.0,8536.0,other,0.5680821772984095,-0.1326924896240234,0.6853510556902205,2.294160206278101e-12,other
505,3938.0,7440.0,stroma,-0.0595484066009521,0.0,1.7406703117915563,1.6220931684067068e-11,stroma
506,16423.0,7378.0,stroma,0.1019227736336845,-0.1254642105102539,1.3648837607247488,1.4286100071081027e-09,stroma
507,8168.0,7535.0,interface,-0.2057736274174281,0.201558008591334,1.1974615260532924,2.462805768380831e-10,interface
508,16838.0,9691.0,other,0.3472205870492117,-0.0693820411960284,0.3494527271815708,2.5584888053845955e-10,other
509,16021.0,7380.0,other,0.7357325308663505,-0.030113492210706,1.0117440850394113,5.455441078546587e-10,other
510,6959.0,7541.0,stroma,-0.3155238730566841,-0.069430440266927,2.739879444667271,4.371699100294443e-10,stroma
511,15223.0,9005.0,tumor_core,0.6194405473981585,-0.1195941416422526,0.4678382573808943,5.778079167339281e-12,tumor_core
512,8570.0,7533.0,stroma,-0.1466454069955008,0.1140608775615692,2.1652324349539622,2.941940861294391e-09,stroma
513,10175.0,6136.0,other,0.5244203349522181,-0.1868477757771809,0.3800599697657995,1.8314347911214377e-11,other
514,8767.0,6490.0,stroma,-0.595329933166504,0.4082394925753275,2.4043809454781666,8.213718898286346e-09,stroma
515,16025.0,8306.0,other,0.5412444686889648,-0.1144901657104492,0.8106654793875557,1.1750476142535025e-12,other
516,5550.0,7664.0,stroma,-0.2695924568176269,0.303437141974767,1.646996236528669,4.2387968159374415e-10,stroma
517,13805.0,7276.0,other,0.2641176196507044,-0.1113363399604956,0.8793553815569197,4.4283672571291387e-11,other
518,7966.0,7420.0,stroma,0.0975753211975097,-0.0434293842315673,2.0504924719674245,8.02173404689191e-10,stroma
519,5146.0,7434.0,other,-0.2439617347717285,-0.0138573694229125,1.2962983213152204,1.5032528312404518e-10,other
520,16639.0,10271.0,tumor_core,0.5618724605015345,-0.1070393880208333,0.2166875294276645,6.959898381404845e-12,tumor_core
521,15824.0,8423.0,other,0.6085409436907088,-0.1206682078043619,0.95935975755964,4.799405598748221e-12,other
522,14815.0,7849.0,other,0.6416282381330217,-0.1487144470214843,1.5064722115652902,6.962965060907996e-11,other
523,16233.0,9578.0,other,0.5442964281354631,-0.1375087356567382,0.6215733773367745,4.410286926785464e-12,other
524,10380.0,6945.0,other,0.2293919508797782,-0.1693608856201172,0.3536016137259347,5.823519005996059e-11,other
525,13401.0,7046.0,other,0.3816441999162947,-0.1082414319117864,0.1677197810581752,1.1218688357431351e-10,other
526,15222.0,8773.0,other,0.406040905543736,-0.1333724721272786,0.7135505294799804,1.3501108253637679e-11,other
527,14612.0,7503.0,stroma,0.1845049095153809,0.4417371129989624,1.567841660635812,3.759130388011017e-10,stroma
528,7960.0,6263.0,stroma,-0.5129497841426304,0.165908209880193,2.51343684060233,5.6382056535384226e-11,stroma
529,11593.0,7865.0,other,0.2525961739676339,-0.0877869858841101,0.2167494365147182,1.520796325452498e-11,other
530,17028.0,7491.0,other,0.2290222331455774,-0.0556186893582344,0.2443295342581612,4.300084735595863e-11,other
531,14615.0,8198.0,stroma,0.1502828325544085,-0.0384282583991686,1.5554148210797991,6.530323708212014e-11,stroma
532,14407.0,6925.0,other,0.2771180343627929,-0.1732959747314453,0.4526126643589564,3.351942973635212e-09,other
533,15415.0,7036.0,other,0.3787772151402063,-0.1601488749186198,0.6338645335606166,9.696016145791813e-12,other
534,10177.0,6599.0,other,0.2164035497392926,-0.1488041814168294,0.603769269670759,5.2402543486532426e-11,other
535,15620.0,7845.0,other,0.3174724796840124,-0.0885563151041666,1.0122865785871231,3.3003611780508815e-10,other
536,8972.0,7300.0,stroma,0.3830113519941058,-0.0650549062093099,1.7574739728655135,2.629481561173637e-10,stroma
537,4945.0,7319.0,other,0.2970348290034703,0.0,0.9498493848528182,4.2127569019091644e-10,other
538,14008.0,7622.0,other,0.3157166290283203,-0.1110012755791346,0.922315226963588,4.686316404888671e-11,other
539,6754.0,6732.0,stroma,-0.0153190885271344,0.8239409804344178,2.019536437988281,9.123689004487707e-10,stroma
540,6347.0,5808.0,stroma,-0.4394846943446567,0.0830813517173131,2.0828055681501114,2.1069315018369228e-10,stroma
541,8167.0,7304.0,stroma,-0.3226558256149292,0.0503775892655054,2.2391335351126536,1.2480039298735991e-09,stroma
542,14823.0,9470.0,other,0.2412678963797432,-0.1245462926228841,0.6198460824148995,1.5984563490961004e-11,other
543,12798.0,7165.0,tumor_core,0.5930610983712333,-0.1466324742635091,0.2495712171282086,5.2098878780163195e-12,tumor_core
544,15628.0,9466.0,other,0.5370377785818917,0.0169141442577044,0.7035924039568221,2.1299184688845975e-11,other
545,11185.0,6941.0,other,0.3090644236973353,-0.1376553212106228,0.6298210471017021,8.729972984335635e-12,other
546,10975.0,5206.0,stroma,0.2973989704677038,-0.1753438949584961,1.3772801045009069,4.127939935609268e-11,stroma
547,8364.0,6492.0,stroma,0.0601334680829729,0.3308050759633382,2.267000623430525,5.16653065524151e-10,stroma
548,17044.0,10732.0,other,0.4379974801199776,-0.1483992513020833,0.9107443237304688,1.1537601766371796e-11,other
549,9779.0,7527.0,interface,0.040170533316476,0.2832809742291768,1.127774064200265,1.6855332967124853e-08,interface
550,9174.0,7414.0,other,0.1679839978899274,-0.1177151870727539,0.6738677324567521,2.3843052564319743e-10,other
551,16825.0,7145.0,other,0.5495813097272599,-0.1468016052246094,0.5826390184674943,1.6375885881163397e-11,other
552,8370.0,7650.0,stroma,-0.0751496478489467,0.1714607803026835,1.9254816872732985,4.397447232617143e-11,stroma
553,14419.0,9240.0,other,0.5991885648454939,-0.145976333618164,0.7243186078752791,1.5080902429297896e-11,other
554,7962.0,6726.0,stroma,-0.5288430574962071,0.2351805321375528,2.6181284277779713,3.4301608525472563e-11,stroma
555,11592.0,7634.0,other,0.3714417294093541,-0.1313175582885742,0.588797127859933,1.8018255536750808e-11,other
556,14413.0,8083.0,stroma,0.2088133266993931,-0.1390271504720052,1.770734623500279,3.4038921745010315e-10,stroma
557,12791.0,5776.0,other,0.3483264378138951,-0.1591401163736979,0.3729485375540596,3.237965638806088e-12,other
558,16228.0,8652.0,other,0.2768368666512626,-0.1586491139729817,0.6131424277169364,5.000755582781397e-12,other
559,14606.0,6346.0,other,0.4244882474626814,-0.1088403425614039,0.3751930236816406,1.2236719056957055e-10,other
560,9370.0,6372.0,stroma,0.1635082871573311,0.0672591096162796,1.6749287523542131,1.732399449957436e-09,stroma
561,13403.0,7509.0,other,0.3258891895839146,-0.1605832417805989,0.5808152879987444,2.1671030162901203e-11,other
562,12594.0,6819.0,other,0.263690572466169,-0.1392477289835612,0.6537666157313756,2.470561634658732e-12,other
563,15625.0,8771.0,other,0.5192668969290597,-0.1119640604654947,0.4651081630161829,1.809506748760977e-12,other
564,17030.0,7954.0,tumor_core,0.7753486524309432,-0.0286349082986513,0.0319066129411969,4.6820276774709493e-11,tumor_core
565,12391.0,6472.0,other,0.2510051618303572,-0.0597095074256261,1.1674726104736328,6.733596160096724e-12,other
566,5150.0,8129.0,tumor_core,0.7078193255833217,0.6193419098854065,0.0,2.615508845041634e-09,tumor_core
567,5542.0,6043.0,stroma,-0.2242606735229492,-0.0373156293233235,2.435732634408134,1.0694818025875825e-08,stroma
568,10990.0,8215.0,other,0.3976338686261857,-0.157120501200358,0.3888330813816615,1.8159747641451838e-11,other
569,15009.0,6344.0,other,0.679047862461635,-0.085644843528668,0.7199096243722098,7.040712317291829e-11,other
570,11788.0,6591.0,tumor_core,0.5990919876098633,-0.0167481789986292,0.5818442862374442,2.4521396542524743e-11,tumor_core
571,16033.0,9927.0,tumor_core,0.7703116008213587,-0.1541282780965169,0.3757443945748465,3.602626294087804e-11,tumor_core
572,5752.0,7778.0,stroma,-0.3493607330322266,0.2655671489238739,2.624437174115862,1.127921903208187e-09,stroma
573,16421.0,6916.0,interface,0.4021203994750977,0.0563731843233108,1.0760319628034318,6.486643241553954e-10,interface
574,4142.0,8018.0,other,-0.0568737411499023,0.0,0.7556082752772739,1.9438406606122708e-11,other
575,14616.0,8429.0,other,0.5130028424944197,-0.1623841985066731,0.1345429611206055,3.8885411891254405e-11,other
576,9572.0,6486.0,other,0.1069585854666573,-0.1541133244832356,0.7477462332589286,3.5578050313412767e-10,other
577,14817.0,8312.0,other,0.3172771671840123,-0.0527692904074986,0.8561324691772461,2.4734376844159924e-11,other
578,4339.0,6975.0,other,-0.0490032434463501,-0.0163344144821167,0.6510430915015084,1.8417915688081053e-11,other
579,11180.0,5784.0,other,0.5599039023263114,-0.0782004819313685,0.8640717315673828,1.029825814434544e-11,other
580,14208.0,7274.0,other,0.1387726702008929,0.0146822237968444,0.7333390481131417,1.0227047346313352e-10,other
581,9576.0,7181.0,other,0.338560346875872,-0.0978810628255208,1.2567750222342355,5.487325260854963e-10,other
582,15614.0,6688.0,other,0.2531206403459822,-0.1538416035970052,0.7014674813406808,3.3905515470945766e-10,other
583,8963.0,5448.0,interface,0.3061153084891183,0.0391003680229186,1.1808636256626674,3.5214216251983983e-10,interface
584,9979.0,7410.0,other,0.7325165503365654,-0.1002454058329264,0.7325961031232561,3.048728730646575e-09,other
585,17037.0,9343.0,tumor_core,0.902226061139788,-0.120049565633138,0.6660959243774414,3.8028611767811645e-10,tumor_core
586,17230.0,7606.0,other,0.4425259617396764,-0.0916613040864467,0.9590482275826592,2.297846543810422e-12,other
587,4745.0,7668.0,other,-0.0474176502227783,-0.0181018034617106,0.6299773529597691,8.120709578873466e-11,other
588,10787.0,7869.0,other,0.3070430074419294,-0.1306090672810872,0.8901639829363143,4.3612557484565055e-12,other
589,13407.0,8203.0,other,0.3175289808000837,-0.066663489639759,0.8199083655221122,4.3449402743043816e-10,other
590,12601.0,8207.0,interface,0.6111536407470703,-0.1343239212036132,1.8208203778948104,1.011065980028985e-09,interface
591,8368.0,7418.0,stroma,-0.0847211306435721,0.1130074159304301,2.1079993329729354,1.0829162400934015e-09,stroma
592,11590.0,7402.0,other,0.1043989535740443,-0.1321392100056012,0.2660241372244698,6.040106384820579e-12,other
593,12804.0,8554.0,other,0.396490260532924,-0.0711111202836036,0.9357458060128347,3.783535327490591e-10,other
594,14014.0,8779.0,interface,0.0178683526175362,-0.0350986690322558,1.247450212751116,7.71025066865926e-10,interface
595,15220.0,8310.0,other,0.6196955980573381,-0.1146326828002929,0.9054917580740792,3.5287816274609786e-11,other
596,15832.0,10043.0,other,0.1560708045959472,-0.009080266157786,0.7700759778703963,4.420820608711609e-11,other
597,11990.0,6706.0,other,0.1440881293160575,-0.1373849232991536,1.098461995806013,1.5968923335614464e-11,other
598,16839.0,9923.0,tumor_core,0.7568022864205497,-0.1269050598144531,0.3583694321768624,5.885968437211501e-11,tumor_core
599,12197.0,7978.0,interface,0.4917285374232701,0.0678334788481394,0.9271998051234654,2.375554094447531e-09,interface
600,8164.0,6841.0,stroma,-0.4648303127288818,0.3327571054299673,2.0786631992885045,1.7419068919674328e-11,stroma
601,16032.0,9695.0,other,0.3537923431396484,-0.1122687657674153,0.3612985556466239,4.843539760559626e-12,other
602,10183.0,7756.0,other,0.4476241411481584,-0.1001259422302246,1.0520662144252233,2.2281754050833223e-10,other
603,14405.0,6463.0,other,0.5282460076468332,-0.13764466603597,0.6133668572562081,1.4938016288759414e-10,other
604,7359.0,6845.0,stroma,0.3447636331830706,-0.0531336180369059,2.4207435280936105,3.1539480516546363e-09,stroma
605,16630.0,8419.0,other,0.5692121996198382,-0.1465295918782552,0.841179825919015,4.74033319407016e-12,other
606,16638.0,10039.0,other,0.4096291378566198,-0.1129441960652669,0.2998990767342704,4.358020563446978e-12,other
607,8358.0,5335.0,stroma,-0.012982360294887,0.2431954455375671,1.5078535134451732,4.1398547907739424e-10,stroma
608,14216.0,8894.0,other,0.4235390472412109,-0.1604995346069335,0.74687134878976,1.8622281531595095e-10,other
609,10777.0,5786.0,other,0.3928970064435686,-0.1619920349121093,0.571973876953125,6.748276871117757e-12,other
610,13195.0,6006.0,other,-0.233405955178397,-0.1608633804321289,0.4269386836460658,1.824109138672695e-11,other
611,12389.0,6010.0,tumor_core,0.5936745180402483,-0.0696146472295125,0.5261737169538225,3.1454995605099556e-11,tumor_core
612,5142.0,6508.0,stroma,-0.4323196411132812,0.4085827930768331,2.5784950474330355,6.93512278618186e-10,stroma
613,15621.0,8077.0,other,0.5657827867780413,-0.1310797500610351,1.1057286289760049,4.14842164042962e-10,other
614,7160.0,7424.0,stroma,-0.3862490606307983,0.1706343865394592,2.081051188877651,7.23988955655722e-10,stroma
615,6752.0,6269.0,stroma,-0.1381292384011404,0.1266603036721547,1.6997087805611746,1.747354388049382e-10,stroma
616,16227.0,8421.0,other,0.3301197842189245,-0.113865000406901,0.6837211172921317,8.187694904901092e-12,other
617,13603.0,7161.0,other,0.4540375627790177,-0.0636981296539306,0.2913048444475447,3.5204198519328525e-11,other
618,12799.0,7396.0,other,0.223930890219552,-0.13077895373106,1.0170245034354073,4.1853915689520216e-12,other
619,15209.0,6227.0,interface,0.579913820539202,-0.0164635646343231,1.2443723787580216,2.5474238117530996e-10,interface
620,8360.0,5798.0,stroma,0.3149088668823242,0.0838936614990234,1.8936817932128909,1.0843623582175116e-10,stroma
621,15624.0,8540.0,other,0.3650157928466797,-0.1311262766520182,0.8108008902413505,3.7642353265610377e-11,other
622,5952.0,7430.0,stroma,-0.3793923527853829,0.4059210848808288,2.926122414725167,9.339267289887819e-11,stroma
623,16219.0,6801.0,other,0.2970810372488839,0.0408534506956736,0.8991004616873605,6.696236083540267e-10,other
624,15619.0,7614.0,stroma,-0.0035527556283133,-0.0088593280315399,1.7194209943498886,3.3804962017540835e-10,stroma
625,16020.0,7149.0,other,0.5288905824933733,-0.1367730712890625,1.4483988135201589,3.973083280245116e-11,other
626,16220.0,7032.0,interface,0.1875260434831891,-0.0171590803066889,1.19830988747733,1.3810267211700763e-10,interface
627,5953.0,7662.0,stroma,-0.1995419134412492,0.3077423703670502,2.372953017098563,2.416339532646559e-10,stroma
628,9172.0,6951.0,interface,0.6569140625,-0.0777142651875813,1.7269894627162388,1.0951599843384013e-08,interface
629,7757.0,5917.0,stroma,-0.2183807127816336,0.356003041267395,2.7793293707711353,1.2603840944790976e-10,stroma
630,14415.0,8546.0,other,0.5494744001116072,-0.1646866989135742,0.8375165557861328,1.5125087538896647e-10,other
631,8163.0,6609.0,stroma,-0.3763087109157017,0.3149125719070434,2.0545144598824634,4.056558342608326e-11,stroma
632,16434.0,9462.0,other,0.4540738296508789,-0.117745246887207,0.7093267004830497,1.523665027807495e-11,other
633,12590.0,5893.0,other,0.2689654132298059,-0.011465928753217,0.9195343453543526,4.495572972885427e-11,other
634,13596.0,5772.0,other,0.4668646022251673,-0.0116723565260569,0.7267166573660714,1.1165697670093956e-10,other
635,10379.0,6714.0,other,0.4174266597202845,-0.1347466405232747,0.67719299861363,3.245120757412699e-11,other
636,8367.0,7187.0,stroma,-0.0933492960248675,0.2825741704305013,2.320443131583078,6.80081034765989e-10,stroma
637,12399.0,8093.0,other,0.2305468368530273,-0.154034423828125,0.6825666482107979,1.9426447178193167e-10,other
638,17035.0,8880.0,other,0.1836704553876604,-0.1129151407877604,0.693192754473005,5.579481525723599e-12,other
639,6354.0,7197.0,stroma,-0.2297226163319179,0.1925910564263661,2.5696419307163785,3.089740812635856e-11,stroma
640,8965.0,5911.0,stroma,0.4829314586094446,0.3696176846822103,1.4742586244855609,7.40338019770839e-10,stroma
641,8157.0,5452.0,stroma,0.0768348584856305,0.3676891525586446,1.893221391950335,2.0818405443635734e-10,stroma
642,14009.0,7853.0,stroma,0.4409588078090124,0.0118119611342747,1.7420411246163503,1.211237143533567e-09,stroma
643,9776.0,7064.0,other,0.342617677961077,-0.1748576609293619,0.5890849249703544,6.111940657665385e-10,other
644,16234.0,9810.0,other,0.6378761618477958,-0.1301458231608072,0.6828999383108956,7.98561669263569e-12,other
645,17235.0,8532.0,other,0.4042379978724889,-0.1659281285603841,0.7904443359375,3.1006203533692146e-11,other
646,11382.0,5899.0,tumor_core,0.5546388462611608,-0.1417962010701497,0.3460559300013952,6.6199460502374106e-12,tumor_core
647,4140.0,7555.0,other,0.0,-0.0163344144821167,0.798534665788923,5.508997560235189e-12,other
648,9767.0,5212.0,stroma,0.2162466485159737,0.0459521518150965,1.5863260105678012,9.567941435978956e-11,stroma
649,8964.0,5679.0,stroma,0.3485424259730748,0.3741985026995341,1.611290065220424,6.178711011514763e-09,stroma
650,12801.0,7859.0,other,0.2994387408665248,-0.1510029093424479,0.7004100363595145,9.140433550471564e-11,other
651,17027.0,7260.0,tumor_core,0.8384703281947545,-0.0616916438440481,0.0425674247741699,2.4763180909129103e-11,tumor_core
652,13399.0,6583.0,tumor_core,0.6391821779523577,-0.1009186493357022,0.2901502554757255,2.2403313627457687e-10,tumor_core
653,5745.0,6390.0,stroma,-0.058020726612636,0.5935434993108114,1.6965268680027552,1.0138834901236648e-08,stroma
654,7765.0,7537.0,stroma,0.1210334886823381,-0.0283623027801513,2.151253656659807,1.6297199629612427e-10,stroma
655,9368.0,5909.0,stroma,0.1828336252485003,-0.1047379769384861,1.669600361415318,6.681400234435614e-10,stroma
656,12596.0,7050.0,other,0.3265505354745047,-0.1296426391601562,0.2691118076869421,2.7423370797364775e-12,other
657,4948.0,8014.0,other,-0.0532340812683105,0.0,-0.0995853328704833,3.1120219899455126e-10,other
658,15419.0,7962.0,interface,0.6417240033830915,0.0317023424307505,1.327936237880162,3.672111998649374e-09,interface
659,13813.0,8896.0,other,0.4342815562656946,-0.1176282141606012,0.906101564679827,2.487643589945559e-10,other
660,14000.0,6002.0,other,0.2009746578761511,-0.0955416712164878,0.6773802512032645,7.309062804747644e-12,other
661,11190.0,7867.0,tumor_core,0.6307201276506698,-0.1580434926350911,0.6192008699689592,1.2683714317208708e-10,tumor_core
662,7759.0,6380.0,stroma,-0.1643767002650669,0.0007030995686848,2.5384703063964844,6.733234298405513e-11,stroma
663,16426.0,7841.0,other,0.5206686837332589,-0.1528717931111653,0.5038648768833704,1.1568097799545048e-11,other
664,16824.0,6914.0,tumor_core,0.943296617780413,-0.108666280110677,0.5760697010585241,1.6317237264265584e-11,tumor_core
665,16627.0,7725.0,other,0.6299717058454241,-0.0821061325073242,0.7752749742780413,2.259547681103297e-12,other
666,15413.0,6573.0,other,-0.1258455739702496,-0.0698280066251754,0.8623332214355469,1.1804580919668558e-10,other
667,15819.0,7266.0,interface,0.2576965604509625,0.0662652013699213,1.0995638384137836,7.71777998500477e-10,interface
668,5347.0,7317.0,stroma,-0.1200346633366176,0.1770944114526113,2.690094010489328,8.329696119411871e-11,stroma
669,8762.0,5565.0,interface,0.4653752245221818,-0.0162303535143534,1.22733767918178,4.8712723384261205e-09,interface
670,15211.0,6459.0,stroma,0.3789568819318498,-0.0551091341177622,1.4932373755318775,1.9542257101025247e-11,stroma
671,15217.0,7847.0,stroma,0.2989643260410853,0.1080725087722142,1.632225205557687,2.054333798276473e-09,stroma
672,15627.0,9234.0,other,0.2805188124520438,0.0201615310708681,0.5064902877807618,1.19225954602314e-10,other
673,10585.0,7754.0,other,0.2728664180210657,-0.1209369277954101,0.5661305236816406,3.0916837491898065e-11,other
674,5346.0,7086.0,stroma,-0.429438362121582,0.1255096431573232,2.8517520686558315,3.7346497688914223e-10,stroma
675,13005.0,8437.0,other,0.053991230555943,-0.1397118377685547,1.2723914882114955,3.335125714548221e-11,other
676,8569.0,7302.0,interface,0.6004070554460799,-0.0843795522054036,2.1122375052315845,9.321183917074337e-09,interface
677,12387.0,5547.0,other,0.4138964244297571,-0.0662296877304712,0.6915475736345564,1.089153802211214e-12,other
678,11189.0,7636.0,other,0.3130545152936662,0.1572950331370035,0.5866718891688757,2.2453029087196303e-10,other
679,7353.0,5687.0,stroma,-0.2726555953707014,0.4399833099047343,1.940848127092634,7.98178262439944e-11,stroma
680,12185.0,5432.0,other,0.5592185974121093,-0.1554009373982747,0.6800073896135603,1.813937612380832e-12,other
681,7560.0,6728.0,stroma,-0.2160400635855539,0.3825240619977315,2.6726225444248746,9.04454935172175e-10,stroma
682,15416.0,7268.0,other,0.4177729306902205,-0.0752461924155553,1.289478885105678,5.481900938827381e-10,other
683,10986.0,7290.0,other,0.3275955390930175,-0.1858844757080078,0.5792976215907506,3.921958921461088e-11,other
684,3734.0,6862.0,other,0.0,0.0,0.8401331220354352,2.211973792235058e-12,other
685,17232.0,8069.0,tumor_core,0.8634842027936662,-0.0831378368536631,0.1975877625601632,3.2400922866241957e-11,tumor_core
686,4136.0,6629.0,other,-0.1938710403442382,0.0,0.4944415065220424,7.366716280824725e-12,other
687,11584.0,6014.0,other,0.3538244574410575,-0.1678426615397135,0.5607251848493303,6.274961431989427e-12,other
688,15626.0,9003.0,tumor_core,0.963413075038365,-0.1109557723999023,0.6604953929356165,8.072419528535449e-11,tumor_core
689,12995.0,6354.0,other,0.3615708705357142,-0.1634826024373372,0.5876310294015067,3.088473831663466e-12,other
690,10776.0,5555.0,other,0.3806356212071009,-0.1437157185872395,0.5762143925258092,7.028589066746326e-12,other
691,17036.0,9111.0,tumor_core,0.8522440065656389,-0.1362748591105143,0.7386367797851563,2.3800218173617292e-11,tumor_core
692,11192.0,8330.0,other,0.4607434844970703,-0.1311854298909505,0.3270816693987166,1.6046071240038465e-11,other
693,11794.0,7749.0,other,0.3215983499799455,-0.0893980101744333,0.7076440593174524,8.160911567762109e-11,other
694,15012.0,7038.0,other,0.3639314923967635,-0.1344471486409505,0.1507703481401715,1.245938501753891e-09,other
695,13192.0,5543.0,other,0.8680111803327288,-0.0281680107116699,0.88399315902165,5.975467319367437e-11,other
696,14818.0,8544.0,other,0.4483486284528459,-0.0371497526764869,0.4973418590000696,1.8453879648154848e-11,other
697,15418.0,7731.0,interface,0.0752975845336914,0.0168246303002039,1.3270564270019531,1.1095778139657547e-09,interface
698,6755.0,6963.0,stroma,-0.2911244835172381,0.2833259320259094,2.2904711423601425,1.8973315633863948e-10,stroma
699,13395.0,5889.0,tumor_core,0.6201890781947546,-0.0726597469051679,0.3696636417933874,1.3020871113352866e-11,tumor_core
700,13611.0,8781.0,other,0.2895930753435408,0.0783142530918121,0.9756481388636998,1.7896000032858835e-09,other
701,9775.0,6833.0,other,0.3214138848440987,-0.144622433980306,0.1034569685799735,1.6321316917260727e-10,other
702,3733.0,6631.0,other,-0.0558974266052246,-0.0163344144821167,0.6441489083426339,1.7397501928712889e-13,other
703,12396.0,7398.0,other,0.3358560071672712,-0.1296664509177208,0.8810001700265068,1.2668826462034626e-12,other
704,11191.0,8099.0,tumor_core,0.8221244376046317,-0.0817305246988932,0.2756482097080776,1.7608395868294606e-11,tumor_core
705,7554.0,5571.0,stroma,-0.1501842635018485,-0.0296012375752131,2.3648250307355605,9.963075115699294e-10,stroma
706,10575.0,5671.0,other,0.4984354455130441,-0.0168075836698214,0.8844037737165178,2.1963766242607844e-11,other
707,16422.0,7147.0,stroma,0.5131451960972376,0.0192194044589996,1.5061229869297574,3.3832399411149407e-10,stroma
708,14605.0,6114.0,tumor_core,0.5491901179722376,-0.1483885320027669,0.4912894221714563,2.6357738247134037e-11,tumor_core
709,16017.0,6686.0,interface,0.3403193991524833,0.0585716392596562,1.2608679417201452,1.710428321837534e-09,interface
710,11588.0,6939.0,other,0.2951103155953544,-0.1600412114461263,0.7353771100725447,6.452142715141794e-12,other
711,5753.0,8010.0,interface,0.5005446488516672,-0.0294433657328287,1.2211165251050675,1.5853386624654678e-08,interface
712,14001.0,6233.0,other,0.2432424763270787,-0.042006726861,0.6388850729806083,1.1534389976208528e-11,other
713,12599.0,7745.0,other,0.2833131790161133,-0.1851058578491211,1.0542433820452008,2.309689061815342e-11,other
714,11181.0,6016.0,stroma,0.3710425458635603,-0.0683138851324717,1.5315002931867323,2.2802850445715758e-11,stroma
715,12999.0,7280.0,other,0.4256292452130998,-0.1443403116861979,0.207695541381836,5.971913753343255e-12,other
716,8564.0,6144.0,stroma,-0.0216649055480957,0.2159404488404591,2.334174771990095,2.048845605175369e-10,stroma
717,11993.0,7400.0,other,0.4916371154785156,-0.1287792460123697,0.4029176276070731,2.3303687060973524e-11,other
718,9770.0,5675.0,other,0.4503622436523438,-0.1288222103317578,1.0929333714076452,7.09337171792825e-11,other
719,5947.0,6504.0,stroma,-0.5958528137207031,0.4155186955134073,1.4329161725725448,1.9328064984400534e-09,stroma
720,10779.0,6249.0,other,0.3525624247959681,-0.0101389215389887,0.7809836796351842,8.655283965285592e-11,other
721,10373.0,5557.0,other,0.5921022960117884,-0.1505166244506836,0.638614981515067,1.5070824880901292e-11,other
722,8160.0,5915.0,stroma,-0.2195544392721993,0.4702047570546468,2.030185775756836,4.3765250590454255e-10,stroma
723,14822.0,9238.0,other,0.5129118129185267,-0.1445645650227864,0.6305083847045898,6.408410414273374e-12,other
724,8561.0,5681.0,stroma,0.3799039186750139,0.0697464152177174,1.4732889284406387,9.379506253571787e-10,stroma
725,8771.0,7416.0,stroma,0.3020720182146345,0.4410473426183064,1.6777476446969166,8.307709904119225e-09,stroma
726,15014.0,7501.0,stroma,-0.0771982519967215,-0.0344310144583384,1.5496782466343473,7.339076252919445e-10,stroma
727,8761.0,5333.0,interface,0.2114807564871651,0.1611585625012715,1.3168385314941409,2.701263304817623e-09,interface
728,15629.0,9697.0,tumor_core,0.6589399828229631,-0.1043686993916829,0.4506877326965332,1.4650026227874114e-11,tumor_core
729,9167.0,6025.0,stroma,0.059073611668178,0.1843854467074076,1.5816374751499722,6.489259480962953e-10,stroma
730,9975.0,6484.0,other,0.5182303510393416,-0.1593622589111328,0.3937544087001257,6.053000791763095e-11,other
731,5548.0,7201.0,stroma,-0.464515151977539,0.1919295136133829,2.307574141366141,2.51646817352322e-10,stroma
732,13802.0,6581.0,other,0.253677646092006,-0.080442839016517,1.2853968157087057,1.3195330218403742e-10,other
733,15613.0,6457.0,other,0.4319922419956751,-0.0959665997823079,0.8474944741385323,1.0462773333917647e-10,other
734,14204.0,6579.0,other,0.3217907006399971,-0.1522125752766927,0.0901829038347515,2.2209671671112144e-10,other
735,9774.0,6601.0,other,0.2424432645525251,-0.1368637084960937,0.4131890841892787,7.506844263814222e-11,other
736,8770.0,7185.0,stroma,-0.0002942371368408,0.1094576056798299,1.9349765123639784,1.7079218378088051e-09,stroma
737,7564.0,7654.0,stroma,0.0734176063537597,-0.0240795564651489,1.5883863367353166,9.24385634778051e-11,stroma
738,16225.0,7958.0,tumor_core,0.7012839671543666,-0.0842497614522775,0.2893149893624442,2.7660436336619917e-11,tumor_core
739,16030.0,9232.0,other,0.3255308478219169,-0.090299752553304,0.5307979638235909,9.590721643498204e-12,other
740,12195.0,7515.0,other,0.3025571114676338,-0.1478513590494791,0.7616022600446428,4.6642098805612346e-11,other
741,15421.0,8194.0,other,0.7510741206577844,-0.1253532791137695,0.7727685601370675,5.570686574269595e-10,other
742,12191.0,6589.0,stroma,0.2930550602504185,-0.1144521840413411,1.4343724768502368,9.169039977544223e-12,stroma
743,10778.0,6018.0,other,0.6160586002894811,-0.1616268920898437,0.8751148768833704,9.72375538510752e-12,other
744,15020.0,8658.0,other,0.4717741503034318,-0.1335497665405273,0.8537141908918108,1.8828349247035352e-11,other
745,14618.0,8892.0,other,0.4506431906563896,-0.1351775741577148,0.4904086794172013,1.2290211401240446e-11,other
746,14210.0,7737.0,other,0.3835258211408342,-0.1450362523396809,0.3451955849783761,1.3664599411625668e-10,other
747,11795.0,7980.0,other,0.5065561076572962,-0.1435957845052083,0.3081767163957869,3.022555355045103e-11,other
748,6152.0,7082.0,stroma,-0.4307949066162109,0.1760447426637013,2.7159217017037527,3.7809085680425807e-11,stroma
749,13806.0,7507.0,other,0.3370730209350586,-0.1590363947550455,0.2363225337437221,2.2854740248659265e-11,other
750,4749.0,8593.0,other,0.0,0.0,0.0,1.0761864034069647e-11,other
751,5354.0,8706.0,other,0.0,-0.0158436489105224,0.6790135247366769,4.197664291488359e-11,other
752,11184.0,6710.0,other,0.2206739779881067,-0.1462032063802083,0.716203111921038,3.764399059618426e-12,other
753,15429.0,9814.0,other,0.3471728706359863,-0.1011668395996093,0.8342475945608956,1.5176649341041478e-11,other
754,4343.0,7901.0,other,0.0,0.0,0.0,8.329406126468143e-12,other
755,15617.0,7151.0,other,0.43921019417899,-0.1399112192789713,1.3157192884172713,3.697796788976551e-10,other
756,16231.0,9115.0,other,0.600203982761928,-0.0969158935546875,0.760681037902832,9.41708455848388e-12,other
757,11379.0,5436.0,other,0.4474937111990792,-0.1905594126383463,0.4149021802629744,2.125961173319751e-11,other
758,12200.0,8441.0,tumor_core,0.5432437896728516,-0.0995556338628133,0.3855691501072473,7.949693673416083e-11,tumor_core
759,11797.0,8443.0,other,0.0582303510393414,-0.1777761077880859,0.5626028823852539,1.5256090017616048e-10,other
760,3934.0,6514.0,other,0.0,0.0,0.0,2.2989271169975547e-10,other
761,13600.0,6467.0,other,0.3054180526733399,-0.1398517990112304,0.8176477323259627,7.605092015849751e-11,other
762,16022.0,7612.0,stroma,0.0801661436898367,-0.0447256631652514,1.666531677246094,1.0477895434656994e-10,stroma
763,8568.0,7070.0,stroma,-0.6588389587402343,0.319448660214742,2.444060047694615,7.71517046503786e-10,stroma
764,10376.0,6251.0,other,0.4138402012416295,-0.1609555562337239,0.940556379045759,3.0675627013884356e-11,other
765,16835.0,9228.0,tumor_core,0.7952057429722377,-0.1377666473388671,0.6537246431623186,2.2474763472992974e-11,tumor_core
766,12388.0,5778.0,other,0.3146512385777064,-0.0876206683119138,0.1960125950404575,3.4334971630594946e-12,other
767,7561.0,6959.0,stroma,-0.2852359982899257,0.0251388543844223,2.419606350490026,3.5159092805145507e-10,stroma
768,10582.0,7060.0,tumor_core,0.5430829783848353,-0.0921609703699747,0.5117602321079798,4.529311810103459e-11,tumor_core
769,15829.0,9349.0,other,0.5965111814226424,-0.1051025454203287,0.7102958788190569,5.5798349163859835e-12,other
770,6557.0,7543.0,stroma,-0.1760377611432756,0.150163075129191,2.9227438735961915,2.3650033133404904e-11,stroma
771,7959.0,6031.0,stroma,-0.4492228644234793,0.1388006210327148,2.6672241265433176,1.5700568554286682e-10,stroma
772,10372.0,5325.0,other,0.227092568533761,-0.1646359888712565,0.632476327078683,1.0443388258054808e-11,other
773,4344.0,8133.0,other,-0.0552545309066772,0.0,-0.0552545309066772,2.02490312467786e-11,other
774,14607.0,6577.0,tumor_core,0.7207053702218192,-0.1311343002319336,0.4445451191493443,1.4207551267032475e-09,tumor_core
775,14212.0,8200.0,stroma,-0.1325792040143695,0.0103634776671727,1.8638558632986888,7.318047353243184e-10,stroma
776,6951.0,5921.0,stroma,0.2373978928157261,-0.0672234853108724,1.5058083561488562,6.89902698999624e-10,stroma
777,9968.0,5096.0,stroma,0.1436954934256417,0.0362235867977142,1.3878045545305526,3.715843671569407e-11,stroma
778,5145.0,7203.0,stroma,0.1552792031424386,-0.0862439918518066,3.2544784654889787,3.2162497873224575e-10,stroma
779,8363.0,6261.0,stroma,-0.2812807846069336,0.5721646388371786,2.416096180507115,6.75138627013103e-10,stroma
780,11392.0,7982.0,other,0.2731301907130651,-0.1513601557413737,0.4498098754882812,2.918736957602577e-11,other
781,4943.0,7088.0,stroma,-0.2892121696472168,0.3417278492450714,2.244007252284459,7.481211316896143e-10,stroma
782,11391.0,7751.0,other,0.5104138510567802,-0.1618252944946289,0.3091577039446149,2.874455985173023e-11,other
783,10985.0,7058.0,other,0.5333894675118583,-0.1385868962605794,0.6633127321515764,3.3152799560506866e-11,other
784,9369.0,6140.0,stroma,0.2259878076825822,-0.03802157441775,1.767827464512416,1.8785057207525379e-10,stroma
785,14202.0,6116.0,other,0.3818136814662389,-0.1146837333341439,0.7292593710763114,2.052883725547776e-11,other
786,11183.0,6478.0,other,0.242365504673549,-0.1381620661417643,0.6947505950927735,1.7965439963012824e-11,other
787,14013.0,8548.0,other,0.0985560171944754,-0.1419180806477864,1.3054427882603237,5.820924372557378e-10,other
788,11991.0,6937.0,other,0.1606575121198382,-0.1253312810262044,0.9482058497837612,1.2914479853972323e-11,other
789,9376.0,7529.0,stroma,0.4547017397199357,0.0605875527858734,1.3956702314104352,3.4325768753947926e-10,stroma
790,9374.0,7066.0,interface,0.4355385589599609,0.0795236919323603,1.0855964279174803,1.0456386444470151e-08,interface
791,11187.0,7173.0,other,0.1891846874782018,-0.1354818852742513,0.4452616827828544,1.9976941917515947e-11,other
792,12792.0,6008.0,other,0.0203934206281389,-0.0210823334256808,0.747767165047782,3.6676071206749067e-11,other
793,6348.0,6039.0,stroma,-0.3375418594905308,0.1040575079123179,2.2105689675467355,1.9962848977383032e-11,stroma
794,10783.0,6943.0,other,0.3087936292375838,-0.0729919221997261,0.7117418071201869,5.3380229555720354e-11,other
795,11790.0,7054.0,other,0.3157760947091239,-0.0432656462987263,0.8150125176565988,2.1045640629375295e-11,other
796,4942.0,6857.0,stroma,0.2469121660505022,0.2833296012878418,2.2489172799246653,9.539433046084463e-10,stroma
797,17242.0,9921.0,tumor_core,0.6643837956019811,-0.1122948455810546,0.3345088740757532,4.3098224113017216e-11,tumor_core
798,8566.0,6607.0,stroma,-0.2627660165514264,0.6491743421554566,2.446265869140625,6.294036466155396e-10,stroma
799,12194.0,7284.0,other,0.2233619471958704,-0.0912740524609883,0.6644547871180944,1.820973337792877e-11,other
800,9780.0,7758.0,other,0.236074641091483,-0.05994234085083,0.972520920889718,4.04260898785349e-09,other
801,11580.0,5319.0,other,0.4982500784737723,-0.1317919031778971,1.012785846165248,1.8683256853621e-11,other
802,5954.0,7893.0,other,-0.1985246276855468,-0.0150543816884358,1.3053132929120743,4.3020998734001486e-09,other
803,13803.0,6813.0,interface,0.5747571999686104,0.1398313665390014,1.3286210959298268,1.206865910870898e-09,interface
804,9569.0,5792.0,stroma,0.1930602863856725,-0.0870872398217519,1.3994347654070174,1.5111176365637616e-10,stroma
805,11179.0,5553.0,tumor_core,0.7185650416782923,-0.1288318125406901,0.335738296508789,2.3685240411364948e-11,tumor_core
806,14613.0,7735.0,stroma,0.2660365077427455,-0.0633310408393542,1.862765802655901,7.001264618135536e-11,stroma
807,9969.0,5327.0,other,0.4040922055925642,-0.1295320495466391,1.169161126273019,8.4372785390135e-11,other
808,12796.0,6933.0,other,0.2669469397408621,-0.1571629079182942,0.8019967814854212,5.2774307328480724e-12,other
809,6552.0,6617.0,stroma,-0.3223731681278774,0.1705746495723724,2.2939433670043945,7.954015579189803e-12,stroma
810,15828.0,9117.0,tumor_core,0.7189866311209542,-0.1410256576538086,0.2790158053806849,5.4144075524722946e-12,tumor_core
811,14211.0,7968.0,stroma,0.2885952704293387,-0.0705906814336776,1.4844003350394115,2.0052535038847087e-09,stroma
812,15618.0,7382.0,stroma,-0.0714389460427419,0.0979542305072148,1.9059026881626675,1.941423109606052e-09,stroma
813,12998.0,7048.0,tumor_core,0.6940303421020508,-0.1466458892822265,0.3391505595615931,3.6465790992596253e-11,tumor_core
814,16623.0,7030.0,other,0.6193615232195173,-0.1346576690673828,0.9217185538155692,3.7551020430556855e-10,other
815,4946.0,7551.0,stroma,-0.0959007263183593,0.0,1.811836324419294,1.4897062971933247e-11,stroma
816,15427.0,9582.0,tumor_core,0.5845440019880022,-0.1246682739257812,0.5479425539289201,4.4616961351667146e-11,tumor_core
817,7161.0,7656.0,stroma,-0.1307339538846696,-0.1127433395385742,2.655258353097098,1.0390117173932782e-09,stroma
818,12996.0,6585.0,other,0.5208511897495813,-0.0991634116073449,0.5363270677839006,2.2341558324207692e-12,other
819,13811.0,8433.0,other,-0.0297900199890136,-0.0995103963216145,1.289504258292062,1.120232442019708e-08,other
820,14403.0,6000.0,other,0.4896070698329381,-0.1590151977539062,0.3843956811087472,4.310650518972879e-11,other
