mean_curl,median_curl,top95_mean_curl,top99_mean_curl,edge_hotspot_top95_interface_like,replicate
0.00018576076747357654,0.00011185677125389612,0.00084820801104403,0.001249543379884548,0.0005078477509337234,0
0.00018568695631501251,0.0001121306932840698,0.000847643865796976,0.0012491803342479138,0.0005077583519585356,1
0.00018575768207392286,0.00011126036184717831,0.0008471836725459105,0.0012473854037991202,0.0005056025422976547,2
0.0001857460277853487,0.00011175160390880595,0.0008474829437639588,0.001250776629406637,0.0005078806427263689,3
0.00018575843178377606,0.00011205534464641778,0.0008473676383289018,0.001246110533546845,0.0005058927546820778,4
0.00018583703394768391,0.0001125084830257255,0.0008480292560332533,0.0012506044970977328,0.0005080187123624009,5
0.0001858220763575408,0.00011166331474834001,0.0008484636335393749,0.0012490927280504856,0.0005079731854988553,6
0.0001857298574367766,0.00011197893064172779,0.0008484091361277332,0.0012483304643287378,0.0005059571836542796,7
0.00018569388063023555,0.00011188112778358515,0.0008464852678940744,0.0012452177447388672,0.0005062986800244747,8
0.00018578355453732293,0.0001121015935251831,0.0008486631538323394,0.001250863436506612,0.0005086717846869798,9
0.00018574551893621162,0.00011170697536782242,0.0008477820397141751,0.001250682924139668,0.0005053437010428185,10
0.00018571346582788492,0.00011211023551598311,0.0008475491119138515,0.0012478965398792972,0.0005076349068129366,11
0.00018564794175304408,0.00011186922621681149,0.0008477960624082532,0.0012477903759863821,0.0005069522256882253,12
0.00018588583524866542,0.00011194679251244013,0.0008487596080459359,0.0012495350315464126,0.00050844048287451,13
0.00018578146456481442,0.0001119624992943092,0.0008485995891471897,0.0012504229814058292,0.0005066648685690025,14
0.00018564954951029,0.00011173460727984167,0.000847891842020816,0.001250360794981675,0.000506215035087388,15
0.00018570066164006168,0.00011216451590333358,0.0008481364224034312,0.0012487882328890395,0.0005074189179720765,16
0.00018579681671380944,0.00011190354622659954,0.000848666698277175,0.0012505302235848283,0.0005083037952032098,17
0.00018576671297329056,0.0001117654636994351,0.0008487195418894229,0.0012500527706243109,0.0005063944818933471,18
0.00018588300790601262,0.0001117685673622156,0.0008491932593580502,0.0012525911280282457,0.0005081241110741657,19
0.00018569357989871887,0.00011146769554300546,0.0008475402129615249,0.0012495580774115752,0.0005087159901119598,20
0.00018571356487768814,0.00011200249331235669,0.0008470235422684016,0.0012473505919089719,0.0005080663202922837,21
0.00018570172703270702,0.00011158868217831539,0.0008471328174368985,0.0012477163427694752,0.0005069002384960707,22
0.00018577463971638402,0.00011142986104480163,0.0008490268832784665,0.0012528737981546774,0.0005086822386455091,23
0.00018582694361652971,0.00011155042044969722,0.000848352629138879,0.001249658249339705,0.0005082271423140523,24
0.0001857658037710901,0.00011137309546935628,0.0008481836895097765,0.001252477212876744,0.0005068733543159392,25
0.0001857672645689241,0.00011170096762820375,0.0008481543958370484,0.0012492151110906364,0.0005084840938585543,26
0.0001858256489738868,0.00011170421973588686,0.0008483092247948859,0.0012491741914915776,0.0005076456799418649,27
0.00018577247325484534,0.00011191766283917788,0.0008486563598618563,0.0012524699332941555,0.0005087255732366625,28
0.00018574819582845652,0.00011185867571166628,0.0008482949430010837,0.0012488405474460251,0.0005063033950281007,29
0.0001858098721849037,0.00011155336234211627,0.0008483737290189689,0.0012513616264113667,0.0005086433959720924,30
0.00018578565259556778,0.00011193807302269885,0.0008482014306305148,0.0012503819640573338,0.0005062358758829797,31
0.00018565815998899357,0.00011176329537345133,0.0008468216831440869,0.0012466876346090986,0.0005079127597779094,32
0.00018586157803357923,0.0001119508440527607,0.00084877213714755,0.0012518857851806819,0.0005090820377491079,33
0.00018585911831774126,0.00011175287328948068,0.0008472986127237811,0.0012479156507054486,0.0005072211766039694,34
0.00018557025587611747,0.00011177862812088591,0.0008475207272269163,0.001246754088221821,0.0005061227343790042,35
0.00018569037515678952,0.00011173229678107204,0.0008470590925350318,0.0012483033491186904,0.0005067900833729964,36
0.00018580598351337996,0.00011190790126348361,0.0008483294673279091,0.0012503737170924923,0.0005066388921389281,37
0.00018586964564613805,0.00011142980966271537,0.0008487263603474776,0.001251416541140544,0.0005093022049467226,38
0.00018581972843029738,0.00011166938265981101,0.0008475852258833998,0.001248898988456768,0.0005087955684355779,39
0.00018584436117226286,0.00011225439979804441,0.0008479657606052785,0.0012510377166342474,0.0005081448958437127,40
0.00018564107638781774,0.00011207517407510775,0.0008463207528202677,0.0012428488339940884,0.0005059124653775588,41
0.0001857641779683203,0.00011204196295564852,0.0008487785178157883,0.001250373667771249,0.0005079607975212143,42
0.00018568529929443108,0.00011222877847849873,0.0008471513778827795,0.001244815095857975,0.0005072143716564466,43
0.00018578363961085575,0.00011217647081143956,0.0008488932073242673,0.0012501425373615878,0.0005096438289315623,44
0.0001856902196829037,0.00011209630818863879,0.0008468749745167791,0.0012450525703760946,0.0005077204585584495,45
0.00018575907707144324,0.00011181273617470151,0.0008483619518979215,0.001250822618144682,0.0005078609350369804,46
0.0001857546848750133,0.00011190380382210144,0.0008482202375618412,0.0012474761123993721,0.0005074926328972543,47
0.00018571906652088097,0.0001116175392079328,0.0008477614741742647,0.0012492392027567665,0.0005089473712798804,48
0.00018569096165503443,0.00011156881621065462,0.0008476064483193012,0.001246736748269119,0.0005076945066107149,49
0.00018595072246570778,0.00011169528485140771,0.0008489049237334281,0.0012487106488633976,0.0005082187318201188,50
0.00018571952862274065,0.00011230925566437422,0.0008468932103189714,0.0012451686607718065,0.00050540586854396,51
0.00018579451638597419,0.00011211542734216481,0.0008481069552521244,0.0012485827534985737,0.0005067652834925134,52
0.00018577561028273567,0.00011154754689635358,0.0008492907758232561,0.0012542462886077548,0.0005081106171296053,53
0.0001857897200956531,0.00011173190440505497,0.0008488280449382676,0.0012489938589900884,0.0005096344095438103,54
0.00018585137402681774,0.00011177239816677283,0.0008489681129524729,0.0012494284472427055,0.0005083419124409304,55
0.00018582429048313978,0.00011193898283561773,0.0008480886572216763,0.001249992547342709,0.0005086169755040736,56
0.00018582072936906778,0.00011164638435743486,0.0008481834885158792,0.0012486895058107517,0.0005080648231825993,57
0.0001857556343388756,0.00011197354763237451,0.0008479013386251561,0.001249947262333285,0.0005083580665902094,58
0.000185743106112368,0.00011158591977858902,0.0008476865637736357,0.0012466344288693887,0.0005073616533899655,59
0.0001857462709760375,0.0001120494423988525,0.0008471640521230623,0.0012456002384542786,0.0005080588744374904,60
0.00018577670451290832,0.0001119839911866198,0.0008483295172559517,0.0012484225717073012,0.0005061747644050704,61
0.0001858902370395949,0.00011156573146098211,0.0008492537204962076,0.001250378968164503,0.0005079035747543694,62
0.00018563959912634785,0.00011214533523873432,0.000847344944056664,0.0012471224482110323,0.0005061187176804722,63
0.00018571668668975174,0.00011230446454851326,0.0008471902178958417,0.0012454606303922554,0.0005059213082119241,64
0.0001858297013318678,0.00011165314594892026,0.0008490245928320765,0.0012520049312969644,0.0005087198516302941,65
0.00018573531270539605,0.00011165252905022337,0.0008479167572400614,0.0012484185579010958,0.0005071413610179976,66
0.00018578445065851006,0.00011242499054030415,0.0008490210828030743,0.0012498924440947617,0.0005082481000383474,67
0.00018574560863858657,0.00011198630293504515,0.0008485493743371835,0.001251209497854093,0.0005077869545301257,68
0.00018574140143730935,0.0001121607183588083,0.0008479935612556701,0.0012496624351661662,0.0005073893701550869,69
0.00018570927072209922,0.00011235356528598065,0.0008475172167068456,0.0012499595315077,0.0005077472685846794,70
0.00018573387048103352,0.00011206938568266971,0.0008478322531619715,0.0012459079215442175,0.0005080937791375174,71
0.00018574528945957647,0.00011200301279273671,0.0008483002690556485,0.0012493831460778993,0.000508091010509317,72
0.0001858228145505368,0.00011209277301969586,0.000847900619978679,0.001249114778563074,0.0005078453689480632,73
0.00018579694404273787,0.00011158083287619599,0.0008490284382635502,0.0012498941105499907,0.0005073154515905395,74
0.00018570097370804108,0.00011166010190566286,0.0008475489857125954,0.0012485542579968147,0.0005066059596398713,75
0.0001858223136601095,0.00011161490428134856,0.0008493356732657251,0.0012522323517236372,0.0005087369573359716,76
0.00018574345315899613,0.00011197442142901881,0.0008469098262224713,0.0012447651636221658,0.000507366686130794,77
0.0001856972708837946,0.00011165437616624153,0.0008477324720505422,0.001249200611542885,0.0005078089546580446,78
0.00018573072818650315,0.00011177505414835325,0.0008479666261186728,0.0012502173370641937,0.0005089345878727335,79
0.00018577187798523266,0.0001118801646207665,0.0008492288994229369,0.0012525957708117653,0.0005072131426450289,80
0.0001858955017305595,0.00011166130857105268,0.0008499755625384259,0.0012522594070895699,0.0005099005668536165,81
0.00018575574524696913,0.00011242265579061605,0.0008482481490390446,0.0012490185885099148,0.0005077700356622343,82
0.00018580944536716486,0.00011135341977188011,0.0008479151253775362,0.0012482225770111487,0.0005066475290801231,83
0.00018567513636292779,0.000112096104213172,0.0008464409267229403,0.0012459145521698588,0.0005077132574100554,84
0.00018576218787761328,0.0001118819176864489,0.00084835635264555,0.0012498847731733838,0.0005061393793404703,85
0.0001857817695123634,0.00011136124210522647,0.0008477750462780445,0.0012479113803699632,0.0005080055783397135,86
0.00018581551045778304,0.00011191953927911537,0.0008477855657624875,0.0012478013535581602,0.0005068490959746673,87
0.00018570767236476254,0.00011254508381406837,0.0008473593867633416,0.001245779722546146,0.0005074627904636168,88
0.00018584495237963257,0.00011193066450228113,0.0008481090078991069,0.0012482964392590953,0.0005074231207834602,89
0.0001858966334760603,0.00011184054415172365,0.0008493152864902976,0.0012520488088088105,0.000507927586164186,90
0.00018571485964029912,0.00011212813480425906,0.000846352835929662,0.0012456493591791096,0.00050794882309547,91
0.00018594308175697247,0.00011204140576083289,0.0008476220223364574,0.0012471014589462593,0.000506931334620718,92
0.00018577984778233442,0.00011196510071015203,0.0008479785003364659,0.0012496404551343482,0.0005073883637926488,93
0.00018572051613755823,0.00011189653919501743,0.0008471584394824798,0.0012456450909952448,0.0005067097690743501,94
0.00018568409440833616,0.00011212924631809931,0.0008481427382380255,0.0012490484662054182,0.0005079097274500793,95
0.00018575061129459154,0.00011231377072504164,0.0008482968925343078,0.0012492381771491545,0.0005072871610295498,96
0.00018574221454699917,0.00011221076724577368,0.0008485015299474437,0.001250627597082773,0.0005072427852863955,97
0.0001858388661253515,0.00011168285352506559,0.0008479383169362853,0.0012485197829959003,0.0005096069059016607,98
0.00018588423667055326,0.00011129427111822289,0.0008491651962099629,0.001249011112870114,0.0005084467614737219,99
0.0001857644741745959,0.00011128157440826479,0.0008477529507127471,0.0012482145743509983,0.0005080822545341501,100
0.00018563844253728217,0.00011201925385000563,0.0008467407943557084,0.0012455456981116883,0.0005087359458075152,101
0.00018573836664274992,0.00011225353522637574,0.0008473107476984606,0.0012470855024057234,0.0005072344947688729,102
0.00018580621271019506,0.00011159878079647606,0.0008477480208681534,0.001246474621840285,0.0005078341153513761,103
0.00018572964495989678,0.0001118365836057248,0.0008486409313597991,0.0012518074001189833,0.000507324705407875,104
0.00018581474599114114,0.00011196352240864863,0.0008483587968329259,0.0012488510105487212,0.0005072463363075193,105
0.00018577767809101062,0.00011198888762701834,0.0008485652357942914,0.0012503140727551183,0.000506463091508598,106
0.0001857922301313588,0.00011207866741117835,0.0008485682264372607,0.001248348267379569,0.0005055812441957926,107
0.0001858734842720528,0.00011210174351639686,0.0008486932317303824,0.0012493194572524725,0.0005076866058833795,108
0.000185735610332789,0.00011200709252449378,0.0008482932482335243,0.0012483041724075583,0.0005075416031850691,109
0.00018572200943962864,0.00011169532774547172,0.000846551766258905,0.0012448094558173564,0.0005058978005689617,110
0.0001858208988093705,0.00011180911524598516,0.0008479810674099398,0.0012505894945334646,0.0005072636150618976,111
0.0001857285452759842,0.00011154379070035958,0.0008484756116507936,0.0012510682328013352,0.0005080975514691782,112
0.0001857751061670168,0.00011200159270175064,0.0008487472567128794,0.0012490987313635588,0.0005077613892701354,113
0.00018579412325305544,0.00011228207885568539,0.0008480859194162348,0.0012488738843603412,0.0005084565385186079,114
0.0001856692617948821,0.0001116552048830558,0.0008477742997412374,0.001250582382081894,0.0005077262579099262,115
0.00018567951495555385,0.00011174468781448852,0.0008466829382053297,0.0012462405107877882,0.0005064657671400654,116
0.00018585469088526157,0.00011203733210585158,0.0008490773846511754,0.001251101545579811,0.0005081785981176079,117
0.00018594002091325087,0.00011220514717547652,0.0008487406707589461,0.0012510472321053381,0.000507803469540631,118
0.00018573173511331935,0.0001118827715470417,0.0008486688866190813,0.0012523353875739797,0.0005092388987496064,119
0.00018597877445345143,0.00011199128398370395,0.000849330046403082,0.0012497258435407146,0.0005099257210164801,120
0.00018577303242629575,0.00011238769518840269,0.0008480783043502574,0.0012496980274132737,0.0005066823597722943,121
0.00018588325150778435,0.00011200644364472836,0.0008492494684026222,0.001253261030646852,0.0005080416295281731,122
0.00018576276340916917,0.00011150065715264786,0.0008479841904577116,0.0012474228012424205,0.0005077823913041989,123
0.00018579009971312442,0.00011177412933697565,0.0008480909117509829,0.0012487899613200628,0.0005069969825229235,124
0.00018582997867637647,0.00011163848771545779,0.0008468749484030846,0.0012468202415143105,0.000506768288531954,125
0.0001858505976681482,0.00011185468581315962,0.0008483700014372383,0.0012505739293718593,0.0005075954017847319,126
0.00018581146227536884,0.00011143981917708244,0.000848057938377334,0.001249043647168981,0.0005071097109892761,127
0.00018568172210818516,0.0001117089465642031,0.0008476981128458221,0.0012484860138157053,0.0005076532979298438,128
0.00018581720646323983,0.00011193019916194392,0.0008473731957564163,0.0012472834801516815,0.0005079173212362589,129
0.00018578526494566,0.00011194793295292083,0.0008482951183369563,0.0012480080363217654,0.0005082647944694127,130
0.00018575836177381387,0.00011214476162917493,0.0008479856998584117,0.0012475883074739476,0.0005060613771410361,131
0.00018584639456764097,0.00011242285517164318,0.0008490007381368056,0.0012513022725734871,0.0005078489900450868,132
0.00018580627675085398,0.00011183751657655981,0.0008478251220232038,0.0012489322720255268,0.0005072664064704118,133
0.00018574372361913538,0.0001121730712575933,0.0008472776622020136,0.0012478711716587619,0.0005068762927154816,134
0.00018579222854705002,0.00011146064151715089,0.0008477654398025845,0.0012486772569517024,0.0005063785557826331,135
0.0001857926707139932,0.00011162896835518072,0.000847936672707871,0.0012459733922353786,0.0005074815875276751,136
0.00018575258692648898,0.00011161524055646062,0.0008476266212326609,0.0012487957559181508,0.0005062345793303866,137
0.0001857594982475384,0.00011217778804366814,0.0008477120589020936,0.0012510463660268918,0.0005067663112829929,138
0.00018583790842542853,0.00011205764237173469,0.0008482175752530112,0.0012485876137627858,0.0005071262938678529,139
0.00018582051613824936,0.0001116392883071807,0.000848775722409823,0.001250234845288952,0.0005076622786419613,140
0.00018575676254901729,0.00011168056454776768,0.0008480935631004682,0.0012504870093044925,0.0005078714206989452,141
0.00018570069617863692,0.00011180388943896923,0.0008483956606641656,0.0012507441847303096,0.0005080497423164828,142
0.00018585104235017822,0.00011200131891971187,0.0008484426731463547,0.001250202009357035,0.0005052837973594853,143
0.00018580456760318567,0.00011201650507153423,0.0008491310147150245,0.001251156462643793,0.0005082890990807042,144
0.00018569542400372294,0.0001116464290852926,0.0008472833544527628,0.0012471575985460968,0.0005076907816694692,145
0.00018585204697291462,0.00011178381129457924,0.0008487987410517844,0.0012487588883717345,0.0005060539681452379,146
0.00018584173119498586,0.00011218010925846707,0.0008481791213855323,0.0012487386240134313,0.0005081421524811013,147
0.0001857375861371805,0.00011185711971121648,0.0008474530244064242,0.0012471070465769425,0.0005062803014688122,148
0.00018558827602139792,0.00011187860827694407,0.0008467173752226383,0.001245549102403474,0.0005075742631564439,149
0.00018568906623191858,0.00011207457191894922,0.0008472261287497624,0.0012454348620790695,0.0005068901976201702,150
0.00018575524914744493,0.00011150178577252676,0.0008482057297407486,0.0012511568905917473,0.000507144619147878,151
0.00018579944609109367,0.00011158178409803569,0.0008490946817458978,0.0012513021389558875,0.0005092241047557319,152
0.00018584529683115186,0.00011182027068844912,0.0008481239189976036,0.0012477533310015854,0.0005061715106780754,153
0.00018580287477418952,0.00011150220085721717,0.0008473789631164391,0.0012489957368438187,0.0005070069573418005,154
0.0001857691918190323,0.00011150136864777965,0.0008477273129244436,0.0012480719629720154,0.0005063084007422863,155
0.0001857415127410494,0.00011204491331819699,0.0008490511665053342,0.0012518386649142184,0.0005068976030021736,156
0.00018581091480890946,0.00011154974554383827,0.0008490140170280469,0.0012522841101177313,0.0005094275335000894,157
0.0001858660242631197,0.00011286921401695824,0.0008483438431921511,0.0012483950669264438,0.000507633514633306,158
0.00018574404954566174,0.00011205748251368272,0.0008483790759849648,0.0012504550613234705,0.0005069085580395303,159
0.0001857941358878951,0.00011147591614127775,0.0008476271495804983,0.0012456706085710492,0.0005071815525479325,160
0.00018581441374194074,0.00011167027683638813,0.000848739992405313,0.0012509127295780664,0.0005094346233360168,161
0.0001856953659193603,0.00011183552011419148,0.0008478242254711327,0.0012459411103047258,0.0005065766128767406,162
0.0001858387827960816,0.00011231461336583989,0.0008480214692854699,0.0012485903950497771,0.0005082219922373163,163
0.0001858227390811201,0.00011199454376053516,0.000847532256872895,0.0012469799940223512,0.0005055903144968236,164
0.0001857080491465642,0.00011182660542315417,0.0008482329985471998,0.0012500867266031065,0.0005064566303107607,165
0.0001858078826827547,0.00011213730710220768,0.0008489901376859416,0.001254106722961853,0.0005082778050088891,166
0.00018583110183771542,0.00011171872066683654,0.0008489468411337546,0.0012525091708553311,0.0005086282792875869,167
0.00018574594036117732,0.00011189896490301492,0.0008478815690933666,0.0012503830764335133,0.000507358219119368,168
0.00018593682332491168,0.00011188020875510875,0.0008494328556537725,0.0012492824244905475,0.0005066502613352083,169
0.00018583389843916757,0.00011148046868022826,0.0008494301119349399,0.0012507036470440747,0.0005074761116375292,170
0.00018584877688141636,0.00011191946711531256,0.000848339139484602,0.0012494003382168062,0.0005069850296720504,171
0.00018576997005773516,0.00011188957849996748,0.000847946157130488,0.0012467559243400069,0.000507399796571293,172
0.00018582783903903227,0.00011207223885774999,0.0008489842690574385,0.0012507329190024077,0.0005094741809852157,173
0.00018561896100445738,0.00011167616720278426,0.000848134690280066,0.0012497810867578589,0.0005080010047133435,174
0.00018566759955847026,0.00011167205917136705,0.0008485138708656276,0.0012481115675547548,0.0005066490154877594,175
0.0001857444109942373,0.00011218066614485106,0.0008481136251235157,0.001249784166148997,0.0005076063346286398,176
0.0001856472075063996,0.00011237582747522157,0.0008481454037769412,0.001249367012102972,0.0005082021082161998,177
0.00018580344334632692,0.00011148506617846087,0.0008478741751352328,0.0012497140857860012,0.0005067911191071472,178
0.0001858459337818289,0.00011180069111432742,0.0008484663496697998,0.0012494705674395178,0.0005080525662066323,179
0.00018583923588276992,0.00011181738448772066,0.0008480922961418239,0.0012490730211198024,0.0005073685159888177,180
0.00018584640996066498,0.00011178612709674718,0.0008489042522557723,0.0012496040259961652,0.0005071373601686716,181
0.00018573139949856068,0.00011169473785221522,0.0008491829437558174,0.0012508296725549572,0.0005086037512860173,182
0.00018574874680201705,0.00011213832231153508,0.0008488926336843832,0.0012539169026014334,0.0005095582964202885,183
0.00018580726040820638,0.00011187014291567262,0.000848231790493969,0.0012495176350231121,0.0005061836193769633,184
0.00018576427073105893,0.00011104705981106583,0.0008483413339690302,0.00124926562876365,0.0005089274259595365,185
0.00018568843942837505,0.00011135457444941273,0.0008470413804942364,0.0012465106434267007,0.0005080618886496792,186
0.0001858217091422955,0.00011161008766462965,0.0008488850020788132,0.0012489657600439597,0.0005080459459718177,187
0.0001858452906589444,0.00011147023014827841,0.0008485154347973054,0.0012504289378516891,0.0005086478699838759,188
0.00018583282831227956,0.00011166715869923046,0.0008487177475346003,0.0012498555254185685,0.0005059211060859622,189
0.000185783552774519,0.00011175162519879174,0.0008484396149505274,0.001249238882091061,0.0005063962645123135,190
0.00018579995086392064,0.00011184314724600308,0.0008471815452223534,0.0012472306511688398,0.0005085037310644981,191
0.00018575629101918637,0.00011174585460788576,0.000848934418036816,0.0012509034768406913,0.0005086134677683275,192
0.00018574181053553906,0.00011147676131634145,0.0008483404003263286,0.0012492349516843417,0.0005075649657894321,193
0.00018581576089217954,0.00011189827178039073,0.0008488516265710039,0.0012499966448616955,0.0005080593366227653,194
0.00018563686364306715,0.00011143845200434296,0.0008469427920972814,0.0012458422288535653,0.0005067886707444726,195
0.00018579228777652836,0.00011133739194295534,0.0008479942308744384,0.0012507712662709976,0.000507081950591319,196
0.00018574715356973315,0.00011185737282308857,0.0008480201323204554,0.0012465299749387137,0.0005067731575408205,197
0.00018589125761244102,0.00011220908264993767,0.0008481366041436455,0.0012492809782010908,0.0005089781859958859,198
0.00018578417314879265,0.00011184785398794217,0.0008469112027225252,0.0012488990217011232,0.0005077123651165511,199
0.0001857367345513069,0.00011206630718121202,0.0008463742919733575,0.0012442308463295484,0.0005088991537547731,200
0.00018565576583852436,0.0001119509587583058,0.0008480341175740283,0.0012505201297179308,0.0005080642432529877,201
0.00018570040692361315,0.0001116504593076429,0.0008478624063946304,0.001248627552200022,0.0005088106575440522,202
0.0001855875779250145,0.00011209589838272852,0.0008463888491939765,0.0012469134633373924,0.000507905934721012,203
0.00018583055185429262,0.00011211062488465868,0.0008490619538372706,0.00124914776061314,0.0005072056595631004,204
0.0001857115925656203,0.00011197510201135403,0.0008485744307734258,0.0012495821233262543,0.000506705840413303,205
0.00018572837603996896,0.00011212898836190642,0.0008480081795564163,0.0012500890970334791,0.0005070510473301358,206
0.0001859181151595371,0.0001118349832799239,0.0008486152326923025,0.001250129320709477,0.0005084694613713111,207
0.0001856386980729734,0.00011223959680159281,0.0008470462357276641,0.0012491732058184093,0.0005065584545866446,208
0.00018585746625847057,0.00011174841267875194,0.0008481212613111764,0.0012512152936354304,0.0005091422226143144,209
0.00018579734780768716,0.00011220548393575235,0.0008473880137987675,0.001247307353885596,0.0005083124873462847,210
0.00018577411817141906,0.00011134431549141421,0.0008484143697426593,0.0012482400911672286,0.0005072014889847316,211
0.0001857552098329671,0.00011182945053494703,0.0008485798174982437,0.0012484914369771743,0.0005070964687005188,212
0.00018570824721371486,0.00011190062659695616,0.0008486959986749684,0.0012498341976979704,0.0005095644365202338,213
0.00018581004308816393,0.000111466745456131,0.0008481037114905504,0.0012497873552555132,0.0005090187455077021,214
0.00018581834360949405,0.00011229367295394842,0.0008490599186060547,0.0012517822465644415,0.0005083807438185934,215
0.00018583091902974418,0.00011190870740345821,0.0008486808335919733,0.0012498163217340922,0.0005097889723919851,216
0.0001857511244718167,0.0001117895601235411,0.0008472355477429873,0.0012448910962548976,0.0005058857502165711,217
0.00018578000440788256,0.00011199774111962578,0.0008463593277419107,0.0012455993154013429,0.0005079622638475821,218
0.00018575606606029675,0.00011208805783292724,0.000846994425488505,0.0012447468853820096,0.0005079418511992214,219
0.00018572780954557172,0.00011215508236280618,0.0008489076062384404,0.0012521038468179203,0.0005088574494324244,220
0.00018568168730150533,0.00011209841184685058,0.0008473099525632385,0.001245661540516027,0.0005080974964310727,221
0.00018583560135432454,0.00011178826055843868,0.0008485334355493881,0.0012481839531990474,0.0005083701845562277,222
0.00018573076025569596,0.00011188235100621145,0.0008474389778969552,0.00124870235516793,0.0005071417832961611,223
0.00018567722440849505,0.00011292119460342284,0.0008476231255613211,0.001249721423800143,0.000508414989574966,224
0.00018568014737857223,0.00011238442276990772,0.0008479901024626276,0.0012517993217713845,0.0005070027090568434,225
0.00018573935109836577,0.00011137080809173842,0.0008473635904150187,0.00124672752047954,0.0005077687093156735,226
0.00018582360286694357,0.00011184905139915107,0.0008479246679809887,0.0012481097950261056,0.0005063698077068048,227
0.00018572350311189277,0.00011165958701964902,0.0008473260171006541,0.0012485824353097516,0.0005070446835936125,228
0.00018566715755737566,0.00011209673030229873,0.0008479448256298209,0.0012461704308583382,0.0005077198118920644,229
0.0001858236678494697,0.0001118305937695204,0.000848880165019943,0.0012496694404420525,0.0005068411439881135,230
0.00018570089041758273,0.00011170591827444078,0.0008486300391003802,0.0012504797227323643,0.0005079976692172975,231
0.0001857453209154865,0.00011159085897931901,0.0008481091151197986,0.0012500005163589316,0.000507878038725667,232
0.000185647663490406,0.0001119969579241148,0.0008471457327251769,0.0012457592542352983,0.0005063710135581323,233
0.00018579897236864026,0.00011259778368222825,0.0008475202021607733,0.001246306832837106,0.0005061658001692949,234
0.0001858877722895875,0.00011196801178755147,0.0008487995482996544,0.0012490028413252253,0.0005084171351692233,235
0.00018593170561817253,0.00011231998817065048,0.0008488912975634338,0.001250176748161079,0.0005080699129712805,236
0.00018579917953875601,0.00011185777901172375,0.0008492269441613282,0.001251515606489064,0.0005082769470507683,237
0.0001856735246955769,0.00011180097586618515,0.0008474939358216805,0.0012476550321454214,0.0005069328503927952,238
0.00018578136694359233,0.00011194094731021591,0.0008466073631861906,0.0012456516613619712,0.0005059598735228005,239
0.00018589705681989997,0.00011163522008509034,0.0008478886105085997,0.001245283133126747,0.0005070662533345667,240
0.00018556202996758704,0.00011163931095915394,0.0008477856284609125,0.0012502515795915546,0.0005085814456503197,241
0.0001858139842544744,0.00011208623795691766,0.0008493836712369421,0.001250715467287486,0.000507680657419878,242
0.00018579185654975645,0.00011182569692902501,0.0008485623898799386,0.001248828840906588,0.0005074638943354332,243
0.00018558020136550093,0.00011169474802315208,0.000846876957114414,0.0012450745897789597,0.0005068139001511894,244
0.00018581798715153886,0.00011172316169478036,0.0008475816855789718,0.001248969946505466,0.0005077103109607358,245
0.0001856905204803564,0.00011182729467999881,0.0008482927660344675,0.001249876740931822,0.0005084394215176826,246
0.000185783328632047,0.00011194968937521664,0.0008489796558816701,0.0012503583301782162,0.0005050144445249326,247
0.00018584842027888227,0.00011183197305358631,0.0008485654824498464,0.001250383479903631,0.0005089215294625984,248
0.00018564760887165193,0.0001117675791106724,0.0008479835182841843,0.001248863900803121,0.0005072557472818416,249
0.00018573876238437925,0.00011124916273642884,0.0008476862066713611,0.0012475316971377987,0.0005082392497094611,250
0.00018580614710503717,0.00011155789614745685,0.0008479511440874601,0.0012464837814449051,0.0005074392420117797,251
0.0001858088691956196,0.00011200829873918091,0.0008487692594250716,0.0012485934302262553,0.0005052995262229057,252
0.00018582019422265478,0.00011142707582984681,0.0008491194720045866,0.0012498569000630867,0.0005073046401915367,253
0.00018584367845691024,0.00011188084337997842,0.0008482675225131018,0.0012477681751857559,0.0005077981140748369,254
0.0001857095152346381,0.00011180451863038356,0.0008481294623738716,0.0012468724946841031,0.0005079075665725012,255
0.00018580666881113246,0.0001118658692512474,0.000847981503782482,0.0012484302084245602,0.0005062044162751283,256
0.00018586989742207322,0.00011180806145452746,0.0008479727622937454,0.001247934729761589,0.0005079090912711474,257
0.00018577975402418975,0.00011170028618143248,0.0008486018805760405,0.0012496057832413173,0.0005054665947046371,258
0.00018583567276166113,0.00011182688975428053,0.0008479504592885599,0.0012484511890620308,0.0005070952501922245,259
0.00018571261074704185,0.0001120987554009803,0.0008480141182864048,0.0012496695641401416,0.0005076156621314779,260
0.00018582954758432927,0.00011146443141758723,0.0008488440944623838,0.0012498259852886297,0.0005080412017514761,261
0.0001857712937683058,0.00011190449873778819,0.0008491914252744234,0.0012493549649460114,0.0005080228768466057,262
0.00018578489867152354,0.00011248532903807956,0.0008481903409781517,0.0012502118806234843,0.0005095746358118038,263
0.00018582941868450974,0.00011190548550970851,0.0008476111829515816,0.001248994390339724,0.0005075190394155954,264
0.0001857949966495411,0.00011194430039269807,0.0008472514070988189,0.0012500899543782338,0.0005072749233986362,265
0.00018574795386354332,0.00011195136580613054,0.0008472809424845854,0.001247759212892256,0.0005080724188669749,266
0.00018579996735170902,0.00011173516843647472,0.0008487280442746043,0.0012511576760664592,0.0005067851185123862,267
0.0001857094827317592,0.00011198170050148319,0.0008475426224891523,0.0012461854161237894,0.000506579914150736,268
0.0001858645941530694,0.00011169317812347423,0.0008484679489294422,0.0012503578232458917,0.000508434528273999,269
0.0001857350074242234,0.00011190566961852467,0.0008472906427806459,0.0012479929673931756,0.0005057819923978791,270
0.00018579624941802801,0.00011201236607393084,0.000848023443643546,0.0012482077584753488,0.0005087225347208658,271
0.00018567760926658578,0.000111579965816608,0.000846896048606045,0.0012518388440739415,0.0005076214724752255,272
0.00018580732941462578,0.00011188359860663397,0.0008479194773901136,0.001248226044343683,0.0005066147039956757,273
0.00018570745642364081,0.00011190026445448878,0.000847382906102674,0.0012492890553960196,0.0005077659377983198,274
0.0001857684403160918,0.00011162049069848165,0.0008484590021600065,0.0012504523304377375,0.0005077310560515008,275
0.00018573061646095547,0.00011191914779740039,0.0008469182072573951,0.0012478820478800457,0.0005061433907807924,276
0.0001857889028553269,0.00011173650201191732,0.0008489041541469338,0.0012509942407566122,0.0005073434757665468,277
0.00018568083032930054,0.00011177738662025215,0.0008484331808594101,0.001248366270533168,0.0005075552999070552,278
0.00018583432574271862,0.0001117037446518837,0.0008483443188621804,0.0012463864344630477,0.0005074230573806178,279
0.00018573905615784178,0.00011194101396101711,0.0008480720414150482,0.0012477523249832803,0.0005065051890806326,280
0.00018586634232059223,0.00011139345363927507,0.0008477180185398105,0.0012472732351465968,0.0005077895689264988,281
0.00018567987210142703,0.00011178166826723089,0.0008462531296452626,0.0012468638269829853,0.0005066792254245186,282
0.00018577184806876665,0.00011181460406944847,0.0008470218384089624,0.0012481276306381532,0.0005069627053231555,283
0.00018566496040657205,0.00011168184305318347,0.000847735657880218,0.0012467205227605271,0.0005070506911193594,284
0.00018584386474374093,0.00011176401998671582,0.0008491395294174497,0.0012510430621623264,0.0005084425331655692,285
0.0001858052775238847,0.00011145898063190257,0.0008487060976923828,0.0012515188766099,0.0005062529906051292,286
0.00018575989135673004,0.00011209417241713518,0.0008475974227403688,0.0012458734047518219,0.0005086294622928401,287
0.00018571481458990946,0.00011170241226816683,0.0008486710101871754,0.001251077389451965,0.0005095933020852448,288
0.0001857903759872879,0.00011155068765245329,0.0008485072328742031,0.0012520444925096805,0.0005084811187166085,289
0.0001857939195404221,0.00011130905285981155,0.0008487007791451989,0.00124992316618743,0.000508294999764044,290
0.00018575793097908537,0.00011191225602474677,0.0008467370404205079,0.0012459739996042074,0.0005074065275225411,291
0.00018571886111847495,0.00011158414876176896,0.0008476083735197937,0.0012458074970286975,0.0005081271418656366,292
0.00018576551459274164,0.00011203279105523957,0.0008475954913188878,0.0012460046450267648,0.0005081475017347108,293
0.00018579989050074926,0.00011204657666536699,0.000847814045798238,0.0012488917668712826,0.0005078207504528033,294
0.00018587460708371114,0.0001117452665715388,0.0008481151297909049,0.0012483732288525427,0.0005087005539920053,295
0.00018588287152909093,0.0001120797004318444,0.0008491781030474458,0.0012524165526858766,0.000508201551140775,296
0.0001856515079627694,0.00011166304734736643,0.0008464123121729312,0.0012454730678538755,0.0005065365033066992,297
0.0001858428005860577,0.00011194342189050523,0.0008493060399808514,0.001251708460452318,0.0005103976080228238,298
0.00018576903373228264,0.00011144623810512214,0.0008486614670364552,0.0012520285787927272,0.0005080783450807718,299
0.0001857901997737228,0.00011169334045996304,0.0008487682624915383,0.0012487421639775043,0.0005069982659785872,300
0.00018583347560163733,0.00011206894508930151,0.0008491708969277712,0.001249936428989126,0.0005070510369789209,301
0.00018571861165222174,0.00011213872947071258,0.0008476846359072183,0.0012493695124187099,0.0005078015035615143,302
0.00018574789566426692,0.00011197251955957546,0.0008475973408211385,0.0012475220579990566,0.0005057989712976598,303
0.0001858023910093441,0.0001116183237528595,0.0008484316816314376,0.0012499482247178325,0.0005081044070581568,304
0.00018576865206060592,0.00011175530435056113,0.0008474910012239154,0.0012499836099393762,0.0005077678054325328,305
0.0001857086168064803,0.00011204331456621373,0.00084707591163588,0.0012485514799495537,0.0005058704967324563,306
0.00018568810763949708,0.00011185651878101456,0.0008469903820827482,0.001246783881624837,0.0005067470688765951,307
0.00018579089552937014,0.00011207650558905263,0.0008487644412677215,0.0012512086845233342,0.0005100022800590856,308
0.00018575395622716175,0.0001119223912766076,0.0008476779615702969,0.001248429548120202,0.000507212677658551,309
0.0001858395413530753,0.0001125200487309196,0.0008478118110219186,0.0012497010448829036,0.0005093920020451968,310
0.00018581919862138262,0.00011195999791974021,0.0008485545580028581,0.0012449161229019603,0.0005071853983200963,311
0.00018583654377137476,0.00011148459219333847,0.0008488937790649988,0.0012507424803733748,0.0005078751469651815,312
0.0001857582031837273,0.00011243118681860442,0.0008484417467960129,0.0012522772022003953,0.0005087690762896791,313
0.00018584743224237343,0.00011135172028355438,0.0008485277161745315,0.0012513798397328546,0.0005087530726866411,314
0.00018588600037248266,0.00011226148030713749,0.0008483474505811099,0.0012516243403207382,0.0005082420627530251,315
0.0001856914025910546,0.00011244614503407661,0.0008471364248821363,0.0012472255956129245,0.0005089407328925376,316
0.00018568944768173625,0.0001115986970816668,0.0008484409248148007,0.0012495464751752466,0.0005087042419029531,317
0.00018586323412322686,0.00011216654250193649,0.0008474040394622126,0.0012449732653611319,0.0005072535509841745,318
0.00018581702553854254,0.00011171805037110642,0.0008481384467959173,0.0012488448730943195,0.0005077524991049232,319
0.00018582162203465154,0.00011129317007026301,0.0008487772696067283,0.0012507706143639317,0.0005085805328643069,320
0.00018578233592715212,0.00011181410241150787,0.0008479565916075391,0.001249245891522776,0.0005069724313880662,321
0.0001857983008286173,0.00011152214459273937,0.0008479769861028612,0.001248278698187052,0.0005079791876637275,322
0.00018586668204637017,0.0001118499389118483,0.0008478441511312242,0.0012489520495922249,0.0005073729754762253,323
0.00018582260673089622,0.00011187326539633294,0.0008483132777202909,0.0012482297638789033,0.0005086632022332922,324
0.0001858283175675378,0.00011213688644315584,0.0008476060681891671,0.0012487240980098044,0.0005089986077606413,325
0.00018581056596478135,0.00011206089403128716,0.000847333492968626,0.0012485165401649686,0.000507876094126504,326
0.000185855412657587,0.00011205688201202929,0.0008483424396781034,0.0012485460062247613,0.0005087447166635742,327
0.00018578503035135953,0.00011200072082911567,0.0008482724669925924,0.0012493155622376325,0.0005077315082814562,328
0.00018570817045233172,0.0001122852402753546,0.0008481701922533111,0.001248859377547987,0.0005070893674329787,329
0.00018571256455114153,0.00011167273162516701,0.0008480304254233399,0.0012499166230689868,0.0005077442261947878,330
0.00018578674132102297,0.00011222751859816846,0.0008480203867479581,0.0012467057134432408,0.0005080314567162427,331
0.00018569001964445527,0.00011212066689220389,0.0008474611081279456,0.0012493653439783713,0.0005079546793801324,332
0.00018592407568456795,0.00011177292493614804,0.0008476629832030972,0.001250018005062784,0.0005086627236006904,333
0.00018580312928313092,0.00011160121135247439,0.0008476982660842371,0.0012493669567256505,0.0005075678889679796,334
0.00018591271025224018,0.00011172615040403548,0.0008477438149278705,0.0012473879410909384,0.0005080778801493928,335
0.00018580085618622355,0.00011163089976951959,0.0008489162517164917,0.001247657447971691,0.0005066680368177473,336
0.00018574060862860308,0.00011177447403919625,0.0008470678033520169,0.0012465789062889505,0.000506242161940427,337
0.00018586231873018728,0.0001112881110949828,0.000848826450565814,0.0012472653856203436,0.0005063221375256338,338
0.00018583713107479298,0.00011172671885837339,0.0008482075385905239,0.0012506892234099428,0.0005080630202087339,339
0.00018578879618839144,0.00011236095444753412,0.0008474710380036791,0.0012499642950864543,0.0005068163248850519,340
0.00018579367946985114,0.00011160567803945458,0.0008488871426501024,0.0012503889976060829,0.0005084942209484978,341
0.00018581393495885944,0.00011178638939660394,0.0008487796329633762,0.0012486775043485494,0.0005059546298525443,342
0.0001858797401126713,0.00011182697646119308,0.0008489666327155385,0.0012512003823671515,0.000507636079842873,343
0.00018576550802649005,0.00011171338751543897,0.0008464383652416717,0.0012455250743602564,0.0005069401540002844,344
0.00018578044703528523,0.00011228962128209116,0.0008486126103605148,0.0012515358080337003,0.0005073286234873721,345
0.00018561274792935106,0.0001118854337960593,0.0008470045207607376,0.0012450678702112,0.0005041716760735362,346
0.00018576156918431985,0.00011190377476263227,0.0008473102780966904,0.0012465059785668994,0.000505683453079247,347
0.00018582670594160985,0.00011198531059795566,0.0008488594997482886,0.0012522471220748727,0.0005067823198779583,348
0.00018576126920897274,0.00011171249547496886,0.0008476451773464128,0.001249278994938913,0.0005078741165392658,349
0.00018565557830336853,0.00011160454468754363,0.0008467148766107709,0.0012457607438424137,0.0005069288478967989,350
0.0001857860665666875,0.00011169217201353242,0.0008477090975495408,0.0012490741187605736,0.0005067923116331476,351
0.00018575848437629792,0.00011173722077542265,0.0008478146749202377,0.0012477686361747975,0.0005071272203000739,352
0.00018580006511487044,0.0001114434154921659,0.0008485437717499192,0.0012483269120119422,0.0005062646186576123,353
0.00018576650387576863,0.00011186321399673569,0.0008485259871880044,0.001250900133869165,0.000506575125284987,354
0.00018569809879113246,0.00011214611919453579,0.0008487186568478203,0.0012522098616457016,0.0005091152907436027,355
0.00018574791950488407,0.00011232031749038439,0.0008480049233600076,0.0012479563330652695,0.0005086298410947075,356
0.00018573847531084937,0.00011175222065871427,0.0008481784969783737,0.0012505237365615937,0.0005063119831839623,357
0.00018576687317523315,0.00011213915138450541,0.0008483944612235782,0.0012522006771787737,0.0005059017290101137,358
0.00018579261330544736,0.00011137912971851259,0.0008472424376375909,0.0012484094744170502,0.000505428242328639,359
0.00018587564349655843,0.0001120563674393352,0.0008491923621816202,0.0012519353227556946,0.000507438991399445,360
0.00018579968042786073,0.00011139615250888475,0.0008480359803545722,0.0012478475538094393,0.000507094377534586,361
0.00018577652743346666,0.00011178408851599384,0.0008476884748316581,0.0012470752180742438,0.0005062768428826589,362
0.00018579606534074733,0.00011196803553688153,0.0008489286929351117,0.0012509417582337466,0.0005075036628337111,363
0.00018575638130941327,0.0001121579283013793,0.0008488487261598811,0.0012526782304022514,0.0005085662206464065,364
0.00018585035650099514,0.00011197708074081952,0.0008485455913193696,0.001249725139270444,0.0005086871573928612,365
0.00018584396912574308,0.00011197924466150677,0.000847340205550991,0.001249621733066944,0.0005083644412015429,366
0.0001857477620395081,0.00011158823931133639,0.0008481405217504683,0.0012480044184535772,0.0005086432534126289,367
0.0001858165117132312,0.0001118616735278542,0.0008481535243680722,0.0012501863552400786,0.0005052226870748942,368
0.0001858782578936259,0.00011190329794107115,0.0008482886977137698,0.0012481456968130263,0.0005080224933976535,369
0.00018574220266472539,0.0001117736872422186,0.0008476409542236786,0.001250453196336544,0.0005082449392056479,370
0.0001856844267941394,0.00011216156772911323,0.0008473202968848898,0.0012476056674024646,0.0005061664815043797,371
0.00018573465677016541,0.00011152089905272778,0.00084811177246772,0.0012498254225317437,0.0005083183797580715,372
0.00018572011454936354,0.00011168256925428979,0.000848054613555922,0.0012496808476353373,0.0005055695689008661,373
0.00018586951416754333,0.00011170027328000959,0.0008486751398042745,0.001248229456515066,0.0005084640293841131,374
0.0001859405917684378,0.00011187519512004468,0.0008502128031768805,0.0012548112431057057,0.0005085394539902693,375
0.00018571925760954705,0.00011187128763617103,0.000847721071227198,0.001248696791191646,0.0005070365475516747,376
0.00018580587197050062,0.00011178311256142274,0.0008474775220280485,0.0012477744142085762,0.00050679002018944,377
0.00018572639827304957,0.00011181317298146599,0.0008483204558037862,0.0012496705052403656,0.0005064349730225754,378
0.0001858354326353977,0.0001117227805878841,0.0008482473827020253,0.0012515057882994693,0.0005082114884168086,379
0.00018576942303309303,0.00011205144543702757,0.0008482779679843517,0.001249784782042787,0.0005057942851349221,380
0.0001857857743877831,0.00011193869171834941,0.0008482055369872693,0.0012507782755587452,0.0005069916042431501,381
0.00018584992513170407,0.00011151442088779412,0.0008487509499385393,0.0012506643192280542,0.000506726201249236,382
0.0001857302590373281,0.00011197410087231108,0.0008472392982948571,0.0012482252977089484,0.0005060789933087526,383
0.00018582860849894597,0.00011214346047436636,0.0008470680554639106,0.0012451755307713028,0.0005078193942467365,384
0.00018579346904455682,0.00011177478218967748,0.0008473277800952392,0.0012485253171631951,0.0005068888717908691,385
0.00018576327782353076,0.00011196997827121887,0.0008480916733554785,0.0012501243137137063,0.0005071233929893489,386
0.00018577718869566023,0.0001115439528239541,0.0008483721438291235,0.0012500681153240869,0.0005076170220407336,387
0.0001859448586220427,0.00011202331391668988,0.0008487252299243241,0.001250317008196213,0.0005077827314269064,388
0.00018583872257314473,0.00011202543004324376,0.0008482496027026184,0.0012492494553402891,0.0005078751793818859,389
0.0001857902085905918,0.00011190013311119,0.0008483399863320033,0.0012484474918178707,0.0005086327897781898,390
0.00018574931011203956,0.00011241182695212015,0.0008487121401696038,0.0012508732211648252,0.0005080293640599791,391
0.0001857667199876409,0.00011151051441357033,0.0008479546729950327,0.0012500048200117242,0.0005075186090416314,392
0.00018581016541367558,0.00011159559256941475,0.0008480787912016872,0.0012511347552823689,0.0005067656022667708,393
0.00018575311829593057,0.00011148443665493548,0.0008481249910727633,0.0012478797303026778,0.0005078145276697167,394
0.00018580122243855155,0.000112117565977534,0.0008482786219642074,0.001250433550330218,0.0005067321668524057,395
0.00018590102193561677,0.0001116733043515756,0.0008491460503824061,0.001253705781255395,0.0005070605298139831,396
0.00018570948659073276,0.00011189673013053255,0.0008485209592331912,0.0012499660584109151,0.0005071083935769329,397
0.0001858648649926769,0.00011197704668813055,0.0008485119390665623,0.001249969849411514,0.0005078277732927975,398
0.0001857836803560492,0.00011148323678880028,0.0008481307635964555,0.0012475249010504364,0.000508525285279562,399
0.00018582786230064504,0.00011217471427724584,0.0008489824197650847,0.0012503420768538703,0.0005088791903761616,400
0.00018575936344217704,0.00011173069426215105,0.0008485870896007453,0.0012513862222229193,0.0005064142005887112,401
0.0001858124194233994,0.00011190011165734416,0.0008473974064079702,0.001248360354394239,0.0005057738886858752,402
0.00018587654649538274,0.00011169285982633954,0.0008475874332569154,0.0012479299658320654,0.0005087655338225323,403
0.00018584220385861044,0.00011195661617504894,0.0008486859114649009,0.001248770187261214,0.0005073468945076052,404
0.0001857455580581443,0.00011167597598102983,0.0008472024297051772,0.0012482192421774275,0.0005082491127838452,405
0.0001857238280363762,0.00011211550479308738,0.0008474026225386492,0.0012461975737765778,0.0005073831214850449,406
0.00018580965730333337,0.00011219577277462305,0.0008470685476984871,0.0012473165310808955,0.0005081218464766905,407
0.00018574353398709585,0.00011189413464892018,0.0008476358374584467,0.0012477268982223797,0.0005060125669403855,408
0.00018573022295624152,0.00011204093761991252,0.0008467768667700751,0.0012477651187289896,0.0005066498068258979,409
0.00018578025214934988,0.00011198919305733958,0.0008485734001558707,0.0012493018253541524,0.0005067427102526678,410
0.0001856425347269731,0.00011174900927049956,0.0008469015380163544,0.0012468524642068948,0.0005070635584029252,411
0.00018575832896056382,0.00011167232562258393,0.0008479493501155797,0.0012497376701767627,0.0005084499811119927,412
0.00018581014667690932,0.00011205804892194098,0.0008470731987897127,0.0012479883049427434,0.0005071828022799297,413
0.00018584250203995494,0.00011219763269881592,0.0008479279633896691,0.0012485795203491807,0.0005073335525782847,414
0.0001857898811515818,0.00011218393127447119,0.0008480663925332732,0.0012501163318394978,0.0005070313452619107,415
0.00018575058505730505,0.00011132042627640828,0.0008478266099092017,0.0012455212353164615,0.0005088727006021657,416
0.0001857295436206285,0.00011146360861928573,0.0008478734923925645,0.001251125593101431,0.0005076424038695268,417
0.0001857552597578548,0.00011196511148360382,0.0008481704539562266,0.0012466842317362793,0.0005056827145214663,418
0.0001857937707898356,0.0001114010087309033,0.0008482226352156794,0.0012487389073249677,0.000508100039521945,419
0.00018589006162003714,0.00011242696078777028,0.0008472099448860133,0.00124603480730322,0.0005064554313055791,420
0.00018578420243725723,0.00011225712910437988,0.0008484839392371683,0.0012507797853539677,0.0005070683750289719,421
0.0001857802964122151,0.0001116207536396682,0.000848008956381182,0.0012483058159912274,0.0005071738387290378,422
0.00018576680428062468,0.00011154196225836288,0.0008472275227553841,0.0012465661974836013,0.0005061689300232116,423
0.00018565706807058076,0.00011164292082339986,0.0008470724841964021,0.0012464005912222425,0.0005065285574819463,424
0.00018589450229299946,0.00011190711954738424,0.0008489467091644351,0.0012499357900498632,0.0005071812356616403,425
0.00018581507943227172,0.0001121910191289925,0.0008487265308391662,0.0012476273504410183,0.0005061632177383857,426
0.0001859684252533343,0.00011193630153621969,0.0008487107825700134,0.001249595804096642,0.0005086722344016156,427
0.00018579679165883764,0.0001117790392400908,0.0008484111022898391,0.0012485618766791126,0.000509186486291252,428
0.00018581751497426222,0.00011219386185572789,0.0008482804969394765,0.0012509586218551365,0.0005069514888656162,429
0.00018572840432943373,0.000112134178049654,0.0008462733614068345,0.00124724405781958,0.000506253468840237,430
0.00018574524167880527,0.00011148659849117255,0.0008478288672608694,0.0012490222093173209,0.0005064403068749319,431
0.0001857760785512252,0.00011205656296171461,0.0008480842434050824,0.001249411382040851,0.0005085001749723636,432
0.00018569706023342252,0.00011212137005551543,0.0008481065747663431,0.0012490177907862657,0.0005083891455121398,433
0.0001857345908316642,0.00011189639810293339,0.0008482526864265043,0.0012454898142770972,0.0005069909643034549,434
0.00018566893488998097,0.0001116869771506389,0.0008482862024059485,0.0012502203757207278,0.0005062467923116815,435
0.00018583114409341902,0.00011221845931859404,0.0008485025131415168,0.0012480620293802188,0.0005077952936243806,436
0.00018593415102295907,0.00011162107123946444,0.0008493269566120033,0.0012506097728513126,0.0005073356691151846,437
0.00018579902690857864,0.00011206600286129762,0.000848517785267754,0.0012525513282122865,0.0005079194971022873,438
0.00018579246114245457,0.0001122061206797098,0.0008484277426658982,0.0012476991162255428,0.0005072239692609471,439
0.00018579061097929517,0.00011167116444552586,0.0008488446069134615,0.0012494295449761693,0.0005081060511508383,440
0.00018579445973888276,0.0001115350982327238,0.0008492369333873581,0.0012495182153977426,0.0005075335452009545,441
0.00018566878743745817,0.0001115610437408136,0.0008470758925767786,0.0012463427167958415,0.0005062114906880635,442
0.00018565175827479671,0.00011208751441845082,0.0008468508475820865,0.0012428037315555815,0.0005060229719122838,443
0.00018588915578427354,0.0001120721592077817,0.0008480782661084091,0.0012470558849372161,0.000507691927815371,444
0.00018572945717703916,0.00011183849254375641,0.0008480117001506418,0.0012491455571632256,0.0005066556794048498,445
0.000185822091179714,0.00011154766021810909,0.0008474259119342995,0.0012478036103453739,0.000507286611624023,446
0.0001858181695993209,0.00011097091597104674,0.0008483022434840422,0.0012489342722681142,0.0005075332253086106,447
0.0001856911001944079,0.00011185483112388829,0.0008478222366388805,0.0012482792830975054,0.0005064266824438972,448
0.0001857183625142906,0.00011193144004325629,0.0008483579359591829,0.0012510052211093504,0.0005085056655320372,449
0.00018565474827397113,0.00011210483664992113,0.0008481327850215599,0.0012490750602105972,0.0005081741756211895,450
0.00018579181216419875,0.00011178964178066981,0.0008479256490139623,0.0012518370474116753,0.0005073886211441217,451
0.00018577091486379066,0.00011157524420094147,0.000848136105000954,0.001251753984047178,0.0005090328782440849,452
0.00018579334263652306,0.00011172538458461938,0.000848624884504518,0.0012501795685598595,0.0005072639635914896,453
0.00018584989275900187,0.00011232866601387361,0.000848762418536928,0.0012484772991075716,0.0005070908520338572,454
0.0001858467570506306,0.00011176053701503616,0.000848567986784774,0.0012505827954189237,0.0005072683197037568,455
0.0001858313405480774,0.00011143871875524365,0.0008491026241421211,0.001250776747733091,0.0005082563011638074,456
0.00018568429604452354,0.00011166752979832563,0.000847442099173055,0.0012484052242745806,0.0005068615871913868,457
0.0001857729428393311,0.00011228672568048318,0.0008481909823748613,0.00125153578720918,0.0005078643045741835,458
0.00018563229245838076,0.00011205812792841465,0.0008472866551059151,0.0012483019989399512,0.0005068196044841825,459
0.00018574000599810893,0.0001120270153454131,0.000848686833892923,0.0012478836153720287,0.0005071959595336182,460
0.00018573546410840876,0.00011182233859383132,0.00084841517775711,0.0012510868778483526,0.0005077042723498761,461
0.00018584276335628988,0.0001118361160054429,0.000847696383129055,0.001246867785655965,0.000507472972667604,462
0.00018588390074462523,0.00011174864987159873,0.0008487995648864731,0.001249090864854282,0.000508702180684054,463
0.00018576407749802765,0.00011234236356465847,0.0008476946228173973,0.001247634736409616,0.0005089860390266745,464
0.00018568506105185454,0.00011212965278877698,0.0008466114569132855,0.0012462505608968554,0.0005058798798461711,465
0.0001856804175744597,0.00011178783107891754,0.0008465939690296458,0.0012443217296532908,0.0005081976765170048,466
0.00018572570208330632,0.00011187076753396894,0.0008482153950934063,0.001245821167253421,0.0005059382981454643,467
0.0001857968923742234,0.00011173788328794464,0.0008481767184771436,0.0012478855538033704,0.0005074988280075272,468
0.00018599046851317566,0.00011158975889934622,0.0008504679983097985,0.001253871042300279,0.0005068753548327825,469
0.00018575679019807194,0.0001120075105684676,0.0008473846834329717,0.0012482200584290196,0.0005075565565417558,470
0.00018584654836572548,0.00011180839880574579,0.000848128805030116,0.0012488124210132236,0.0005092601814352056,471
0.00018576776945965377,0.0001118154991885915,0.0008473751758560484,0.0012472325613505483,0.0005075098385717461,472
0.00018581540341340336,0.00011181001916652698,0.0008484840534581301,0.001250642954563822,0.000506485520706613,473
0.00018578281665493379,0.00011141645975644565,0.0008484883852534296,0.0012497609308109391,0.0005078684674588829,474
0.00018585099799798307,0.00011157266602272191,0.0008484360990524939,0.0012510085294811354,0.0005076642356354743,475
0.0001855739701079257,0.00011190916611391265,0.0008465846713341642,0.0012434262507990295,0.000505715596674783,476
0.00018584091626942976,0.00011180850520652397,0.0008478549832989935,0.0012462431329363691,0.0005071591523157077,477
0.00018576104740687275,0.00011173474808532551,0.0008483887631453464,0.0012499843111377694,0.00050631391471282,478
0.00018575104775253536,0.00011129893334496885,0.0008483389936924403,0.0012479781770501621,0.0005072419542893034,479
0.00018586692556600592,0.00011204183583625292,0.0008476633220630022,0.0012490363562083458,0.0005073832934779327,480
0.0001858274424716342,0.0001118596745997177,0.000850034409775887,0.0012548133670072519,0.000508192085148391,481
0.00018575667060538129,0.00011236684325713998,0.0008489400550988757,0.0012525983990177689,0.0005094023982429767,482
0.0001858751090605608,0.00011239775104664217,0.0008492320912229152,0.0012478174094778267,0.0005074855214393109,483
0.00018575035492979756,0.00011196786040874353,0.0008480122173101517,0.0012494883532522233,0.000507940651602906,484
0.00018581424434070115,0.00011119885505265597,0.0008485861154517718,0.0012525672640087086,0.0005076523734214065,485
0.00018575957006894574,0.0001114152927513469,0.0008471762519086786,0.0012492545970309247,0.0005081454533133487,486
0.00018581425177341382,0.0001119277740274601,0.0008484842836608558,0.001249204053796412,0.0005062949053046569,487
0.0001856752620275369,0.00011163804221638821,0.0008466997750261769,0.0012445445398061251,0.0005074759126211076,488
0.0001856743705983163,0.00011191912495995723,0.0008482382214246242,0.001251494857192883,0.0005081298121724307,489
0.00018577733031087453,0.00011186971771654438,0.0008477486302641226,0.0012462437184468029,0.0005069728368486271,490
0.00018590666326191686,0.00011174964642573385,0.0008490065820010083,0.0012504543977330947,0.0005101757745795931,491
0.00018560850513271861,0.00011141934697672758,0.0008466475324836954,0.00124528835362021,0.0005057388821323093,492
0.00018560307210006892,0.00011175881992814792,0.0008458614958223052,0.0012456310464342504,0.0005071912782841899,493
0.00018577419181298077,0.00011209390530209776,0.0008479285523835277,0.0012459513236429238,0.0005068582452271264,494
0.00018577176849819904,0.00011233101659253647,0.0008476706007692617,0.0012470836214396725,0.0005064956324589679,495
0.0001856764486593005,0.0001112824174954503,0.0008474549316972146,0.0012479260243935695,0.0005075259346582806,496
0.00018583878535011398,0.00011203761456723323,0.0008479043156448082,0.0012503389295237964,0.0005071934245874741,497
0.000185833166540659,0.00011169578980080605,0.0008484600996264525,0.001248640982220191,0.0005082484202484263,498
0.00018582342342821965,0.00011156255430745966,0.000848558124250369,0.0012485855796083103,0.0005083310671103263,499
