face_id,i,j,k
0,1919,1902,142
1,2060,1643,621
2,1902,767,142
3,538,60,1407
4,538,1967,60
5,60,1199,1407
6,1199,1157,1229
7,1629,1407,1735
8,1716,1064,1536
9,1912,880,247
10,231,723,807
11,2147,538,136
12,538,2147,1967
13,392,2147,948
14,2147,392,1967
15,366,1000,1629
16,1585,852,763
17,523,763,1229
18,159,376,2156
19,522,1187,752
20,749,1199,545
21,1643,45,621
22,377,45,1643
23,1675,1716,1651
24,1064,1599,1212
25,1599,1064,1716
26,1442,821,1536
27,821,1442,1489
28,1529,1663,636
29,2012,596,1663
30,1630,1919,367
31,1919,751,1902
32,751,598,1902
33,346,1665,565
34,751,346,598
35,2010,1036,635
36,384,904,344
37,904,384,1550
38,1833,2161,880
39,1833,904,2161
40,904,1833,344
41,1912,2189,880
42,2100,231,1106
43,2060,2100,42
44,2100,1106,42
45,723,2100,2060
46,2100,723,231
47,1780,400,1519
48,987,937,1586
49,987,2060,621
50,1546,1780,1519
51,723,668,807
52,525,346,565
53,346,525,598
54,888,1625,1633
55,1625,888,1781
56,1293,731,2003
57,731,1293,1744
58,541,1829,402
59,1829,84,2162
60,1218,1722,1635
61,1823,1218,1635
62,1218,1823,452
63,928,1685,452
64,1685,928,1742
65,586,1823,1635
66,586,1300,1435
67,1765,586,1435
68,586,1765,1823
69,233,2147,136
70,2147,233,948
71,1335,392,948
72,1993,538,1407
73,538,1572,136
74,1205,1572,538
75,455,1043,1735
76,1043,1629,1735
77,2196,365,1067
78,365,2196,1320
79,1819,1000,1488
80,1629,1819,1407
81,1000,1819,1629
82,109,843,852
83,2124,843,2115
84,843,109,2115
85,1135,1585,763
86,1585,1135,1247
87,523,1135,763
88,1135,523,1247
89,1585,584,57
90,584,1585,1247
91,523,584,1247
92,1251,109,852
93,1585,1251,852
94,1251,1351,109
95,1056,1607,247
96,129,727,2052
97,727,129,1845
98,727,1746,2052
99,159,1340,610
100,1340,905,610
101,595,1465,1350
102,2059,159,610
103,159,2059,376
104,163,677,1767
105,2069,159,2156
106,2069,163,1767
107,1340,2069,1767
108,2069,1340,159
109,13,2041,836
110,1844,2081,1796
111,1245,2081,1844
112,2081,2074,1796
113,2074,2081,1428
114,1428,2081,1520
115,2081,1245,1520
116,522,2187,1187
117,2187,749,1187
118,1199,2187,1157
119,749,2187,1199
120,74,522,752
121,726,545,20
122,726,749,545
123,1404,278,0
124,2196,382,1320
125,382,2196,1860
126,1967,2036,60
127,392,2036,1967
128,1199,588,545
129,588,729,545
130,588,1199,60
131,1112,377,1643
132,917,1384,2193
133,1726,463,721
134,877,1041,1838
135,1495,1972,412
136,1972,1495,612
137,957,1743,42
138,1102,957,42
139,556,2028,825
140,556,607,1986
141,607,556,825
142,1148,1806,151
143,1027,1419,151
144,133,700,1027
145,133,1027,151
146,1806,133,151
147,700,1455,1027
148,1058,941,242
149,941,1058,115
150,1675,1976,1716
151,350,1934,122
152,623,1442,1536
153,548,1291,448
154,821,548,455
155,548,448,455
156,1291,574,1349
157,574,303,1349
158,1433,2012,1663
159,1529,1433,1663
160,1663,834,1651
161,1020,1226,86
162,1226,1020,2005
163,834,1226,2005
164,304,1569,1651
165,346,1485,1665
166,1485,346,751
167,1630,1485,1919
168,1485,751,1919
169,1778,1912,247
170,1607,1778,247
171,224,531,1472
172,1243,1546,711
173,1546,1243,1780
174,318,1243,711
175,1243,318,807
176,668,1243,807
177,1243,668,1780
178,530,1546,1519
179,552,668,723
180,552,723,2060
181,987,552,2060
182,564,987,1586
183,400,564,1586
184,564,552,987
185,552,564,668
186,564,400,1780
187,668,564,1780
188,2145,1372,2184
189,1372,2145,767
190,1426,1372,767
191,743,148,1902
192,148,767,1902
193,148,1426,767
194,84,1862,2162
195,1372,1279,2184
196,368,1109,767
197,1109,340,142
198,767,1109,142
199,2049,2145,2184
200,83,2049,2184
201,1165,1731,35
202,1165,969,1731
203,625,1293,743
204,1293,625,1744
205,892,743,1902
206,598,892,1902
207,525,892,598
208,892,625,743
209,625,892,525
210,1293,1283,743
211,1283,148,743
212,148,1283,1426
213,1283,1293,2003
214,116,1625,1781
215,2133,885,491
216,731,885,2133
217,885,731,1744
218,888,2121,1781
219,2121,2120,1781
220,2120,2121,149
221,2121,489,149
222,1114,2117,1089
223,1787,2067,1839
224,2067,147,748
225,1625,147,1633
226,147,1787,1633
227,1787,147,2067
228,692,719,881
229,692,1787,1839
230,260,1829,2162
231,1829,260,402
232,1300,1861,1363
233,1861,251,1363
234,1722,1016,1635
235,1532,1016,1219
236,1016,1446,1219
237,1446,1016,1722
238,1029,1300,1363
239,1300,1029,1435
240,529,243,2127
241,243,529,988
242,1316,995,1142
243,1455,1316,1142
244,1316,1455,700
245,995,1734,1142
246,1495,1652,612
247,688,292,2089
248,1218,1714,1722
249,1823,912,452
250,912,928,452
251,1765,912,1823
252,928,912,250
253,1456,541,402
254,1456,1685,1742
255,1968,586,1635
256,586,1968,1300
257,1968,1861,1300
258,1861,1968,1532
259,1016,1968,1635
260,1968,1016,1532
261,2176,1828,250
262,912,2176,250
263,2176,912,1765
264,1335,1761,392
265,1761,2036,392
266,2036,1761,445
267,1761,1335,1320
268,382,1761,1320
269,1761,382,445
270,1285,1993,1407
271,1285,1611,1993
272,233,257,1396
273,257,233,136
274,1572,257,136
275,1074,257,1572
276,1396,1074,2024
277,257,1074,1396
278,2153,1205,1410
279,2153,986,1205
280,1043,1966,1629
281,1966,1043,455
282,1265,1396,2024
283,1669,1265,430
284,233,1669,948
285,1669,233,1396
286,1265,1669,1396
287,327,2006,1200
288,1513,2006,1003
289,1575,2017,2134
290,2017,485,2134
291,485,2017,127
292,127,2017,744
293,1535,1575,890
294,404,1813,419
295,1813,428,419
296,428,1813,1793
297,677,169,1767
298,109,193,2115
299,1351,193,109
300,82,843,2124
301,843,82,852
302,852,82,763
303,763,82,247
304,559,1251,1585
305,195,224,1472
306,1292,813,775
307,1645,1228,1925
308,1645,1721,988
309,529,1645,988
310,1645,529,1228
311,1127,898,1731
312,969,1127,1731
313,898,1531,1731
314,1731,1531,35
315,1531,1364,35
316,516,239,16
317,239,1026,16
318,1026,1609,16
319,1609,1943,16
320,1474,129,2052
321,129,1474,1631
322,765,962,1097
323,962,765,811
324,1798,537,1204
325,537,1798,811
326,33,1302,1989
327,2062,596,2012
328,1302,1864,276
329,1864,1302,33
330,1867,170,622
331,129,269,1845
332,269,129,1631
333,808,896,1638
334,537,1416,1204
335,1416,537,408
336,808,215,999
337,215,808,1638
338,164,1746,727
339,215,164,999
340,1443,802,2000
341,388,2059,610
342,2059,388,1145
343,188,905,1465
344,595,188,1465
345,1936,1313,741
346,947,1313,1954
347,1119,584,523
348,1119,523,1229
349,584,1119,57
350,1119,1954,57
351,1157,1119,1229
352,947,1119,1157
353,1119,947,1954
354,1923,2059,1145
355,2059,1923,376
356,1267,229,0
357,229,1404,0
358,829,271,1225
359,2140,1267,0
360,1053,13,836
361,878,1053,836
362,245,1844,282
363,245,1245,1844
364,245,182,1245
365,2118,1048,2090
366,2187,1080,1157
367,1080,2187,522
368,1080,947,1157
369,1404,864,278
370,864,726,20
371,2036,906,60
372,906,2036,445
373,906,588,60
374,382,244,445
375,244,382,1860
376,545,1298,20
377,1540,689,1067
378,1264,958,377
379,1112,1264,377
380,1264,1112,1549
381,1703,1024,1741
382,649,1643,635
383,703,1264,1549
384,1264,703,958
385,2080,547,621
386,547,987,621
387,987,547,937
388,2126,2080,621
389,1395,457,1556
390,457,1700,1556
391,457,1695,1700
392,1041,1072,1838
393,425,1695,1354
394,1695,425,1700
395,71,720,1196
396,720,71,85
397,643,1642,1196
398,643,720,431
399,720,643,1196
400,2016,1726,1354
401,463,2016,1758
402,2016,463,1726
403,463,1559,721
404,275,71,1196
405,519,459,926
406,459,519,1930
407,607,437,1986
408,804,1972,612
409,1972,804,1832
410,1832,360,1838
411,360,877,1838
412,804,360,1832
413,360,804,2174
414,1980,1041,877
415,1041,1980,1905
416,2028,800,825
417,800,2107,825
418,1102,1007,1574
419,1007,146,1574
420,146,1007,183
421,1007,1102,42
422,183,1007,42
423,1084,1102,1574
424,1084,957,1102
425,1110,1975,570
426,1661,157,699
427,157,1661,1930
428,1013,587,1523
429,683,146,306
430,146,683,1574
431,2139,725,2198
432,2186,1227,1830
433,152,2186,1830
434,576,1495,412
435,1928,1419,1027
436,1419,1928,1991
437,1455,1928,1027
438,1227,794,818
439,794,2186,845
440,2186,794,1227
441,2064,1419,1991
442,997,2064,1991
443,2064,997,818
444,794,2064,818
445,1844,1173,282
446,1173,1844,1796
447,687,1983,567
448,941,1997,242
449,1636,1058,242
450,1834,1594,115
451,1058,1834,115
452,237,1073,1502
453,1073,1037,1502
454,290,1134,1945
455,1101,290,1945
456,1037,629,1164
457,1374,1676,932
458,542,1676,268
459,2056,966,1705
460,2013,529,2127
461,529,2013,1228
462,348,1976,1174
463,348,1599,1716
464,1976,348,1716
465,1934,1390,1517
466,1390,1934,350
467,1390,1699,1517
468,696,348,1174
469,348,696,1599
470,1484,1254,1498
471,1768,943,1908
472,1254,1768,1498
473,943,1195,1908
474,925,657,1190
475,657,623,1190
476,1442,657,1489
477,623,657,1442
478,352,1064,1212
479,1064,352,1536
480,352,623,1536
481,303,49,2134
482,1575,49,890
483,49,1575,2134
484,1950,574,1291
485,1950,821,1489
486,1950,548,821
487,548,1950,1291
488,574,666,303
489,666,49,303
490,1939,1400,1128
491,1400,1939,2129
492,1000,1938,1488
493,366,1938,1000
494,1314,1756,194
495,532,1756,1236
496,1756,532,194
497,1291,1210,448
498,1210,532,1236
499,1210,1291,1349
500,532,1210,1349
501,596,1189,1663
502,1189,834,1663
503,1189,1226,834
504,834,931,1651
505,931,304,1651
506,931,834,2005
507,1733,722,1672
508,722,1443,1672
509,1429,1733,1672
510,1429,1124,1733
511,488,338,770
512,338,1682,497
513,684,1682,492
514,1682,488,492
515,488,1682,338
516,1712,549,367
517,1712,367,42
518,1743,1712,42
519,338,1757,770
520,1712,1757,549
521,770,1757,1743
522,1757,1712,1743
523,682,2068,436
524,2068,682,797
525,779,2130,2010
526,2010,2130,1036
527,1024,2130,1741
528,1036,2130,1024
529,1874,779,2010
530,531,1932,1472
531,1778,1932,1912
532,1932,2189,1912
533,1932,531,2189
534,531,946,2189
535,2189,946,880
536,512,551,1836
537,1612,551,1881
538,1620,1827,1881
539,1462,384,344
540,1462,1612,384
541,551,1462,1836
542,1462,551,1612
543,1905,508,1556
544,508,1395,1556
545,489,1137,149
546,2014,1592,944
547,1862,814,861
548,1745,1372,1426
549,1745,1279,1372
550,1283,1745,1426
551,1745,1283,2003
552,1648,368,767
553,2145,1648,767
554,2049,1648,2145
555,1144,1165,35
556,340,1144,142
557,1364,1144,35
558,1856,368,1810
559,1109,1856,340
560,1856,1109,368
561,1802,2133,491
562,116,1802,491
563,2120,1802,1781
564,1802,116,1781
565,1759,1114,748
566,116,1759,1625
567,147,1759,748
568,1759,147,1625
569,166,1235,1022
570,1682,2182,497
571,2182,1682,684
572,885,1337,491
573,2117,1337,2099
574,704,89,2099
575,1337,704,2099
576,704,885,1744
577,704,1337,885
578,1166,2067,748
579,286,1147,1582
580,1825,1357,119
581,500,688,2089
582,688,500,1242
583,1762,1825,119
584,1825,1762,1533
585,692,1763,719
586,719,1763,1509
587,1763,270,1509
588,1763,692,1839
589,1960,787,881
590,273,1862,861
591,1862,273,2162
592,499,273,861
593,273,499,1223
594,1029,206,1435
595,1928,1926,1991
596,1316,504,995
597,243,504,2127
598,504,243,995
599,243,66,995
600,66,1734,995
601,66,507,1734
602,66,243,988
603,507,347,1734
604,632,152,1830
605,1018,234,1242
606,632,234,1652
607,688,1895,292
608,1227,1895,1830
609,1861,1873,251
610,1873,1861,1532
611,262,1532,1219
612,262,1873,1532
613,1873,262,438
614,1175,1446,1722
615,1714,1175,1722
616,719,1541,881
617,1541,1960,881
618,260,656,402
619,656,260,1960
620,1541,656,1960
621,168,1714,1218
622,168,1218,452
623,1685,168,452
624,1611,387,1993
625,1205,387,1410
626,387,1205,538
627,1993,387,538
628,1432,1565,1562
629,1615,366,1629
630,1966,1615,1629
631,1615,1966,1236
632,1756,1615,1236
633,448,470,455
634,470,1966,455
635,1966,470,1236
636,1210,470,448
637,470,1210,1236
638,1487,2180,1910
639,2180,97,1910
640,461,365,1320
641,461,2180,365
642,461,97,2180
643,1335,461,1320
644,1074,1452,2024
645,418,213,506
646,125,727,1845
647,1637,125,1845
648,125,164,727
649,164,125,999
650,1090,1637,1845
651,76,1090,742
652,1090,269,742
653,269,1090,1845
654,1429,2044,1019
655,2044,1429,1672
656,1628,858,58
657,1469,73,1160
658,1379,900,1637
659,1379,1090,76
660,1090,1379,1637
661,2006,718,1200
662,718,2006,1513
663,718,428,1200
664,428,718,419
665,718,955,419
666,955,718,1513
667,1417,1611,1285
668,1417,6,2001
669,283,1708,1562
670,1708,467,639
671,1708,1202,467
672,1202,1708,283
673,1817,1358,37
674,1358,1535,37
675,1885,485,194
676,303,1885,1349
677,1885,303,2134
678,485,1885,2134
679,1885,532,1349
680,532,1885,194
681,5,1314,194
682,485,5,194
683,5,1400,1314
684,1400,5,1128
685,5,127,1128
686,5,485,127
687,1535,1459,1575
688,2017,1459,744
689,1459,2017,1575
690,1358,1459,1535
691,744,1459,359
692,1459,1358,359
693,949,1813,404
694,949,1939,1128
695,1939,949,404
696,1465,1667,1350
697,193,1193,2115
698,1292,1193,813
699,759,1585,57
700,759,559,1585
701,559,1619,1251
702,1619,595,1350
703,595,1619,1719
704,1619,559,1719
705,163,1493,677
706,1493,322,677
707,1493,163,1258
708,322,1493,1169
709,1710,1493,1258
710,1493,1710,1169
711,1710,443,1169
712,443,1710,1107
713,443,984,17
714,984,443,1107
715,984,597,17
716,597,984,546
717,1694,597,546
718,597,1694,287
719,1558,1292,775
720,1558,1056,247
721,1156,444,793
722,1156,665,775
723,665,1156,793
724,813,1156,775
725,597,713,17
726,713,597,287
727,444,1305,793
728,1305,342,793
729,195,769,573
730,342,1369,793
731,1369,665,793
732,769,1369,342
733,1670,2019,1042
734,361,222,783
735,222,1066,783
736,572,222,361
737,590,1867,622
738,1867,590,567
739,1525,1677,2113
740,1677,1525,1609
741,1525,1943,1609
742,1898,1677,1609
743,1026,1898,1609
744,1677,1898,1631
745,1898,269,1631
746,1898,1026,742
747,269,1898,742
748,1383,1508,1687
749,1508,7,1687
750,1525,7,1943
751,1507,590,516
752,1507,687,567
753,590,1507,567
754,687,315,968
755,1507,315,687
756,417,1474,408
757,1677,417,2113
758,417,1677,1631
759,1474,417,1631
760,962,474,1097
761,474,962,841
762,160,841,1760
763,160,474,841
764,474,160,1138
765,537,1548,408
766,417,1548,2113
767,1548,417,408
768,1548,537,811
769,1548,765,2113
770,765,1548,811
771,645,962,811
772,1798,645,811
773,962,645,841
774,745,1077,636
775,1302,945,1989
776,963,945,1136
777,945,316,1989
778,945,963,316
779,750,2062,86
780,2062,750,596
781,750,1189,596
782,1226,750,86
783,1189,750,1226
784,1309,1864,33
785,140,1309,1466
786,1309,140,1864
787,534,591,1136
788,591,534,70
789,217,2074,1428
790,217,170,2074
791,896,1033,1638
792,1443,1681,1672
793,1681,2044,1672
794,2044,1681,422
795,1681,1443,2000
796,1443,1949,802
797,1949,722,1679
798,722,1949,1443
799,1693,296,158
800,1693,896,58
801,1033,1693,158
802,1693,1033,896
803,296,2200,802
804,802,2200,2000
805,2200,858,2000
806,858,2200,58
807,2200,1693,58
808,1693,2200,296
809,388,94,680
810,680,94,477
811,94,188,477
812,94,388,610
813,905,94,610
814,188,94,905
815,2026,1927,1719
816,1927,595,1719
817,188,1927,477
818,1927,188,595
819,1927,1249,477
820,1249,1927,2026
821,453,1936,741
822,453,2026,1936
823,453,1249,2026
824,105,74,741
825,1313,105,741
826,105,1313,947
827,74,105,522
828,105,1080,522
829,1080,105,947
830,1378,1313,1936
831,1313,1378,1954
832,1954,1378,57
833,1378,759,57
834,543,141,1225
835,141,829,1225
836,829,141,297
837,229,1880,752
838,1880,229,1267
839,1880,74,752
840,505,1880,1267
841,229,2179,1404
842,749,2179,1187
843,1187,2179,752
844,2179,229,752
845,1339,829,297
846,271,336,1225
847,887,336,271
848,1053,1900,1655
849,1863,1900,1145
850,1900,1863,1655
851,1900,1923,1145
852,1923,1900,878
853,1900,1053,878
854,1863,189,1655
855,1491,2029,495
856,829,1858,271
857,1858,1339,1188
858,1339,1858,829
859,88,2041,13
860,1921,88,13
861,837,41,1921
862,837,1909,427
863,41,837,427
864,319,1259,2090
865,1259,2118,2090
866,1603,131,1520
867,1245,1603,1520
868,182,1603,1245
869,690,1603,182
870,690,1904,2118
871,1048,1904,784
872,1904,1048,2118
873,784,1904,495
874,822,906,445
875,244,822,445
876,822,244,1656
877,588,822,1656
878,906,822,588
879,1341,1524,729
880,588,1341,729
881,1341,588,1656
882,1524,375,729
883,729,375,545
884,375,1298,545
885,375,107,1298
886,107,375,1524
887,319,155,627
888,1553,1048,784
889,479,1327,1549
890,1327,703,1549
891,703,1327,1769
892,1769,1327,785
893,1421,1112,1643
894,649,1421,1643
895,547,1451,937
896,1451,547,2080
897,2126,1318,2080
898,869,530,1519
899,508,869,1395
900,869,508,530
901,1146,2154,364
902,2144,1072,1041
903,1700,2144,1556
904,2144,1905,1556
905,2144,1041,1905
906,1065,2054,301
907,425,1065,301
908,1726,1065,1354
909,1065,425,1354
910,126,1276,916
911,1275,1276,1758
912,839,463,1758
913,1276,839,1758
914,839,1276,126
915,839,1559,463
916,839,126,2163
917,1559,839,2163
918,71,651,85
919,2068,827,436
920,1377,1601,1512
921,1642,81,1196
922,81,275,1196
923,275,81,334
924,81,850,334
925,1118,1661,699
926,1661,64,1930
927,64,459,1930
928,1994,437,2174
929,1994,1141,926
930,459,679,926
931,679,1994,926
932,1994,679,437
933,437,679,1986
934,2043,437,607
935,437,2043,2174
936,360,2043,877
937,2043,360,2174
938,1141,40,1018
939,40,234,1018
940,1652,40,612
941,234,40,1652
942,740,1980,877
943,2043,740,877
944,740,2043,607
945,1980,740,2107
946,740,607,825
947,2107,740,825
948,530,2063,1546
949,1546,2063,711
950,2063,800,711
951,800,2063,2107
952,226,562,21
953,21,562,42
954,562,183,42
955,1106,927,42
956,927,21,42
957,1084,1186,957
958,1186,770,1743
959,957,1186,1743
960,1186,488,770
961,556,608,2028
962,608,1576,2028
963,519,1903,1930
964,1903,157,1930
965,1903,50,1499
966,50,1903,519
967,1013,1779,2198
968,1132,1084,1574
969,683,1132,1574
970,34,63,306
971,63,34,1463
972,2139,221,725
973,844,63,1463
974,63,844,1331
975,844,1110,570
976,1331,844,570
977,207,318,711
978,1576,207,2028
979,800,207,711
980,207,800,2028
981,1284,917,2193
982,1146,487,412
983,487,576,412
984,2064,1402,1419
985,1402,1148,151
986,1419,1402,151
987,1148,1402,845
988,1402,794,845
989,1402,2064,794
990,1879,133,1806
991,1483,241,69
992,1323,1173,1796
993,1173,1323,1594
994,137,941,115
995,1140,1636,739
996,1636,1140,1058
997,1140,1834,1058
998,1834,162,1594
999,162,130,282
1000,1173,162,282
1001,162,1173,1594
1002,1732,1883,1096
1003,1500,1021,2137
1004,1021,1500,1583
1005,1636,1021,739
1006,1021,1583,739
1007,1500,1213,870
1008,1213,1500,2137
1009,1583,1368,739
1010,1676,1931,932
1011,1931,1676,542
1012,261,1827,1620
1013,1073,979,1647
1014,237,979,1073
1015,1729,1037,1073
1016,1729,1073,1647
1017,629,1729,268
1018,1729,629,1037
1019,542,1729,1647
1020,1729,542,268
1021,163,1749,1258
1022,2069,1749,163
1023,1749,2069,2156
1024,1310,1749,2156
1025,376,1353,2156
1026,1353,1310,2156
1027,1973,1883,1208
1028,1973,1101,1945
1029,1931,449,932
1030,449,1931,1815
1031,1221,2068,797
1032,1060,922,1705
1033,629,922,1164
1034,966,1311,1705
1035,1311,1060,1705
1036,1676,1924,268
1037,1924,1676,1374
1038,1373,2056,1705
1039,922,1373,1705
1040,1373,922,629
1041,1373,1924,2056
1042,1373,629,268
1043,1924,1373,268
1044,2056,1425,966
1045,616,1483,69
1046,449,1334,932
1047,2088,320,1544
1048,2013,2088,1228
1049,2088,2013,709
1050,320,2088,709
1051,1001,616,69
1052,616,1001,1505
1053,197,1390,350
1054,1390,197,1699
1055,1569,662,122
1056,662,350,122
1057,197,1750,1699
1058,1934,1075,122
1059,372,1075,1934
1060,1075,372,1675
1061,1075,1675,1651
1062,1569,1075,1651
1063,1075,1569,122
1064,101,372,1934
1065,1976,101,1174
1066,101,1976,1675
1067,372,101,1675
1068,903,925,1190
1069,1484,903,1190
1070,918,1817,37
1071,1962,918,37
1072,38,696,943
1073,1768,38,943
1074,38,1768,1254
1075,696,38,1599
1076,1599,38,1212
1077,38,1254,1212
1078,1380,1484,1190
1079,1380,1254,1484
1080,1254,1380,1212
1081,1380,352,1212
1082,623,1380,1190
1083,352,1380,623
1084,855,1195,943
1085,855,696,1174
1086,696,855,943
1087,1195,1330,1908
1088,305,1014,93
1089,1641,918,1962
1090,1014,1641,93
1091,918,1641,1014
1092,1956,666,574
1093,1950,1956,574
1094,1956,657,925
1095,666,1956,925
1096,657,1956,1489
1097,1956,1950,1489
1098,2030,1400,2129
1099,1400,2030,1314
1100,824,1938,366
1101,1615,824,366
1102,824,1615,1756
1103,824,2030,1938
1104,824,1756,1314
1105,2030,824,1314
1106,1441,1529,636
1107,1077,1441,636
1108,1441,1077,1155
1109,291,1433,1529
1110,1441,291,1529
1111,1433,1028,2012
1112,1028,2062,2012
1113,291,1028,1433
1114,1028,291,424
1115,2072,722,1733
1116,722,2072,1679
1117,1348,1230,1088
1118,428,313,1200
1119,313,428,1793
1120,796,484,212
1121,1273,1511,118
1122,652,682,436
1123,923,652,436
1124,682,36,797
1125,1846,36,212
1126,36,1846,797
1127,1015,2010,635
1128,1015,1874,2010
1129,2161,1015,635
1130,1874,1460,779
1131,484,724,1164
1132,724,1037,1164
1133,1037,724,1502
1134,724,1560,1502
1135,946,15,880
1136,1564,946,531
1137,1564,531,224
1138,512,1564,224
1139,1564,15,946
1140,1564,512,1836
1141,15,1564,1836
1142,1278,840,1620
1143,1278,1620,1881
1144,551,1278,1881
1145,1278,551,512
1146,1791,840,573
1147,1791,713,287
1148,1271,195,573
1149,840,1271,573
1150,195,1271,224
1151,1271,512,224
1152,1271,1278,512
1153,1278,1271,840
1154,1833,1961,344
1155,1961,1462,344
1156,1961,1833,880
1157,15,1961,880
1158,1462,1961,1836
1159,1961,15,1836
1160,1137,227,149
1161,227,1137,1356
1162,379,227,1356
1163,29,2014,944
1164,814,29,861
1165,29,814,2014
1166,496,1648,2049
1167,368,496,1810
1168,1648,496,368
1169,1165,2165,969
1170,2165,2094,969
1171,2094,2165,1810
1172,2165,1856,1810
1173,2021,379,1356
1174,1592,550,135
1175,539,83,2184
1176,1279,539,2184
1177,731,2202,2003
1178,2202,731,2133
1179,1897,1802,2120
1180,2202,1897,1382
1181,1802,1897,2133
1182,1897,2202,2133
1183,1759,695,1114
1184,695,1759,116
1185,695,116,491
1186,695,2117,1114
1187,1337,695,491
1188,695,1337,2117
1189,1617,2182,1944
1190,2182,1617,497
1191,563,2025,1907
1192,563,1907,1089
1193,2117,563,1089
1194,563,2117,2099
1195,1325,89,565
1196,1325,166,1022
1197,1665,1325,565
1198,166,1325,1665
1199,89,528,2099
1200,528,563,2099
1201,563,528,2025
1202,1325,528,89
1203,2025,528,1022
1204,528,1325,1022
1205,1754,2025,1022
1206,1754,1617,1944
1207,1235,1754,1022
1208,1617,1754,1235
1209,704,669,89
1210,89,669,565
1211,625,669,1744
1212,669,704,1744
1213,669,525,565
1214,669,625,525
1215,1166,1449,2067
1216,1449,1166,2035
1217,144,1449,2035
1218,2067,1449,1839
1219,1114,299,748
1220,299,1166,748
1221,299,1114,1089
1222,310,1763,1839
1223,1763,310,270
1224,1449,310,1839
1225,310,1449,144
1226,1446,603,1219
1227,603,1357,1825
1228,1533,201,2089
1229,201,500,2089
1230,1762,201,1533
1231,201,1762,11
1232,812,692,881
1233,787,812,881
1234,1787,812,1633
1235,692,812,1787
1236,1167,1137,489
1237,499,1167,489
1238,1167,499,861
1239,29,1167,861
1240,260,79,1960
1241,79,787,1960
1242,79,260,2162
1243,273,79,2162
1244,787,79,1223
1245,79,273,1223
1246,1926,1783,1991
1247,251,1783,1363
1248,997,1783,251
1249,1783,997,1991
1250,1534,66,988
1251,66,1534,507
1252,1534,717,507
1253,1721,1534,988
1254,1427,632,1652
1255,1427,1652,1495
1256,576,1427,1495
1257,632,1427,152
1258,1895,991,1830
1259,991,1895,688
1260,991,632,1830
1261,991,234,632
1262,991,688,1242
1263,234,991,1242
1264,185,1895,1227
1265,185,1227,818
1266,185,438,292
1267,1895,185,292
1268,581,997,251
1269,1873,581,251
1270,997,581,818
1271,581,185,818
1272,581,1873,438
1273,185,581,438
1274,1959,1175,1714
1275,1175,1959,1509
1276,1959,719,1509
1277,1959,1541,719
1278,168,1047,1714
1279,1047,1959,1714
1280,1047,656,1541
1281,1959,1047,1541
1282,1456,1111,1685
1283,1111,168,1685
1284,1111,1456,402
1285,656,1111,402
1286,1047,1111,656
1287,1111,1047,168
1288,2176,24,1828
1289,164,2201,1746
1290,2201,164,215
1291,1746,209,2052
1292,1416,1951,1204
1293,266,2153,1410
1294,1159,1417,2001
1295,1417,1159,1611
1296,1872,1159,2001
1297,1159,1872,1565
1298,1872,283,1562
1299,1565,1872,1562
1300,930,1565,1432
1301,930,266,1410
1302,266,930,1432
1303,1775,155,1540
1304,155,1775,627
1305,2159,1540,1067
1306,365,2159,1067
1307,2159,1775,1540
1308,1775,2159,1487
1309,2180,2159,365
1310,1487,2159,2180
1311,1673,1487,1910
1312,97,1415,430
1313,1415,1669,430
1314,1415,461,1335
1315,461,1415,97
1316,1415,1335,948
1317,1669,1415,948
1318,43,1572,1205
1319,986,43,1205
1320,43,1074,1572
1321,43,1452,1074
1322,934,1296,426
1323,167,934,426
1324,1753,167,426
1325,1315,97,430
1326,97,1315,1910
1327,1076,1009,506
1328,1009,418,506
1329,418,1009,1730
1330,78,1183,214
1331,648,1805,622
1332,1805,590,622
1333,516,1805,239
1334,590,1805,516
1335,1805,757,239
1336,757,1805,648
1337,1182,1469,1160
1338,1182,46,1469
1339,46,1182,2032
1340,1868,1428,1520
1341,131,1868,1520
1342,1841,934,592
1343,934,1841,1296
1344,177,1588,762
1345,1588,1947,762
1346,1628,1588,858
1347,1947,1588,1628
1348,73,2119,1160
1349,1379,2119,900
1350,1040,73,1469
1351,1680,1379,76
1352,2119,1680,1160
1353,1680,2119,1379
1354,1481,404,419
1355,955,1481,419
1356,1123,6,1257
1357,1939,513,2129
1358,513,1481,314
1359,513,1939,404
1360,1481,513,404
1361,1121,1819,1488
1362,1202,1654,467
1363,918,791,1817
1364,791,918,1014
1365,127,2047,1128
1366,2047,949,1128
1367,2047,127,744
1368,905,1537,1465
1369,1537,1667,1465
1370,1537,905,1340
1371,1537,1340,1767
1372,169,1537,1767
1373,1667,1537,169
1374,1386,1193,1292
1375,1386,2124,2115
1376,1193,1386,2115
1377,2111,2142,80
1378,444,2111,80
1379,2111,1156,813
1380,1156,2111,444
1381,1193,381,813
1382,381,2111,813
1383,2111,381,2142
1384,381,1193,193
1385,1922,169,677
1386,322,1922,677
1387,1922,322,80
1388,2142,1922,80
1389,1667,540,1350
1390,559,907,1719
1391,759,907,559
1392,907,2026,1719
1393,2026,907,1936
1394,907,1378,1936
1395,1378,907,759
1396,1605,1619,1350
1397,1619,1605,1251
1398,1251,1605,1351
1399,540,1605,1350
1400,1605,540,1351
1401,883,863,178
1402,863,883,1310
1403,1749,883,1258
1404,883,1749,1310
1405,1710,440,1107
1406,440,883,178
1407,440,1710,1258
1408,883,440,1258
1409,440,760,1107
1410,760,440,178
1411,728,863,2150
1412,863,728,178
1413,202,984,1107
1414,202,760,1581
1415,760,202,1107
1416,984,202,546
1417,1329,1694,546
1418,979,1329,1647
1419,1329,979,1694
1420,1558,580,1056
1421,1056,580,1607
1422,665,580,775
1423,580,1558,775
1424,356,769,342
1425,769,356,573
1426,356,1791,573
1427,1791,356,713
1428,230,1305,444
1429,230,444,80
1430,322,230,80
1431,230,322,1169
1432,1305,415,342
1433,415,356,342
1434,713,415,17
1435,356,415,713
1436,26,1778,1607
1437,1932,26,1472
1438,26,1932,1778
1439,865,361,1312
1440,1359,865,1312
1441,865,572,361
1442,865,1359,1344
1443,222,1244,1066
1444,1244,1634,1360
1445,897,865,1344
1446,865,897,572
1447,1383,653,783
1448,653,361,783
1449,361,653,1312
1450,653,1138,1312
1451,1383,1338,1508
1452,1338,1383,783
1453,1066,1338,783
1454,208,1338,1066
1455,1231,208,968
1456,315,1231,968
1457,1338,1231,1508
1458,1231,1338,208
1459,259,208,1066
1460,259,1244,1360
1461,1244,259,1066
1462,7,909,1687
1463,1687,909,1097
1464,909,765,1097
1465,909,7,1525
1466,765,909,2113
1467,909,1525,2113
1468,2096,315,1507
1469,1943,2096,16
1470,2096,516,16
1471,2096,1507,516
1472,403,1687,1097
1473,474,403,1097
1474,403,1383,1687
1475,403,653,1383
1476,403,474,1138
1477,653,403,1138
1478,1138,2093,1312
1479,160,2093,1138
1480,2093,1359,1312
1481,1359,2093,1042
1482,1571,1798,1204
1483,2062,1122,86
1484,1122,1309,33
1485,1851,1100,2079
1486,1424,945,1302
1487,1424,1302,276
1488,945,1424,1136
1489,1424,534,1136
1490,30,591,190
1491,993,30,190
1492,30,963,1136
1493,591,30,1136
1494,963,30,1217
1495,30,993,1217
1496,591,737,190
1497,1807,737,977
1498,737,1807,190
1499,737,591,70
1500,134,217,1038
1501,134,648,622
1502,170,134,622
1503,217,134,170
1504,296,1361,158
1505,768,1949,1679
1506,104,296,802
1507,1949,104,802
1508,104,1361,296
1509,1361,104,311
1510,768,104,1949
1511,104,768,311
1512,2158,680,477
1513,1249,2158,477
1514,279,453,741
1515,74,279,741
1516,1880,279,74
1517,279,1880,505
1518,141,395,297
1519,604,864,1404
1520,2179,604,1404
1521,604,2179,749
1522,726,604,749
1523,864,604,726
1524,336,638,1225
1525,638,543,1225
1526,638,2140,0
1527,638,336,2140
1528,278,638,0
1529,543,638,278
1530,505,406,1792
1531,2140,406,1267
1532,406,505,1267
1533,336,2031,2140
1534,887,2031,336
1535,2031,406,2140
1536,1031,189,1863
1537,41,510,1921
1538,510,88,1921
1539,510,255,568
1540,255,510,41
1541,103,1491,495
1542,1904,103,495
1543,103,690,182
1544,103,1904,690
1545,245,2105,182
1546,2105,103,182
1547,103,2105,1491
1548,910,707,1188
1549,910,1553,784
1550,2029,374,495
1551,374,784,495
1552,374,910,784
1553,910,374,707
1554,1739,1909,1570
1555,887,1739,1570
1556,1739,887,271
1557,1858,1739,271
1558,1999,837,1921
1559,1999,1053,1655
1560,1053,1999,13
1561,1999,1921,13
1562,837,332,1909
1563,1909,332,1570
1564,332,189,1570
1565,1999,332,837
1566,189,332,1655
1567,332,1999,1655
1568,1259,1095,2118
1569,1095,690,2118
1570,131,1095,1913
1571,1095,1259,1913
1572,1603,1095,131
1573,1095,1603,690
1574,1889,293,1987
1575,1906,293,578
1576,293,1889,578
1577,2135,1889,1987
1578,2135,1987,1913
1579,2135,319,627
1580,1889,2135,627
1581,1259,2135,1913
1582,2135,1259,319
1583,397,1059,1096
1584,1883,397,1096
1585,397,1973,1945
1586,1973,397,1883
1587,1134,1440,1945
1588,1440,397,1945
1589,397,1440,1059
1590,1713,107,1524
1591,689,617,1067
1592,674,617,689
1593,1240,617,674
1594,617,1240,1860
1595,617,2196,1067
1596,2196,617,1860
1597,1185,689,1540
1598,155,1185,1540
1599,1703,1561,1024
1600,2112,1561,1703
1601,1561,2112,649
1602,1561,1036,1024
1603,1036,1561,635
1604,1561,649,635
1605,2125,1421,649
1606,2125,2112,317
1607,2112,2125,649
1608,120,479,1549
1609,1112,120,1549
1610,1421,120,1112
1611,1871,1375,781
1612,1375,1275,781
1613,703,1214,958
1614,1214,703,1769
1615,1375,1214,1769
1616,1214,1375,1871
1617,2183,1451,1406
1618,1451,2183,937
1619,937,2183,1586
1620,2183,400,1586
1621,1318,2071,2080
1622,2071,1451,2080
1623,1451,2071,1406
1624,2071,1318,1835
1625,1814,2071,1835
1626,2071,1814,1406
1627,1318,321,1835
1628,503,457,1395
1629,1051,869,1519
1630,1051,2183,1406
1631,400,1051,1519
1632,2183,1051,400
1633,1695,686,1354
1634,686,2016,1354
1635,640,1832,1838
1636,1072,640,1838
1637,654,87,2054
1638,87,917,364
1639,917,87,1384
1640,87,654,1384
1641,2054,867,301
1642,87,867,2054
1643,2154,867,364
1644,867,87,364
1645,200,2144,1700
1646,2144,200,1072
1647,425,200,1700
1648,200,425,301
1649,654,964,1384
1650,850,964,334
1651,609,654,2054
1652,1065,609,2054
1653,609,1726,721
1654,609,1065,1726
1655,1454,1559,2163
1656,651,1454,2163
1657,275,1454,71
1658,1454,651,71
1659,651,1666,85
1660,25,827,2068
1661,1221,25,2068
1662,1666,25,85
1663,25,1666,827
1664,117,126,916
1665,2108,1091,857
1666,1091,916,785
1667,1091,117,916
1668,117,1091,2108
1669,1006,923,436
1670,827,1006,436
1671,579,81,1642
1672,81,579,850
1673,1118,1870,725
1674,725,1870,2198
1675,1870,1013,2198
1676,1013,1870,587
1677,587,1870,699
1678,1870,1118,699
1679,1837,1118,725
1680,221,1837,725
1681,1837,1331,570
1682,1837,221,1331
1683,64,691,1975
1684,1975,691,570
1685,1118,691,1661
1686,691,64,1661
1687,691,1837,570
1688,1837,691,1118
1689,1994,810,1141
1690,810,40,1141
1691,804,810,2174
1692,810,1994,2174
1693,810,804,612
1694,40,810,612
1695,64,2009,459
1696,2009,679,459
1697,679,2009,1986
1698,2009,64,1975
1699,1093,1141,1018
1700,1141,1093,926
1701,1093,519,926
1702,1093,50,519
1703,2203,201,11
1704,201,2203,500
1705,2203,11,1499
1706,50,2203,1499
1707,508,792,530
1708,792,2063,530
1709,2063,792,2107
1710,792,1980,2107
1711,1980,792,1905
1712,792,508,1905
1713,521,562,226
1714,34,521,226
1715,521,146,183
1716,562,521,183
1717,146,521,306
1718,521,34,306
1719,207,482,318
1720,482,207,1576
1721,318,2027,807
1722,2027,231,807
1723,482,2027,318
1724,2027,482,799
1725,231,1030,1106
1726,1030,927,1106
1727,2027,1030,231
1728,1030,2027,799
1729,1034,608,556
1730,1034,556,1986
1731,1110,1034,1975
1732,608,1034,1110
1733,2009,1034,1986
1734,1034,2009,1975
1735,309,1779,684
1736,309,684,492
1737,309,2139,2198
1738,1779,309,2198
1739,362,309,492
1740,2139,309,362
1741,2175,1779,1013
1742,2175,1523,1582
1743,2175,1013,1523
1744,2097,1132,362
1745,2097,362,492
1746,488,2097,492
1747,1132,2097,1084
1748,2097,1186,1084
1749,1186,2097,488
1750,277,63,1331
1751,221,277,1331
1752,277,683,306
1753,63,277,306
1754,844,2066,1110
1755,2066,608,1110
1756,608,2066,1576
1757,2066,844,1463
1758,502,1879,1806
1759,1879,502,772
1760,285,1875,2020
1761,2186,1808,845
1762,1808,2186,152
1763,1875,258,2020
1764,487,258,576
1765,1284,1597,917
1766,917,1597,364
1767,1597,1146,364
1768,1597,487,1146
1769,1438,1879,772
1770,1917,1377,1512
1771,1917,1707,1377
1772,1917,1387,1821
1773,1707,1917,1821
1774,56,2013,2127
1775,2013,56,709
1776,1323,1181,1594
1777,1594,1181,115
1778,1181,137,115
1779,137,1181,1983
1780,1890,1323,1796
1781,1890,170,1867
1782,2074,1890,1796
1783,170,1890,2074
1784,952,137,1983
1785,952,687,968
1786,952,1983,687
1787,1997,1567,242
1788,1602,1567,1997
1789,1140,1299,1834
1790,162,1299,130
1791,1299,162,1834
1792,1500,555,1583
1793,555,1500,870
1794,1299,132,130
1795,2116,1206,568
1796,803,1368,1583
1797,555,803,1583
1798,803,1732,1096
1799,803,555,1732
1800,1368,1150,328
1801,1059,1150,1096
1802,1150,803,1096
1803,803,1150,1368
1804,261,1595,1827
1805,1560,1595,1502
1806,1595,237,1502
1807,1595,261,237
1808,1694,1616,287
1809,979,1616,1694
1810,261,1616,237
1811,1616,979,237
1812,614,1353,376
1813,614,1923,878
1814,1923,614,376
1815,1353,1915,1310
1816,863,1915,2150
1817,1915,863,1310
1818,1751,1815,1581
1819,1751,449,1815
1820,1563,1973,1208
1821,1973,1563,1101
1822,643,1849,1642
1823,972,1425,112
1824,434,720,85
1825,25,434,85
1826,434,25,1221
1827,720,434,431
1828,434,1319,431
1829,434,1221,1319
1830,1899,922,1060
1831,1846,1899,1060
1832,1899,484,1164
1833,922,1899,1164
1834,484,1899,212
1835,1899,1846,212
1836,976,1311,966
1837,1319,976,431
1838,1311,976,1319
1839,1171,1846,1060
1840,1311,1171,1060
1841,1171,1311,1319
1842,1221,1171,1319
1843,1171,1221,797
1844,1846,1171,797
1845,901,1924,1374
1846,901,2073,112
1847,2073,901,1374
1848,1924,901,2056
1849,1425,901,112
1850,901,1425,2056
1851,1055,1578,870
1852,1578,555,870
1853,555,1578,1732
1854,809,1055,1505
1855,1213,2095,870
1856,2095,1055,870
1857,2095,616,1505
1858,1055,2095,1505
1859,1974,390,773
1860,1974,2038,390
1861,914,893,1120
1862,585,1497,2131
1863,2073,1497,112
1864,1497,351,2131
1865,351,1497,2073
1866,1308,320,709
1867,1308,241,1483
1868,846,1308,1483
1869,1308,846,320
1870,1220,1634,1925
1871,1220,2088,1544
1872,1228,1220,1925
1873,2088,1220,1228
1874,939,1220,1544
1875,1220,939,1634
1876,939,1602,1360
1877,1634,939,1360
1878,411,1001,69
1879,1001,411,1933
1880,411,1389,1933
1881,1389,411,1336
1882,1601,1389,1512
1883,1389,1336,1512
1884,1696,1100,494
1885,1020,176,2005
1886,176,1287,2005
1887,316,176,1989
1888,1287,176,316
1889,176,33,1989
1890,176,1122,33
1891,176,1020,86
1892,1122,176,86
1893,1287,235,2005
1894,235,931,2005
1895,931,235,304
1896,235,1287,1197
1897,1750,1431,1197
1898,1431,1750,197
1899,1431,197,350
1900,662,1431,350
1901,1750,1984,1217
1902,1984,963,1217
1903,963,1984,316
1904,1287,1409,1197
1905,1409,1750,1197
1906,1409,1984,1750
1907,1409,1287,316
1908,1984,1409,316
1909,903,2104,925
1910,2104,666,925
1911,666,2104,49
1912,49,2104,890
1913,1737,1484,1498
1914,1737,903,1484
1915,517,1737,1498
1916,855,1522,1195
1917,101,1639,1174
1918,1639,855,1174
1919,1639,101,1934
1920,1639,1522,855
1921,1639,1934,1517
1922,1522,1639,1517
1923,517,953,1748
1924,953,1768,1908
1925,1768,953,1498
1926,953,517,1498
1927,1422,1330,494
1928,953,1422,1748
1929,1330,1422,1908
1930,1422,953,1908
1931,274,1422,494
1932,1422,274,1748
1933,1100,274,494
1934,274,1100,1851
1935,1105,65,1820
1936,225,2132,2079
1937,2132,823,2079
1938,823,1851,2079
1939,823,1724,305
1940,1724,823,2132
1941,1851,823,93
1942,823,305,93
1943,369,517,1748
1944,369,1641,1962
1945,1126,1441,1155
1946,291,1126,424
1947,1126,291,1441
1948,1309,370,1466
1949,370,1122,2062
1950,1122,370,1309
1951,875,1894,424
1952,1894,1028,424
1953,370,1894,1466
1954,1028,1894,2062
1955,1894,370,2062
1956,835,1348,996
1957,1348,835,1230
1958,1230,660,1088
1959,65,660,1820
1960,2072,2122,1088
1961,2122,1348,1088
1962,1124,2122,1733
1963,2122,2072,1733
1964,1824,313,1124
1965,1429,1824,1124
1966,1824,327,1200
1967,313,1824,1200
1968,327,1824,1019
1969,1824,1429,1019
1970,589,313,1793
1971,589,1793,996
1972,1348,589,996
1973,313,589,1124
1974,589,2122,1124
1975,2122,589,1348
1976,796,391,484
1977,391,724,484
1978,1560,391,1468
1979,724,391,1560
1980,2007,1273,118
1981,1273,358,1511
1982,358,414,1511
1983,992,36,682
1984,652,992,682
1985,1511,992,118
1986,992,652,118
1987,1460,527,779
1988,527,358,1273
1989,527,1460,1272
1990,358,527,1272
1991,205,1460,1874
1992,1612,363,384
1993,363,1649,1269
1994,384,363,1550
1995,363,1269,1550
1996,1804,1560,1468
1997,1649,1804,1468
1998,1804,1595,1560
1999,1595,1804,1827
2000,1253,1897,2120
2001,1897,1253,1382
2002,1253,2120,149
2003,227,1253,149
2004,1144,1192,1165
2005,1192,2165,1165
2006,1192,1144,340
2007,1856,1192,340
2008,2165,1192,1856
2009,2021,465,379
2010,379,465,83
2011,465,2049,83
2012,465,496,2049
2013,550,1818,135
2014,1818,1127,135
2015,1127,1818,898
2016,539,1888,1382
2017,1888,2202,1382
2018,1888,539,1279
2019,1745,1888,1279
2020,1888,1745,2003
2021,2202,1888,2003
2022,47,338,497
2023,47,1757,338
2024,1757,47,549
2025,47,1622,549
2026,1297,1235,166
2027,1388,1754,1944
2028,1754,1388,2025
2029,1907,1388,1147
2030,2025,1388,1907
2031,533,299,1089
2032,286,533,1147
2033,1907,533,1089
2034,533,1907,1147
2035,1166,1728,2035
2036,299,1728,1166
2037,1728,533,286
2038,533,1728,299
2039,1523,1506,1582
2040,1506,286,1582
2041,587,2167,1523
2042,2167,1506,1523
2043,1010,1903,1499
2044,1903,1010,157
2045,476,1357,270
2046,310,476,270
2047,1357,476,119
2048,476,310,144
2049,1357,866,270
2050,603,866,1357
2051,270,866,1509
2052,866,1175,1509
2053,1175,866,1446
2054,866,603,1446
2055,509,262,1219
2056,603,509,1219
2057,509,1825,1533
2058,509,603,1825
2059,2121,634,489
2060,634,2121,888
2061,634,499,489
2062,499,634,1223
2063,433,787,1223
2064,433,812,787
2065,634,433,1223
2066,433,634,888
2067,433,888,1633
2068,812,433,1633
2069,1137,1992,1356
2070,1167,1992,1137
2071,1992,29,944
2072,1992,1167,29
2073,456,1436,1926
2074,1436,1029,1363
2075,1783,1436,1363
2076,1436,1783,1926
2077,219,1455,1142
2078,219,456,1926
2079,219,1928,1455
2080,219,1926,1928
2081,2004,897,1344
2082,897,2004,1721
2083,2004,1534,1721
2084,1534,2004,717
2085,1504,347,507
2086,717,1504,507
2087,1078,1766,902
2088,447,1078,902
2089,1766,1078,1266
2090,642,24,2176
2091,206,642,1435
2092,642,1765,1435
2093,642,2176,1765
2094,24,1125,902
2095,447,1125,211
2096,1125,447,902
2097,1125,206,211
2098,1125,642,206
2099,642,1125,24
2100,1456,2148,541
2101,2148,1456,1742
2102,1940,1801,626
2103,23,2148,1742
2104,2148,23,1801
2105,1766,974,902
2106,24,974,1828
2107,974,24,902
2108,1108,1361,311
2109,225,1411,2132
2110,1068,209,1774
2111,1068,1951,1416
2112,2153,1117,986
2113,266,1117,2153
2114,128,387,1611
2115,1159,128,1611
2116,387,128,1410
2117,128,930,1410
2118,128,1159,1565
2119,930,128,1565
2120,467,2087,639
2121,2087,213,639
2122,1654,1606,467
2123,1606,2087,467
2124,2087,1606,289
2125,486,1654,1003
2126,486,1606,1654
2127,1343,1775,1487
2128,1343,1673,578
2129,1673,1343,1487
2130,1775,1343,627
2131,1889,1343,578
2132,1343,1889,627
2133,1753,601,167
2134,167,601,214
2135,601,78,214
2136,951,1598,592
2137,951,167,214
2138,934,951,592
2139,951,934,167
2140,1172,1598,1076
2141,1172,1076,506
2142,1598,252,1076
2143,1183,252,214
2144,252,951,214
2145,951,252,1598
2146,1539,1183,78
2147,1539,1315,430
2148,1315,1539,78
2149,1265,1539,430
2150,873,1265,2024
2151,873,1539,1265
2152,1539,873,1183
2153,2136,76,742
2154,1026,2136,742
2155,2136,1026,239
2156,757,2136,239
2157,1182,1094,2032
2158,1346,1753,426
2159,1753,1346,1906
2160,1868,256,187
2161,1987,256,1913
2162,256,131,1913
2163,256,1868,131
2164,2015,1868,187
2165,451,2015,187
2166,2015,451,1038
2167,217,2015,1038
2168,2015,217,1428
2169,1868,2015,1428
2170,1040,44,73
2171,1365,1947,1628
2172,1985,1588,177
2173,1985,1681,2000
2174,858,1985,2000
2175,1588,1985,858
2176,1985,177,422
2177,1681,1985,422
2178,314,1929,1257
2179,1929,1123,1257
2180,1481,1929,314
2181,1929,1481,955
2182,295,955,1513
2183,295,1929,955
2184,1929,295,1123
2185,6,1152,2001
2186,1123,1152,6
2187,1152,1872,2001
2188,1872,1152,283
2189,513,481,2129
2190,481,513,314
2191,2185,1121,1488
2192,1938,2185,1488
2193,2030,2185,1938
2194,2185,481,1121
2195,2185,2030,2129
2196,481,2185,2129
2197,791,9,1817
2198,9,791,1820
2199,660,9,1820
2200,9,660,1230
2201,305,1163,1014
2202,1163,791,1014
2203,791,1163,1820
2204,1163,1105,1820
2205,835,300,359
2206,300,835,996
2207,300,744,359
2208,300,2047,744
2209,949,847,1813
2210,2047,847,949
2211,300,847,2047
2212,847,300,996
2213,1793,847,996
2214,1813,847,1793
2215,1558,1826,1292
2216,1826,1386,1292
2217,1826,1558,247
2218,1386,1826,2124
2219,82,1826,247
2220,1826,82,2124
2221,1922,710,169
2222,710,1922,2142
2223,710,1667,169
2224,710,540,1667
2225,1772,2084,1942
2226,1772,1367,2084
2227,1367,1772,2150
2228,1772,728,2150
2229,1931,1215,1815
2230,1329,1215,1647
2231,1215,542,1647
2232,1215,1931,542
2233,1369,819,665
2234,819,580,665
2235,580,819,1607
2236,819,26,1607
2237,230,1301,1305
2238,1301,415,1305
2239,443,1301,1169
2240,1301,230,1169
2241,1301,443,17
2242,415,1301,17
2243,464,2019,1670
2244,1244,1822,1634
2245,1634,1822,1925
2246,572,1822,222
2247,1822,1244,222
2248,897,1516,572
2249,1822,1516,1925
2250,1516,1822,572
2251,1516,897,1721
2252,1516,1645,1925
2253,1645,1516,1721
2254,1401,1231,315
2255,7,1401,1943
2256,1401,7,1508
2257,1231,1401,1508
2258,1401,2096,1943
2259,2096,1401,315
2260,1288,160,1760
2261,1288,2093,160
2262,1288,1670,1042
2263,2093,1288,1042
2264,1461,1571,1204
2265,1571,1461,1087
2266,1461,1686,1087
2267,1951,1461,1204
2268,2018,645,1798
2269,1571,2018,1798
2270,1100,1736,2079
2271,1736,225,2079
2272,1736,1696,1807
2273,1696,1736,1100
2274,1736,1807,977
2275,225,1736,977
2276,768,180,311
2277,453,908,1249
2278,908,2158,1249
2279,2158,908,1792
2280,908,505,1792
2281,908,279,505
2282,279,908,453
2283,395,2045,1659
2284,2045,1713,1659
2285,1713,2045,107
2286,330,141,543
2287,330,395,141
2288,330,2045,395
2289,91,1031,1863
2290,91,388,680
2291,388,91,1145
2292,91,1863,1145
2293,2151,887,1570
2294,2151,2031,887
2295,189,2151,1570
2296,1031,2151,189
2297,2086,41,427
2298,2086,255,41
2299,255,2086,2029
2300,2086,374,2029
2301,707,2086,427
2302,374,2086,707
2303,1491,1061,2029
2304,1061,255,2029
2305,1061,2116,568
2306,255,1061,568
2307,1909,171,427
2308,1739,171,1909
2309,171,707,427
2310,707,171,1188
2311,171,1858,1188
2312,171,1739,1858
2313,18,293,1906
2314,1346,18,1906
2315,18,1346,1720
2316,501,1134,2041
2317,501,1440,1134
2318,88,501,2041
2319,1240,1255,1860
2320,1255,244,1860
2321,244,1255,1656
2322,1255,1341,1656
2323,2106,1713,1524
2324,2106,1255,1240
2325,1341,2106,1524
2326,1255,2106,1341
2327,395,673,297
2328,673,395,1659
2329,994,673,1659
2330,1542,674,689
2331,1542,994,674
2332,1185,1542,689
2333,1345,155,319
2334,1345,1185,155
2335,1345,319,2090
2336,284,536,317
2337,536,2125,317
2338,536,284,479
2339,120,536,479
2340,2125,536,1421
2341,536,120,1421
2342,1375,1920,1275
2343,1920,1276,1275
2344,1920,1769,785
2345,1920,1375,1769
2346,916,1920,785
2347,1276,1920,916
2348,321,594,1871
2349,1214,594,958
2350,594,1214,1871
2351,503,324,457
2352,457,324,1695
2353,324,686,1695
2354,686,324,599
2355,1948,1814,1835
2356,1948,503,1814
2357,324,1948,599
2358,1948,324,503
2359,1051,919,869
2360,869,919,1395
2361,1814,919,1406
2362,919,1051,1406
2363,919,503,1395
2364,503,919,1814
2365,2016,1982,1758
2366,686,1982,2016
2367,1982,1275,1758
2368,1275,1982,781
2369,1982,599,781
2370,1982,686,599
2371,48,640,2154
2372,1972,48,412
2373,48,1972,1832
2374,640,48,1832
2375,48,1146,412
2376,48,2154,1146
2377,520,640,1072
2378,520,200,301
2379,200,520,1072
2380,640,520,2154
2381,867,520,301
2382,520,867,2154
2383,964,693,334
2384,693,964,654
2385,693,609,721
2386,609,693,654
2387,2112,526,317
2388,526,2112,1703
2389,982,1703,1741
2390,2007,982,1741
2391,982,526,1703
2392,526,982,1017
2393,1666,398,827
2394,398,117,2108
2395,398,1006,827
2396,1006,398,2108
2397,801,284,857
2398,1091,801,857
2399,801,1091,785
2400,284,801,479
2401,1327,801,785
2402,801,1327,479
2403,1475,1006,2108
2404,1475,2108,857
2405,1475,1017,923
2406,1006,1475,923
2407,1191,1953,1770
2408,1953,1191,705
2409,1397,1707,1770
2410,1953,1397,1770
2411,1397,1953,893
2412,1707,1397,1377
2413,500,386,1242
2414,2203,386,500
2415,386,1018,1242
2416,386,1093,1018
2417,1093,386,50
2418,386,2203,50
2419,34,1859,1463
2420,1859,34,226
2421,927,831,21
2422,1030,831,927
2423,831,226,21
2424,831,1859,226
2425,831,1030,799
2426,1859,831,799
2427,2175,2055,1779
2428,2182,2055,1944
2429,2055,2182,684
2430,1779,2055,684
2431,935,221,2139
2432,935,277,221
2433,935,2139,362
2434,1132,935,362
2435,935,1132,683
2436,277,935,683
2437,246,482,1576
2438,2066,246,1576
2439,246,2066,1463
2440,1859,246,1463
2441,482,246,799
2442,246,1859,799
2443,502,1180,2188
2444,1180,285,2188
2445,1148,1180,1806
2446,1180,502,1806
2447,2204,1387,772
2448,502,2204,772
2449,1387,2204,1821
2450,2204,248,1821
2451,2204,502,2188
2452,248,2204,2188
2453,1371,248,2188
2454,285,1371,2188
2455,1371,285,2020
2456,637,1371,2020
2457,285,842,1875
2458,1808,842,845
2459,842,1808,1875
2460,1180,842,285
2461,842,1148,845
2462,842,1180,1148
2463,263,1808,152
2464,1808,263,1875
2465,263,258,1875
2466,258,263,576
2467,1427,263,152
2468,263,1427,576
2469,1884,258,487
2470,1597,1884,487
2471,1884,1597,1284
2472,637,1884,1284
2473,258,1884,2020
2474,1884,637,2020
2475,1438,1538,1879
2476,133,1538,700
2477,1879,1538,133
2478,1387,777,772
2479,777,1438,772
2480,777,2149,1438
2481,504,77,2127
2482,77,56,2127
2483,1551,1181,1323
2484,1890,1551,1323
2485,1983,1551,567
2486,1181,1551,1983
2487,1551,1867,567
2488,1551,1890,1867
2489,259,871,208
2490,208,871,968
2491,871,952,968
2492,137,1237,941
2493,952,1237,137
2494,871,1237,952
2495,1237,1997,941
2496,1021,1914,2137
2497,1914,1021,1636
2498,1914,1636,242
2499,1567,1914,242
2500,320,1530,1544
2501,846,1530,320
2502,1914,423,2137
2503,423,1914,1567
2504,915,1299,1140
2505,915,1140,739
2506,132,915,328
2507,915,132,1299
2508,1368,915,739
2509,915,1368,328
2510,132,511,130
2511,2050,132,328
2512,2050,1206,2116
2513,511,2050,2116
2514,2050,511,132
2515,1791,1304,840
2516,840,1304,1620
2517,1304,1791,287
2518,1616,1304,287
2519,1304,261,1620
2520,1304,1616,261
2521,14,878,836
2522,14,614,878
2523,575,290,1101
2524,349,1772,1942
2525,1772,349,728
2526,1727,1334,449
2527,1751,1727,449
2528,1727,349,1942
2529,349,1727,1751
2530,1367,1085,2084
2531,575,1085,1367
2532,1563,1085,1101
2533,1085,575,1101
2534,353,1849,1268
2535,1626,914,1120
2536,1799,976,966
2537,1425,1799,966
2538,1799,972,1268
2539,972,1799,1425
2540,1294,1849,643
2541,1294,643,431
2542,976,1294,431
2543,1849,1294,1268
2544,1294,1799,1268
2545,1799,1294,976
2546,1130,1052,253
2547,862,264,1208
2548,1578,862,1732
2549,1883,862,1208
2550,1732,862,1883
2551,1001,1445,1505
2552,1445,809,1505
2553,809,1445,773
2554,1445,1974,773
2555,1445,1001,1933
2556,1974,1445,1933
2557,809,2101,1055
2558,862,2101,264
2559,2101,1578,1055
2560,2101,862,1578
2561,735,585,2131
2562,2038,735,390
2563,1370,735,2131
2564,735,1370,390
2565,914,1476,893
2566,1397,1476,1377
2567,1476,1397,893
2568,1476,914,1718
2569,1601,1476,1718
2570,1377,1476,1601
2571,1092,2095,1213
2572,2095,1092,616
2573,616,1092,1483
2574,1092,846,1483
2575,1389,1842,1933
2576,1842,1974,1933
2577,1974,1842,2038
2578,1842,1389,1601
2579,1842,1601,1718
2580,2038,1842,1718
2581,1032,993,190
2582,1807,1032,190
2583,1696,1032,1807
2584,1184,235,1197
2585,1431,1184,1197
2586,1184,1431,662
2587,1184,662,1569
2588,304,1184,1569
2589,235,1184,304
2590,1935,2104,903
2591,1737,1935,903
2592,2104,1935,890
2593,1002,1330,1195
2594,1522,1002,1195
2595,274,204,1748
2596,204,369,1748
2597,369,204,1641
2598,204,274,1851
2599,204,1851,93
2600,1641,204,93
2601,1724,1683,305
2602,1683,1163,305
2603,1163,1683,1105
2604,1105,1683,868
2605,938,835,359
2606,1358,938,359
2607,938,1358,1817
2608,835,938,1230
2609,9,938,1817
2610,938,9,1230
2611,228,660,65
2612,2072,228,1679
2613,228,2072,1088
2614,660,228,1088
2615,1958,970,1272
2616,970,358,1272
2617,358,970,414
2618,106,414,796
2619,106,796,212
2620,36,106,212
2621,414,106,1511
2622,106,992,1511
2623,992,106,36
2624,2007,2146,1273
2625,527,2146,779
2626,2146,527,1273
2627,2146,2007,1741
2628,2130,2146,1741
2629,2146,2130,779
2630,1555,1015,2161
2631,1015,1555,1874
2632,1555,205,1874
2633,1170,904,1550
2634,904,1170,2161
2635,1170,1555,2161
2636,954,1958,1272
2637,1460,954,1272
2638,205,954,1460
2639,490,1804,1649
2640,490,363,1612
2641,363,490,1649
2642,1804,490,1827
2643,490,1612,1881
2644,1827,490,1881
2645,55,1253,227
2646,55,379,83
2647,55,227,379
2648,1253,55,1382
2649,539,55,83
2650,55,539,1382
2651,337,1592,135
2652,1592,337,944
2653,860,1501,2021
2654,1501,465,2021
2655,1501,2094,1810
2656,1501,860,2094
2657,496,1501,1810
2658,465,1501,496
2659,355,2039,139
2660,697,1818,550
2661,753,697,550
2662,1297,1039,1622
2663,1039,1630,367
2664,549,1039,367
2665,1622,1039,549
2666,1297,771,1235
2667,1617,771,497
2668,771,1617,1235
2669,771,1297,1622
2670,771,47,497
2671,47,771,1622
2672,1071,166,1665
2673,1071,1297,166
2674,1485,1071,1665
2675,1071,1485,1630
2676,1039,1071,1630
2677,1071,1039,1297
2678,2057,2175,1582
2679,1147,2057,1582
2680,1388,2057,1147
2681,2057,2055,2175
2682,2057,1388,1944
2683,2055,2057,1944
2684,1069,1728,286
2685,1506,1069,286
2686,1728,1069,2035
2687,1010,429,157
2688,157,429,699
2689,2167,429,2092
2690,429,1010,2092
2691,429,587,699
2692,429,2167,587
2693,476,1355,119
2694,1355,476,144
2695,515,144,2035
2696,1069,515,2035
2697,515,1355,144
2698,1355,515,911
2699,11,475,1499
2700,475,911,2092
2701,475,1010,1499
2702,1010,475,2092
2703,509,978,262
2704,438,978,292
2705,262,978,438
2706,978,509,1533
2707,292,978,2089
2708,978,1533,2089
2709,1992,249,1356
2710,249,2021,1356
2711,249,860,2021
2712,249,1992,944
2713,337,249,944
2714,249,337,860
2715,1436,354,1029
2716,354,1436,456
2717,354,206,1029
2718,206,354,211
2719,354,1777,211
2720,1777,354,456
2721,347,981,1734
2722,1777,981,347
2723,1734,981,1142
2724,981,219,1142
2725,981,1777,456
2726,219,981,456
2727,1803,663,2019
2728,2019,663,1042
2729,1359,663,1344
2730,663,1359,1042
2731,2004,593,717
2732,593,663,1803
2733,593,2004,1344
2734,663,593,1344
2735,1504,1307,347
2736,1307,1777,347
2737,1307,447,211
2738,1777,1307,211
2739,582,1504,717
2740,593,582,717
2741,582,593,1803
2742,820,1078,447
2743,1307,820,447
2744,820,1307,1504
2745,582,820,1504
2746,1154,1829,541
2747,1829,1154,84
2748,1797,2148,1801
2749,1940,1797,1801
2750,2148,1797,541
2751,1797,1154,541
2752,974,2194,1828
2753,1764,1865,288
2754,1764,974,1766
2755,2194,1764,288
2756,1764,2194,974
2757,1081,399,646
2758,1241,1816,1853
2759,714,1591,142
2760,1151,714,142
2761,99,355,139
2762,1054,1033,158
2763,889,225,977
2764,889,1411,225
2765,209,1211,2052
2766,1068,1211,209
2767,1211,1474,2052
2768,1474,1211,408
2769,1211,1416,408
2770,1211,1068,1416
2771,2011,43,986
2772,1117,2011,986
2773,1452,2011,1730
2774,43,2011,1452
2775,1521,266,1432
2776,1521,1117,266
2777,2197,2087,289
2778,2197,289,72
2779,213,2197,506
2780,2087,2197,213
2781,2197,1172,506
2782,1172,2197,72
2783,289,1882,72
2784,1554,327,1019
2785,789,601,1753
2786,789,1753,1906
2787,789,1906,578
2788,1673,789,578
2789,405,1172,72
2790,1172,405,1598
2791,1598,405,592
2792,252,678,1076
2793,678,252,1183
2794,873,678,1183
2795,678,1009,1076
2796,899,873,2024
2797,1452,899,2024
2798,678,899,1009
2799,899,678,873
2800,899,1452,1730
2801,1009,899,1730
2802,2034,134,1038
2803,134,2034,648
2804,1515,1680,76
2805,2136,1515,76
2806,1515,2136,757
2807,1094,1362,2032
2808,1362,478,2032
2809,478,1362,451
2810,2034,1362,1094
2811,451,1362,1038
2812,1362,2034,1038
2813,1604,442,1296
2814,1841,1604,1296
2815,1604,420,734
2816,420,1604,1841
2817,1046,442,46
2818,1046,46,2032
2819,478,1046,2032
2820,1046,478,1720
2821,1346,1600,1720
2822,1600,1046,1720
2823,1046,1600,442
2824,442,1600,1296
2825,1296,1600,426
2826,1600,1346,426
2827,2103,1040,734
2828,2103,44,1040
2829,1281,808,999
2830,1332,1365,1628
2831,896,1332,58
2832,1332,1628,58
2833,1332,1281,1365
2834,1332,896,808
2835,1281,1332,808
2836,44,990,73
2837,2119,990,900
2838,990,2119,73
2839,1365,1098,1947
2840,1098,990,44
2841,1139,295,1513
2842,1139,1654,1202
2843,1139,1513,1003
2844,1654,1139,1003
2845,481,1198,1121
2846,1198,314,1257
2847,1198,481,314
2848,710,150,540
2849,150,193,1351
2850,540,150,1351
2851,150,381,193
2852,381,150,2142
2853,150,710,2142
2854,1215,1937,1815
2855,1815,1937,1581
2856,1937,1329,546
2857,1937,1215,1329
2858,1937,202,1581
2859,202,1937,546
2860,819,1262,26
2861,26,1262,1472
2862,1262,1369,769
2863,1262,819,1369
2864,1262,195,1472
2865,1262,769,195
2866,884,1803,2019
2867,464,884,2019
2868,1738,1062,254
2869,1062,1158,123
2870,1158,1062,1738
2871,1691,464,1670
2872,464,1691,619
2873,1158,1467,1399
2874,1467,1158,1738
2875,1288,1290,1670
2876,1290,1691,1670
2877,1691,1290,439
2878,1290,1288,1760
2879,675,1290,1760
2880,1290,675,439
2881,1143,1461,1951
2882,1461,1143,1686
2883,1143,1035,1686
2884,19,1571,1087
2885,19,2018,1571
2886,645,518,841
2887,2018,518,645
2888,841,518,1760
2889,518,675,1760
2890,940,524,68
2891,110,2091,745
2892,113,110,636
2893,110,745,636
2894,1434,1108,311
2895,180,1434,311
2896,1755,1105,868
2897,1105,1755,65
2898,107,1843,1298
2899,2045,1843,107
2900,1298,1843,20
2901,330,1843,2045
2902,1848,543,278
2903,1848,330,543
2904,864,1848,278
2905,1848,864,20
2906,1843,1848,20
2907,1848,1843,330
2908,91,1496,1031
2909,1496,2158,1792
2910,2158,1496,680
2911,1496,91,680
2912,2151,942,2031
2913,406,942,1792
2914,2031,942,406
2915,942,2151,1031
2916,942,1496,1792
2917,1496,942,1031
2918,1061,2082,2116
2919,2082,511,2116
2920,2105,2082,1491
2921,2082,1061,1491
2922,478,1624,1720
2923,1624,18,1720
2924,1624,451,187
2925,1624,478,451
2926,293,96,1987
2927,18,96,293
2928,1624,96,18
2929,96,1624,187
2930,96,256,1987
2931,256,96,187
2932,145,501,88
2933,1206,145,568
2934,145,510,568
2935,510,145,88
2936,1440,1717,1059
2937,501,1717,1440
2938,1717,145,1206
2939,145,1717,501
2940,2106,51,1713
2941,1713,51,1659
2942,51,1240,674
2943,51,2106,1240
2944,51,994,1659
2945,994,51,674
2946,910,52,1553
2947,1339,52,1188
2948,52,910,1188
2949,655,673,994
2950,1542,655,994
2951,1660,45,377
2952,958,1660,377
2953,594,1660,958
2954,1216,321,1318
2955,1216,594,321
2956,1216,1660,594
2957,1216,1318,2126
2958,599,446,781
2959,1948,446,599
2960,446,1871,781
2961,446,321,1871
2962,321,446,1835
2963,446,1948,1835
2964,1454,1876,1559
2965,1559,1876,721
2966,1876,693,721
2967,1876,1454,275
2968,1876,275,334
2969,693,1876,334
2970,2083,526,1017
2971,2083,1475,857
2972,1475,2083,1017
2973,526,2083,317
2974,2083,284,317
2975,284,2083,857
2976,1752,982,2007
2977,1752,2007,118
2978,1017,1752,923
2979,982,1752,1017
2980,652,1752,118
2981,1752,652,923
2982,312,1666,651
2983,312,398,1666
2984,312,651,2163
2985,126,312,2163
2986,117,312,126
2987,398,312,117
2988,893,174,1120
2989,1953,174,893
2990,174,353,1120
2991,174,1953,705
2992,1664,143,2193
2993,1384,1664,2193
2994,964,1664,1384
2995,1664,964,850
2996,1191,716,705
2997,143,716,1191
2998,716,579,705
2999,579,716,850
3000,716,1664,850
3001,1664,716,143
3002,1707,1480,1770
3003,1480,1707,1821
3004,248,1480,1821
3005,411,4,1336
3006,241,4,69
3007,4,411,69
3008,77,2098,56
3009,1471,1316,700
3010,1538,1471,700
3011,1471,504,1316
3012,1471,77,504
3013,1336,1877,1512
3014,1877,1917,1512
3015,1917,1877,1387
3016,1877,777,1387
3017,1237,980,1997
3018,980,1237,871
3019,980,871,259
3020,980,259,1360
3021,1602,980,1360
3022,980,1602,1997
3023,939,1855,1602
3024,1855,1567,1602
3025,1855,423,1567
3026,1855,939,1544
3027,1530,1855,1544
3028,423,1855,1530
3029,1392,14,836
3030,2041,1392,836
3031,1134,1392,2041
3032,290,1392,1134
3033,220,1915,1353
3034,614,220,1353
3035,14,220,614
3036,349,676,728
3037,676,760,178
3038,728,676,178
3039,676,349,1751
3040,760,676,1581
3041,676,1751,1581
3042,1085,1527,2084
3043,1527,1085,1563
3044,351,1394,2131
3045,1394,1370,2131
3046,61,1394,351
3047,1370,1394,253
3048,353,2046,1849
3049,1849,2046,1642
3050,2046,174,705
3051,174,2046,353
3052,2046,579,1642
3053,579,2046,705
3054,1518,1626,1120
3055,353,1518,1120
3056,972,1518,1268
3057,1518,353,1268
3058,1052,788,253
3059,788,1370,253
3060,390,788,773
3061,1370,788,390
3062,2101,1704,264
3063,1704,2101,809
3064,1704,1052,264
3065,1704,788,1052
3066,1704,809,773
3067,788,1704,773
3068,735,394,585
3069,394,1626,585
3070,394,2038,1718
3071,394,735,2038
3072,914,394,1718
3073,1626,394,914
3074,186,1130,253
3075,1394,186,253
3076,186,1394,61
3077,1911,61,351
3078,1911,1374,932
3079,1334,1911,932
3080,61,1911,1334
3081,1911,2073,1374
3082,1911,351,2073
3083,108,1092,1213
3084,108,1213,2137
3085,108,1530,846
3086,1092,108,846
3087,423,108,2137
3088,108,423,1530
3089,2048,1737,517
3090,2048,1935,1737
3091,2048,369,1962
3092,369,2048,517
3093,1330,483,494
3094,1002,483,1330
3095,483,1696,494
3096,483,1032,1696
3097,1494,483,1002
3098,1032,1494,993
3099,483,1494,1032
3100,1381,1522,1517
3101,1381,1002,1522
3102,1699,1381,1517
3103,1381,1494,1002
3104,1894,1023,1466
3105,1023,1894,875
3106,849,121,325
3107,1646,1023,875
3108,1023,1646,121
3109,2091,298,745
3110,1077,298,1155
3111,298,1077,745
3112,1011,1526,1238
3113,1011,1238,307
3114,2177,1011,307
3115,2138,1958,1269
3116,2138,970,1958
3117,2138,1649,1468
3118,1649,2138,1269
3119,954,1103,1958
3120,1103,1170,1550
3121,1269,1103,1550
3122,1958,1103,1269
3123,1127,1492,135
3124,1492,337,135
3125,1492,1127,969
3126,2094,1492,969
3127,860,1492,2094
3128,337,1492,860
3129,1818,294,898
3130,697,294,1818
3131,558,753,550
3132,558,1592,2014
3133,558,550,1592
3134,753,569,697
3135,1782,1762,119
3136,1355,1782,119
3137,1762,1782,11
3138,1782,475,11
3139,1782,1355,911
3140,475,1782,911
3141,2195,515,1069
3142,2195,1069,1506
3143,911,2195,2092
3144,515,2195,911
3145,2195,2167,2092
3146,2167,2195,1506
3147,1260,820,582
3148,1260,884,1266
3149,1078,1260,1266
3150,820,1260,1078
3151,1260,582,1803
3152,884,1260,1803
3153,1458,664,1133
3154,1403,1940,626
3155,1458,1403,626
3156,1403,432,1940
3157,432,1403,1179
3158,1473,23,1742
3159,1473,928,250
3160,928,1473,1742
3161,1801,409,626
3162,23,409,1801
3163,664,1306,1133
3164,1081,1970,1131
3165,1970,882,1131
3166,1970,1306,882
3167,1764,1234,1865
3168,1234,172,1865
3169,1234,1766,1266
3170,1234,1764,1766
3171,1671,172,619
3172,1671,1467,1738
3173,1274,450,1952
3174,399,1552,646
3175,1816,1552,1853
3176,469,1081,1131
3177,469,399,1081
3178,399,469,323
3179,469,373,323
3180,714,782,1591
3181,326,782,817
3182,1790,714,1151
3183,782,1790,817
3184,1790,782,714
3185,661,99,139
3186,472,1886,1413
3187,1886,1510,1413
3188,1510,1886,2070
3189,1408,1151,142
3190,2070,1408,142
3191,1886,1408,2070
3192,1144,611,142
3193,611,2070,142
3194,611,2042,2070
3195,1790,924,817
3196,1632,924,472
3197,209,1725,1774
3198,1725,209,1746
3199,2201,1725,1746
3200,631,1725,2201
3201,1129,631,2201
3202,1129,215,1638
3203,1129,2201,215
3204,10,1054,158
3205,1361,10,158
3206,1108,10,1361
3207,232,889,977
3208,737,232,977
3209,232,737,70
3210,971,232,70
3211,557,1328,2190
3212,1035,416,1686
3213,213,2065,639
3214,418,2065,213
3215,1004,1432,1562
3216,1004,1521,1432
3217,1708,1004,1562
3218,1004,1708,639
3219,2065,1004,639
3220,1004,2065,1521
3221,1784,1882,289
3222,1606,1784,289
3223,486,1784,1606
3224,1246,177,762
3225,535,1246,762
3226,1554,184,327
3227,184,2006,327
3228,2006,184,1003
3229,184,486,1003
3230,2044,1547,1019
3231,1547,1554,1019
3232,1547,2044,422
3233,789,685,601
3234,601,685,78
3235,685,1673,1910
3236,685,789,1673
3237,1315,685,1910
3238,685,1315,78
3239,413,2034,1094
3240,2034,413,648
3241,413,757,648
3242,413,1515,757
3243,1515,1981,1680
3244,1680,1981,1160
3245,1981,413,1094
3246,413,1981,1515
3247,1981,1182,1160
3248,1981,1094,1182
3249,1604,571,442
3250,442,571,46
3251,1040,571,734
3252,571,1604,734
3253,46,571,1469
3254,571,1040,1469
3255,2078,1281,999
3256,900,2078,1637
3257,125,2078,999
3258,2078,125,1637
3259,2103,480,44
3260,480,1098,44
3261,1098,480,1947
3262,1947,480,762
3263,480,535,762
3264,480,2103,535
3265,1139,2002,295
3266,295,2002,1123
3267,2002,1202,283
3268,2002,1139,1202
3269,1152,2002,283
3270,2002,1152,1123
3271,1121,795,1819
3272,1198,795,1121
3273,1819,795,1407
3274,795,1285,1407
3275,795,1417,1285
3276,1104,416,1566
3277,2037,884,464
3278,2037,464,619
3279,172,2037,619
3280,884,2037,1266
3281,2037,1234,1266
3282,1234,2037,172
3283,882,706,1131
3284,706,1062,123
3285,913,1414,1399
3286,1467,913,1399
3287,1113,1414,671
3288,1691,936,619
3289,936,1671,619
3290,1671,936,1467
3291,936,1691,439
3292,913,936,439
3293,936,913,1467
3294,1613,1068,1774
3295,1068,1613,1951
3296,1613,1143,1951
3297,518,2166,675
3298,2166,518,2018
3299,2166,19,671
3300,19,2166,2018
3301,2160,450,1274
3302,1969,326,1957
3303,1697,524,940
3304,1891,1969,1957
3305,1969,1891,681
3306,466,302,2
3307,1918,1479,786
3308,1025,1,142
3309,1971,1025,142
3310,1391,198,1207
3311,2091,1391,1207
3312,1391,110,113
3313,110,1391,2091
3314,462,113,1
3315,333,462,1
3316,1590,198,1478
3317,198,1590,1207
3318,1238,1590,307
3319,1590,1238,1207
3320,566,180,768
3321,566,1755,180
3322,566,768,1679
3323,228,566,1679
3324,566,228,65
3325,1755,566,65
3326,2082,1852,511
3327,130,1852,282
3328,511,1852,130
3329,1852,2082,2105
3330,1852,245,282
3331,1852,2105,245
3332,1412,1150,1059
3333,1717,1412,1059
3334,1150,1412,328
3335,1412,2050,328
3336,2050,1412,1206
3337,1412,1717,1206
3338,673,31,297
3339,655,31,673
3340,31,1339,297
3341,31,52,1339
3342,983,31,655
3343,52,983,1553
3344,31,983,52
3345,1998,1542,1185
3346,1998,655,1542
3347,1345,1998,1185
3348,1998,983,655
3349,1044,1216,2126
3350,1216,1044,1660
3351,1660,1044,45
3352,45,1044,621
3353,1044,2126,621
3354,1977,143,1191
3355,1977,1191,1770
3356,1480,1977,1770
3357,4,2075,1336
3358,2075,1877,1336
3359,777,2075,2149
3360,1877,2075,777
3361,2098,761,56
3362,56,761,709
3363,761,1308,709
3364,1308,761,241
3365,1471,1773,77
3366,2098,1773,2149
3367,1773,2098,77
3368,2149,1773,1438
3369,1773,1538,1438
3370,1773,1471,1538
3371,1295,1392,290
3372,1392,1295,14
3373,1295,220,14
3374,575,1295,290
3375,378,1527,1563
3376,378,1563,1208
3377,264,378,1208
3378,1527,378,1130
3379,1052,378,264
3380,378,1052,1130
3381,1518,1709,1626
3382,1626,1709,585
3383,1709,972,112
3384,1709,1518,972
3385,1497,1709,112
3386,1709,1497,585
3387,186,851,1130
3388,2084,851,1942
3389,1527,851,2084
3390,851,1527,1130
3391,1935,624,890
3392,2048,624,1935
3393,624,1535,890
3394,1535,624,37
3395,624,1962,37
3396,624,2048,1962
3397,1644,1381,1699
3398,1381,1644,1494
3399,1494,1644,993
3400,993,1644,1217
3401,1644,1750,1217
3402,1750,1644,1699
3403,647,1023,121
3404,849,647,121
3405,1023,647,1466
3406,647,140,1466
3407,298,1996,1155
3408,121,758,325
3409,1646,758,121
3410,874,298,2091
3411,874,2091,1207
3412,1996,874,1526
3413,874,1996,298
3414,1238,874,1207
3415,1526,874,1238
3416,970,199,414
3417,2138,199,970
3418,414,199,796
3419,199,391,796
3420,391,199,1468
3421,199,2138,1468
3422,1103,111,1170
3423,111,1103,954
3424,1170,111,1555
3425,1555,111,205
3426,111,954,205
3427,1248,838,1289
3428,2061,1862,84
3429,2061,814,1862
3430,1458,959,664
3431,959,409,618
3432,959,1458,626
3433,409,959,626
3434,1418,1797,1940
3435,432,1418,1940
3436,1797,1418,1154
3437,2194,1901,1828
3438,1828,1901,250
3439,1901,1473,250
3440,959,1627,664
3441,1627,959,618
3442,854,1437,254
3443,1062,854,254
3444,854,706,882
3445,706,854,1062
3446,1306,702,882
3447,702,854,882
3448,854,702,1437
3449,702,1306,664
3450,1627,702,664
3451,702,1627,1437
3452,1970,1393,1306
3453,1306,1393,1133
3454,59,1081,646
3455,59,1970,1081
3456,1393,59,203
3457,59,1393,1970
3458,1671,2102,172
3459,172,2102,1865
3460,2102,1738,254
3461,2102,1671,1738
3462,1239,173,1853
3463,1552,1239,1853
3464,1239,399,323
3465,1239,1552,399
3466,173,265,1995
3467,265,1239,323
3468,1239,265,173
3469,2157,173,1995
3470,450,460,1952
3471,1579,460,1995
3472,460,2157,1995
3473,2157,460,450
3474,469,853,373
3475,853,469,1131
3476,706,853,1131
3477,853,706,123
3478,973,1790,1151
3479,1408,973,1151
3480,924,973,472
3481,973,924,1790
3482,973,1886,472
3483,973,1408,1886
3484,1632,410,68
3485,410,472,1413
3486,410,1632,472
3487,661,2033,99
3488,2033,1510,99
3489,1510,2033,1413
3490,2033,410,1413
3491,421,1510,2070
3492,421,2042,355
3493,2042,421,2070
3494,99,421,355
3495,1510,421,99
3496,302,872,2
3497,1657,1274,1952
3498,1129,1568,631
3499,1725,755,1774
3500,755,1725,631
3501,468,1847,1723
3502,698,1892,1470
3503,1847,698,1723
3504,698,1847,1892
3505,1864,1233,276
3506,140,1233,1864
3507,2205,232,971
3508,232,2205,889
3509,1328,1811,1566
3510,1811,1328,557
3511,1521,2171,1117
3512,2065,2171,1521
3513,2171,2011,1117
3514,2011,2171,1730
3515,2171,418,1730
3516,2171,2065,418
3517,1115,1850,420
3518,2103,1850,535
3519,420,1850,734
3520,1850,2103,734
3521,1882,659,72
3522,659,405,72
3523,1784,815,1882
3524,238,1246,535
3525,1850,238,535
3526,238,1850,1115
3527,1246,238,441
3528,124,1547,422
3529,124,1246,441
3530,177,124,422
3531,1246,124,177
3532,331,2078,900
3533,2078,331,1281
3534,990,331,900
3535,1098,331,990
3536,1281,331,1365
3537,331,1098,1365
3538,795,1385,1417
3539,1385,795,1198
3540,1385,6,1417
3541,6,1385,1257
3542,1385,1198,1257
3543,1104,561,416
3544,1686,561,1087
3545,416,561,1686
3546,561,1104,389
3547,471,393,473
3548,393,1104,1566
3549,393,1811,473
3550,1811,393,1566
3551,1690,1158,1399
3552,1158,1690,123
3553,1414,1444,1399
3554,1444,1690,1399
3555,1690,1444,583
3556,1113,1444,1414
3557,1104,498,389
3558,393,498,1104
3559,498,393,471
3560,913,1788,1414
3561,1414,1788,671
3562,675,1788,439
3563,1788,913,439
3564,1788,2166,671
3565,2166,1788,675
3566,1113,2077,389
3567,2077,561,389
3568,19,2077,671
3569,2077,1113,671
3570,2077,19,1087
3571,561,2077,1087
3572,2168,161,920
3573,2164,780,1045
3574,1178,1057,1587
3575,466,1178,1711
3576,1591,754,142
3577,754,1971,142
3578,138,1969,681
3579,754,138,1971
3580,872,2178,2
3581,466,1086,302
3582,302,1086,1957
3583,1086,1891,1957
3584,1086,466,1711
3585,560,1086,1711
3586,1086,560,1891
3587,2199,1008,95
3588,1479,715,1347
3589,715,1918,308
3590,1918,715,1479
3591,462,602,113
3592,602,1391,113
3593,1391,602,198
3594,198,22,1478
3595,22,462,333
3596,602,22,198
3597,22,602,462
3598,1683,335,868
3599,335,1683,1724
3600,1786,2205,1543
3601,889,1786,1411
3602,2205,1786,889
3603,371,1755,868
3604,1755,371,180
3605,371,1434,180
3606,371,1453,1434
3607,1434,1477,1108
3608,1453,1477,1434
3609,1621,1998,1345
3610,1998,1621,983
3611,1621,1345,2090
3612,1048,1621,2090
3613,1553,1621,1048
3614,983,1621,1553
3615,1977,879,143
3616,143,879,2193
3617,879,1284,2193
3618,879,637,1284
3619,2040,1977,1480
3620,1371,2040,248
3621,2040,1480,248
3622,2040,879,1977
3623,2040,1371,637
3624,879,2040,637
3625,67,2075,4
3626,67,761,2098
3627,67,2098,2149
3628,2075,67,2149
3629,67,4,241
3630,761,67,241
3631,220,39,1915
3632,1295,39,220
3633,39,1295,575
3634,39,575,1367
3635,39,1367,2150
3636,1915,39,2150
3637,851,658,1942
3638,658,851,186
3639,658,1727,1942
3640,1727,658,1334
3641,658,61,1334
3642,658,186,61
3643,385,849,325
3644,1479,2143,786
3645,1785,385,325
3646,385,1785,554
3647,1194,1646,875
3648,1194,875,424
3649,1126,1194,424
3650,401,1011,2177
3651,1008,401,2177
3652,1403,1286,1179
3653,1286,1458,1133
3654,1286,1403,1458
3655,838,2051,203
3656,1393,2051,1133
3657,2051,1393,203
3658,2051,1286,1133
3659,1688,1248,1289
3660,1232,1688,1289
3661,1688,1232,1263
3662,1688,1263,989
3663,2039,2170,139
3664,2170,2039,1689
3665,838,816,1289
3666,816,838,203
3667,1552,1333,646
3668,1333,1552,1816
3669,192,1144,1364
3670,192,611,1144
3671,611,90,2042
3672,192,90,611
3673,2039,1831,1689
3674,1099,569,753
3675,569,1099,733
3676,1099,1423,733
3677,1418,1070,1154
3678,1154,1070,84
3679,1070,2061,84
3680,2053,432,1179
3681,730,1901,2194
3682,730,2194,288
3683,1901,1584,1473
3684,1473,1584,23
3685,1584,409,23
3686,730,1584,1901
3687,409,1584,618
3688,1584,730,618
3689,1627,1224,1437
3690,1224,730,288
3691,1224,1627,618
3692,730,1224,618
3693,2157,1623,173
3694,1623,1241,1853
3695,173,1623,1853
3696,1857,661,774
3697,1857,774,940
3698,1857,2033,661
3699,2033,1857,410
3700,1857,940,68
3701,410,1857,68
3702,524,746,68
3703,746,1632,68
3704,2178,746,524
3705,746,2178,872
3706,92,326,817
3707,326,92,1957
3708,92,302,1957
3709,92,872,302
3710,1439,1557,895
3711,1557,1580,1209
3712,460,1580,1952
3713,1209,1580,1579
3714,1580,460,1579
3715,53,1657,2141
3716,1573,53,2141
3717,1657,1366,1274
3718,53,1366,1657
3719,458,1366,1482
3720,1366,53,1482
3721,2109,557,2190
3722,557,2109,895
3723,1176,1129,1638
3724,1176,1568,1129
3725,1033,1176,1638
3726,1054,1176,1033
3727,1049,1613,1774
3728,755,1049,1774
3729,2023,1568,1892
3730,1847,2023,1892
3731,1568,2023,631
3732,2023,755,631
3733,2181,929,1035
3734,929,416,1035
3735,929,1328,1566
3736,416,929,1566
3737,628,698,1470
3738,1979,628,1470
3739,698,1153,1723
3740,1153,628,165
3741,628,1153,698
3742,1979,343,1326
3743,343,1477,1326
3744,343,10,1108
3745,1477,343,1108
3746,633,1795,2022
3747,1795,1203,2022
3748,633,1277,165
3749,1447,2110,1503
3750,2110,764,1503
3751,764,2110,1083
3752,1812,1424,276
3753,1424,1812,534
3754,1866,75,620
3755,1812,75,1866
3756,1233,75,276
3757,75,1812,276
3758,1893,790,2114
3759,1893,1277,633
3760,1893,633,2022
3761,790,1893,2022
3762,1203,1063,2022
3763,1063,790,2022
3764,1557,1988,895
3765,1988,557,895
3766,1988,1811,557
3767,1988,1557,1209
3768,1988,1209,473
3769,1811,1988,473
3770,985,659,1882
3771,985,815,441
3772,815,985,1882
3773,659,985,1115
3774,238,985,441
3775,985,238,1115
3776,859,659,1115
3777,859,1115,420
3778,405,859,592
3779,659,859,405
3780,859,1841,592
3781,859,420,1841
3782,1747,815,1784
3783,1747,184,1554
3784,1747,1784,486
3785,184,1747,486
3786,1668,1690,583
3787,1668,179,373
3788,179,1668,583
3789,1690,1668,123
3790,1668,853,123
3791,853,1668,373
3792,1444,1610,583
3793,1610,1444,1113
3794,1610,1113,389
3795,498,1610,389
3796,670,1896,1587
3797,1057,670,1587
3798,2206,1178,1587
3799,1178,2206,1711
3800,407,28,1776
3801,28,2164,1776
3802,2152,1678,1490
3803,670,2152,1490
3804,2152,670,1057
3805,1678,848,1490
3806,848,98,1490
3807,98,848,458
3808,1270,138,754
3809,1270,754,1591
3810,1969,1270,326
3811,138,1270,1969
3812,782,1270,1591
3813,1270,782,326
3814,22,650,1478
3815,650,22,333
3816,1025,998,1
3817,1590,1168,307
3818,1168,1590,1478
3819,1280,1008,2177
3820,1008,1280,95
3821,1684,2199,95
3822,267,1684,95
3823,454,1222,1789
3824,454,1789,1776
3825,2164,454,1776
3826,454,2164,1045
3827,2155,454,1045
3828,454,2155,1222
3829,2155,1918,786
3830,1222,2155,786
3831,1222,191,1789
3832,191,1684,1789
3833,1684,191,2199
3834,2199,191,383
3835,156,2173,708
3836,2173,3,708
3837,54,1573,2141
3838,1439,54,2141
3839,2123,1724,2132
3840,2123,335,1724
3841,1411,2123,2132
3842,335,2123,894
3843,335,826,868
3844,826,371,868
3845,826,335,894
3846,826,894,1653
3847,1453,826,1653
3848,371,826,1453
3849,1079,1477,1453
3850,1079,1453,1653
3851,1203,1079,1653
3852,1477,1079,1326
3853,1079,1795,1326
3854,1795,1079,1203
3855,2143,1514,786
3856,1514,1222,786
3857,191,1514,383
3858,1514,191,1222
3859,758,778,325
3860,778,1785,325
3861,493,2143,554
3862,1785,493,554
3863,1514,493,383
3864,493,1514,2143
3865,2169,758,1646
3866,1194,2169,1646
3867,2051,544,1286
3868,1286,544,1179
3869,1248,544,838
3870,544,2051,838
3871,965,961,175
3872,961,1232,175
3873,2170,961,965
3874,961,2170,1689
3875,1263,961,1689
3876,1232,961,1263
3877,956,1688,989
3878,1688,956,1248
3879,956,989,733
3880,1423,956,733
3881,1608,2170,965
3882,1965,1608,965
3883,1608,661,139
3884,2170,1608,139
3885,661,1608,774
3886,1608,1965,774
3887,1965,738,774
3888,738,1965,2008
3889,774,738,940
3890,738,1697,940
3891,1697,738,1740
3892,738,2008,1740
3893,1457,816,1177
3894,816,1457,1289
3895,1457,1232,1289
3896,1232,1457,175
3897,816,1261,1177
3898,1261,1333,1177
3899,59,1261,203
3900,1261,816,203
3901,1261,59,646
3902,1333,1261,646
3903,1333,223,1177
3904,223,1333,1816
3905,1162,965,175
3906,1162,1965,965
3907,1965,1162,2008
3908,1162,1430,2008
3909,1614,1420,294
3910,1531,1420,1364
3911,1420,1531,898
3912,294,1420,898
3913,1545,1614,294
3914,1545,294,697
3915,569,1545,697
3916,1840,1614,798
3917,90,1840,798
3918,1840,90,192
3919,1840,1420,1614
3920,1840,192,1364
3921,1420,1840,1364
3922,1405,1831,2039
3923,1405,2039,355
3924,2042,1405,355
3925,1831,1405,798
3926,90,1405,2042
3927,1405,90,798
3928,558,1963,753
3929,1963,1099,753
3930,701,2053,1179
3931,2053,701,1423
3932,701,956,1423
3933,956,701,1248
3934,544,701,1179
3935,701,544,1248
3936,280,1418,432
3937,2053,280,432
3938,280,1070,1418
3939,1224,1618,1437
3940,1437,1618,254
3941,1865,1618,288
3942,1618,1224,288
3943,1618,2102,254
3944,2102,1618,1865
3945,1632,1005,924
3946,746,1005,1632
3947,924,1005,817
3948,1005,92,817
3949,1005,746,872
3950,92,1005,872
3951,1580,396,1952
3952,396,1580,1557
3953,396,1657,1952
3954,1657,396,2141
3955,396,1439,2141
3956,1439,396,1557
3957,1528,53,1573
3958,921,1528,1573
3959,1528,780,1482
3960,53,1528,1482
3961,1568,216,1892
3962,1176,216,1568
3963,1892,216,1470
3964,216,1176,1054
3965,876,1049,755
3966,876,1847,468
3967,2023,876,755
3968,876,2023,1847
3969,1049,1303,1613
3970,1613,1303,1143
3971,1143,1303,1035
3972,1303,2181,1035
3973,1674,1450,2181
3974,1450,929,2181
3975,1328,1450,2190
3976,929,1450,1328
3977,1153,1794,1723
3978,1161,343,1979
3979,1161,1979,1470
3980,10,1161,1054
3981,343,1161,10
3982,216,1161,1470
3983,1161,216,1054
3984,1464,1795,633
3985,1464,633,165
3986,1464,1979,1326
3987,1795,1464,1326
3988,628,1464,165
3989,1464,628,1979
3990,764,102,1342
3991,102,764,1083
3992,1376,2110,1447
3993,1376,2109,2190
3994,2109,1376,1447
3995,27,647,849
3996,385,27,849
3997,1352,1233,140
3998,1352,27,1322
3999,647,1352,140
4000,27,1352,647
4001,2143,272,554
4002,272,1479,1347
4003,272,2143,1479
4004,534,2085,70
4005,1812,2085,534
4006,2085,971,70
4007,2085,1812,1866
4008,2172,1893,2114
4009,1893,2172,1277
4010,102,2172,1342
4011,2172,102,1277
4012,894,1698,1653
4013,1698,1203,1653
4014,1698,1063,1203
4015,1955,776,960
4016,667,1955,960
4017,790,1955,2114
4018,1955,667,2114
4019,1698,1771,1063
4020,1771,1786,1543
4021,1063,1702,790
4022,1702,1955,790
4023,1955,1702,776
4024,1771,1702,1063
4025,776,1702,1543
4026,1702,1771,1543
4027,1593,776,1543
4028,1593,2205,971
4029,2205,1593,1543
4030,1256,2128,1589
4031,1116,1747,1554
4032,1747,1116,815
4033,1547,1116,1554
4034,124,1116,1547
4035,815,1116,441
4036,1116,124,441
4037,1317,1486,179
4038,1486,265,323
4039,373,1486,323
4040,179,1486,373
4041,1650,1317,179
4042,1650,179,583
4043,1610,1650,583
4044,1317,1650,471
4045,1650,498,471
4046,1650,1610,498
4047,1149,1317,471
4048,1149,471,473
4049,1209,1149,473
4050,1149,1209,1579
4051,670,2192,1896
4052,1896,2192,407
4053,98,2192,1490
4054,2192,670,1490
4055,2192,28,407
4056,28,2192,98
4057,339,560,1711
4058,2206,339,1711
4059,28,766,2164
4060,780,766,1482
4061,2164,766,780
4062,766,28,98
4063,766,458,1482
4064,766,98,458
4065,1448,736,920
4066,1946,1448,920
4067,1623,1946,1241
4068,1946,161,1241
4069,161,1946,920
4070,1012,1623,2157
4071,1012,2157,450
4072,1012,1946,1623
4073,1946,1012,1448
4074,2160,1012,450
4075,1448,1012,2160
4076,2076,2152,1057
4077,1252,848,1678
4078,1252,1448,2160
4079,736,1252,1678
4080,1252,736,1448
4081,832,333,1
4082,998,832,1
4083,756,998,1025
4084,1891,1941,681
4085,560,1941,1891
4086,8,32,357
4087,756,8,998
4088,380,514,856
4089,32,514,357
4090,644,380,672
4091,1050,1280,672
4092,1050,712,267
4093,1050,267,95
4094,1280,1050,95
4095,1168,240,307
4096,240,2177,307
4097,240,1280,2177
4098,644,240,1168
4099,1280,240,672
4100,240,644,672
4101,114,1684,267
4102,114,407,1776
4103,1789,114,1776
4104,1684,114,1789
4105,339,2058,856
4106,2058,339,2206
4107,606,1896,407
4108,114,606,407
4109,712,606,267
4110,606,114,267
4111,2173,1321,3
4112,3,1321,1342
4113,1321,764,1342
4114,764,1321,1503
4115,780,615,1045
4116,1528,615,780
4117,615,1528,921
4118,1990,2173,156
4119,1201,1447,1503
4120,1964,54,1439
4121,1964,1439,895
4122,2109,1964,895
4123,1964,1201,54
4124,1964,2109,1447
4125,1201,1964,1447
4126,2191,1996,1526
4127,12,401,1008
4128,12,2199,383
4129,2199,12,1008
4130,778,1800,1785
4131,1800,493,1785
4132,493,1800,383
4133,1800,12,383
4134,1996,933,1155
4135,933,1126,1155
4136,2191,933,1996
4137,933,2191,2169
4138,933,1194,1126
4139,933,2169,1194
4140,223,281,1430
4141,161,281,1241
4142,1241,281,1816
4143,281,223,1816
4144,1457,1324,175
4145,1324,1162,175
4146,1324,1457,1177
4147,223,1324,1177
4148,1324,223,1430
4149,1162,1324,1430
4150,1545,833,1614
4151,1614,833,798
4152,833,1831,798
4153,1809,1963,558
4154,1809,558,2014
4155,814,1809,2014
4156,2061,1809,814
4157,280,613,1070
4158,1809,613,1963
4159,1070,613,2061
4160,613,1809,2061
4161,732,2053,1423
4162,732,280,2053
4163,1099,732,1423
4164,1963,732,1099
4165,613,732,1963
4166,732,613,280
4167,641,3,1342
4168,2172,641,1342
4169,667,641,2114
4170,641,2172,2114
4171,876,1715,1049
4172,1715,1303,1049
4173,1674,1715,468
4174,1715,876,468
4175,1715,1674,2181
4176,1303,1715,2181
4177,102,153,1277
4178,153,1153,165
4179,1277,153,165
4180,153,102,1083
4181,1794,153,1083
4182,153,1794,1153
4183,1376,694,2110
4184,2110,694,1083
4185,694,1794,1083
4186,1692,1352,1322
4187,1352,1692,1233
4188,75,1692,620
4189,1692,75,1233
4190,1658,27,385
4191,27,1658,1322
4192,1658,385,554
4193,272,1658,554
4194,1701,1698,894
4195,2123,1701,894
4196,1771,1701,1786
4197,1701,1771,1698
4198,1786,1701,1411
4199,1701,2123,1411
4200,600,100,708
4201,100,156,708
4202,156,100,308
4203,100,715,308
4204,715,605,1347
4205,605,600,1589
4206,100,605,715
4207,605,100,600
4208,577,1256,1589
4209,600,577,1589
4210,577,667,960
4211,1256,577,960
4212,1593,181,776
4213,776,181,960
4214,181,1256,960
4215,2128,1640,1589
4216,605,1640,1347
4217,1640,605,1589
4218,329,1486,1317
4219,1149,329,1317
4220,265,329,1995
4221,1486,329,265
4222,329,1579,1995
4223,329,1149,1579
4224,339,1878,560
4225,1878,1941,560
4226,1941,1878,32
4227,1878,514,32
4228,1878,339,856
4229,514,1878,856
4230,2178,891,2
4231,1250,2076,1057
4232,1178,1250,1057
4233,1250,1178,466
4234,1250,891,2076
4235,1250,466,2
4236,891,1250,2
4237,1577,2168,920
4238,736,1577,920
4239,435,736,1678
4240,2152,435,1678
4241,2076,435,2152
4242,435,1577,736
4243,1869,1252,2160
4244,1252,1869,848
4245,1869,2160,1274
4246,848,1869,458
4247,1366,1869,1274
4248,1869,1366,458
4249,196,832,998
4250,196,8,357
4251,8,196,998
4252,1978,756,1025
4253,1978,138,681
4254,1978,1025,1971
4255,138,1978,1971
4256,345,8,756
4257,1941,345,681
4258,345,1941,32
4259,8,345,32
4260,345,1978,681
4261,1978,345,756
4262,514,1854,357
4263,1854,514,380
4264,644,1854,380
4265,218,1050,672
4266,1050,218,712
4267,380,218,672
4268,218,2058,712
4269,218,380,856
4270,2058,218,856
4271,2058,1082,712
4272,606,1082,1896
4273,1082,606,712
4274,1082,2058,2206
4275,1896,1082,1587
4276,1082,2206,1587
4277,967,2155,1045
4278,615,967,1045
4279,1918,967,308
4280,2155,967,1918
4281,341,1201,1503
4282,1990,341,2173
4283,1321,341,1503
4284,341,1321,2173
4285,54,1282,1573
4286,1201,1282,54
4287,1282,921,1573
4288,1282,1990,921
4289,1282,341,1990
4290,341,1282,1201
4291,154,2191,1526
4292,1011,154,1526
4293,401,154,1011
4294,2169,975,758
4295,2191,975,2169
4296,975,778,758
4297,154,975,2191
4298,1430,1916,2008
4299,281,1916,1430
4300,2008,1916,1740
4301,1916,2168,1740
4302,1916,161,2168
4303,1916,281,161
4304,833,806,1831
4305,1263,806,989
4306,806,1263,1689
4307,1831,806,1689
4308,886,1545,569
4309,886,833,1545
4310,886,569,733
4311,989,886,733
4312,806,886,989
4313,886,806,833
4314,830,694,1376
4315,830,1450,1674
4316,1450,830,2190
4317,830,1376,2190
4318,694,630,1794
4319,630,468,1723
4320,1794,630,1723
4321,830,630,694
4322,630,1674,468
4323,630,830,1674
4324,553,1692,1322
4325,553,1640,2128
4326,553,2128,620
4327,1692,553,620
4328,62,577,600
4329,62,600,708
4330,62,641,667
4331,577,62,667
4332,3,62,708
4333,641,62,3
4334,747,181,1593
4335,747,1593,971
4336,2085,747,971
4337,747,2085,1866
4338,1887,1866,620
4339,2128,1887,620
4340,1887,747,1866
4341,747,1887,181
4342,1887,2128,1256
4343,181,1887,1256
4344,1658,1398,1322
4345,1398,553,1322
4346,553,1398,1640
4347,1398,1658,272
4348,1398,272,1347
4349,1640,1398,1347
4350,210,891,2178
4351,1697,210,524
4352,210,2178,524
4353,891,1596,2076
4354,1596,435,2076
4355,435,1596,1577
4356,210,1596,891
4357,196,236,832
4358,236,650,333
4359,832,236,333
4360,950,1854,644
4361,650,950,1478
4362,950,1168,1478
4363,950,644,1168
4364,1662,615,921
4365,1662,967,615
4366,1990,1662,921
4367,1662,1990,156
4368,1662,156,308
4369,967,1662,308
4370,975,805,778
4371,805,975,154
4372,805,1800,778
4373,1800,805,12
4374,12,805,401
4375,805,154,401
4376,828,1596,210
4377,2168,828,1740
4378,1577,828,2168
4379,1596,828,1577
4380,828,1697,1740
4381,828,210,1697
4382,950,1706,1854
4383,1854,1706,357
4384,236,1706,650
4385,1706,950,650
4386,1706,196,357
4387,1706,236,196
