sample_id,regime,coexact_energy_median,coexact_energy_mean,coexact_energy_std,exact_energy_node_median,exact_energy_node_mean,exact_energy_node_std,coexact_exact_ratio_median,coexact_exact_ratio_mean,coexact_exact_ratio_std,graph_curvature_median,graph_curvature_mean,graph_curvature_std,bilaplacian_mag_median,bilaplacian_mag_mean,bilaplacian_mag_std,nonlin_grad_energy_median,nonlin_grad_energy_mean,nonlin_grad_energy_std
GSM8557976,bulk_like,0.006944,0.007136,0.003904,0.011506,0.022229,0.028402,0.642843,1002354876.11438,2787302547.49136,0.002391,0.004144,0.005516,0.001286,0.004397,0.014373,1.6e-05,0.000323,0.001277
GSM8557976,immune_like,0.021709,0.067402,0.154831,0.02328,0.070659,0.132864,1.116075,16255902173.593407,101019129125.34265,0.010266,0.142377,0.547244,0.014553,0.582773,2.301631,0.000107,0.013386,0.072144
GSM8557976,interface_adjacent,0.029597,0.041726,0.041081,0.026818,0.042742,0.051111,1.040107,5108396424.013199,15934386114.594896,0.009242,0.036704,0.07955,0.010759,0.083794,0.249274,0.000185,0.001206,0.0026
GSM8557976,interface_like,0.035916,0.173627,0.563068,0.01538,0.194286,0.855329,2.205523,21790987743.549824,231802350551.01736,0.024073,0.575646,3.803858,0.035692,7.107571,62.900645,0.00059,0.152856,1.081689
GSM8557976,other,0.004597,0.015716,0.042945,0.005953,0.015815,0.041928,0.907772,1960823580.785672,12758142685.863056,0.001548,0.017863,0.089174,0.000881,0.05106,0.432625,9e-06,0.002069,0.021889
GSM8557977,bulk_like,0.010472,0.01064,0.002651,0.010504,0.040208,0.080662,1.11213,1.63542,1.982676,0.0055,0.008261,0.007135,0.002891,0.004272,0.004468,6e-05,0.000471,0.001033
GSM8557977,immune_like,0.011126,0.022453,0.032326,0.011543,0.040735,0.081683,1.039203,4464158107.855866,17195521877.851864,0.003245,0.016777,0.040012,0.003017,0.027208,0.066237,2.6e-05,0.000511,0.001935
GSM8557977,interface_adjacent,0.049178,0.124123,0.217431,0.009554,0.0708,0.165831,7.443184,4167881533.607076,15209087101.407179,0.025475,0.171475,0.406326,0.069221,0.524177,1.48316,0.0005,0.036503,0.139197
GSM8557977,interface_like,0.041478,0.112443,0.259901,0.010883,0.18327,0.99276,2.992752,17177450604.207375,101568540958.08125,0.027702,0.217041,1.126915,0.049351,1.503273,10.700897,0.000619,0.036338,0.313019
GSM8557977,other,0.00495,0.011659,0.024821,0.006316,0.012708,0.018386,0.973214,1250749956.037381,4788385125.024958,0.001676,0.012355,0.045618,0.001106,0.022312,0.17151,1.7e-05,0.001228,0.008455
GSM8557978,bulk_like,0.005108,0.006168,0.003115,0.007537,0.020241,0.038756,0.78625,904434969.325008,2304221542.961894,0.00306,0.008014,0.015653,0.002023,0.008615,0.020017,1.8e-05,0.007974,0.051493
GSM8557978,immune_like,0.016837,0.028201,0.039123,0.022664,0.051996,0.132543,0.863271,3126956031.167432,11630695691.576097,0.004564,0.033811,0.093748,0.005639,0.073926,0.221309,7.4e-05,0.006629,0.024859
GSM8557978,interface_adjacent,0.028243,0.06308,0.090284,0.016373,0.078426,0.265563,1.846531,10957084406.582739,46629265728.025475,0.020382,0.063791,0.107977,0.024238,0.174124,0.346389,0.000215,0.00519,0.015764
GSM8557978,interface_like,0.060274,0.219645,0.538814,0.018447,0.410812,1.950565,2.420051,32095197982.055847,198409805324.6228,0.060023,0.660059,3.131858,0.105097,6.139353,48.075005,0.001841,0.161785,1.021861
GSM8557978,other,0.003292,0.008975,0.023354,0.008438,0.014538,0.026006,0.562154,1205192299.966971,6184621752.726032,0.00067,0.008792,0.036004,0.000298,0.015038,0.073523,3e-06,0.001092,0.012071
GSM8557979,bulk_like,0.004266,0.004564,0.002143,0.00711,0.013703,0.020324,0.67896,588682954.551375,1707698769.673293,0.001299,0.00223,0.002499,0.000454,0.001131,0.001649,1.3e-05,9.9e-05,0.000203
GSM8557979,immune_like,0.008297,0.022011,0.053125,0.007044,0.037553,0.124614,1.265451,2502412235.191608,13180311965.328209,0.0022,0.029466,0.136066,0.001583,0.101138,0.639877,1.9e-05,0.001191,0.007187
GSM8557979,interface_adjacent,0.018548,0.02704,0.023324,0.009544,0.019976,0.030011,2.359523,4108843279.334082,13055329497.798729,0.004244,0.016763,0.038198,0.004491,0.030292,0.09263,8.4e-05,0.001675,0.011302
GSM8557979,interface_like,0.017465,0.058495,0.216231,0.004902,0.071962,0.496054,2.925334,8405632745.612339,89419663470.7351,0.007357,0.115953,1.017256,0.006968,0.939795,12.386703,0.00013,0.019346,0.23346
GSM8557979,other,0.003348,0.007441,0.012816,0.003461,0.007364,0.011939,1.156162,1219234302.188754,5829743826.060376,0.000947,0.003874,0.01272,0.000435,0.006553,0.040926,8e-06,0.000182,0.001041
GSM8557980,bulk_like,0.001476,0.002278,0.002151,0.003238,0.009628,0.018742,0.679056,450486551.352914,1470485117.409522,0.000508,0.002006,0.003828,0.00034,0.000958,0.001616,2e-06,0.000108,0.000377
GSM8557980,immune_like,0.010455,0.039711,0.084166,0.005715,0.050396,0.156373,1.480708,5224848270.416557,34892769829.02658,0.005618,0.052329,0.220853,0.004834,0.18947,1.334107,6e-05,0.00626,0.070642
GSM8557980,interface_adjacent,0.012011,0.012665,0.004078,0.014165,0.014363,0.014734,0.988188,4003822884.347526,6214501679.690273,0.009728,0.016717,0.02102,0.004077,0.005861,0.005668,1.4e-05,0.001166,0.002402
GSM8557980,interface_like,0.013885,0.054935,0.17142,0.008469,0.084805,0.385801,1.55891,7437896469.171317,49486641032.207405,0.007231,0.104516,0.74128,0.007201,0.586412,6.332509,9.5e-05,0.01584,0.215938
GSM8557980,other,0.002757,0.013191,0.034733,0.003465,0.013167,0.038494,0.841812,1450871991.820056,8340914938.475331,0.000986,0.01344,0.045779,0.000576,0.0345,0.172135,5e-06,0.001064,0.005527
GSM8557981,bulk_like,0.004577,0.005211,0.003377,0.010908,0.014485,0.015901,0.475548,665612990.845384,2043663416.073885,0.001095,0.002081,0.003899,0.000597,0.001348,0.002507,1.1e-05,8.4e-05,0.000509
GSM8557981,immune_like,0.02854,0.259033,0.762206,0.012928,0.302277,1.201575,1.995336,46304874987.9421,506230913660.1679,0.015127,0.982121,4.206661,0.01913,9.034816,51.638855,0.000294,0.169523,0.713288
GSM8557981,interface_adjacent,0.019267,0.029353,0.021985,0.014628,0.031621,0.038612,3.384453,1536060568.41933,4551758665.324488,0.010248,0.027202,0.040834,0.00706,0.033434,0.070886,0.000132,0.001985,0.005267
GSM8557981,interface_like,0.026628,0.084096,0.196676,0.01154,0.087313,0.325415,2.028374,14667615803.720104,113437116744.24109,0.012201,0.16622,0.844198,0.013991,1.148311,8.908818,0.000269,0.031745,0.246193
GSM8557981,other,0.004719,0.017786,0.053299,0.006352,0.018464,0.054086,0.895384,2162748615.92125,12322931075.106552,0.001301,0.025003,0.210539,0.000637,0.130819,1.292175,1.1e-05,0.003042,0.031894
GSM8557982,bulk_like,0.004879,0.005683,0.004137,0.012211,0.029032,0.093074,0.459049,761819328.866687,2530161033.785296,0.00129,0.00305,0.004068,0.000577,0.001846,0.003025,1.2e-05,0.000143,0.000529
GSM8557982,immune_like,0.028466,0.086976,0.235337,0.021261,0.082695,0.176373,1.44529,13253108305.515238,99764000409.64813,0.0141,0.179064,0.798457,0.017234,1.091863,6.068918,0.000252,0.03698,0.181547
GSM8557982,interface_adjacent,0.02533,0.038355,0.046128,0.028437,0.057612,0.103121,1.213304,3580864632.011756,11381995693.54975,0.008398,0.030635,0.076471,0.010569,0.057104,0.186595,9.1e-05,0.003255,0.012968
GSM8557982,interface_like,0.044946,0.115639,0.222155,0.024601,0.136903,0.44241,1.661878,14700160559.783125,70924481663.0582,0.031335,0.191208,0.650599,0.04809,0.912547,4.455107,0.000865,0.025741,0.121772
GSM8557982,other,0.005367,0.01618,0.069363,0.008786,0.02431,0.056871,0.736666,3143266637.525896,52756970965.32766,0.001539,0.022398,0.232627,0.000784,0.096013,1.593287,1.2e-05,0.002894,0.029466
GSM8557983,bulk_like,0.006912,0.007725,0.005186,0.017915,0.031028,0.044176,0.306914,1502405807.175831,3448135510.174082,0.003573,0.006048,0.007844,0.001868,0.005343,0.009612,2.7e-05,0.000195,0.000586
GSM8557983,immune_like,0.050492,0.109822,0.163804,0.054852,0.177562,0.37211,0.924534,19857591987.124138,73927555591.83188,0.036023,0.120077,0.245315,0.051813,0.395203,0.995584,0.000902,0.014125,0.048203
GSM8557983,interface_adjacent,0.036875,0.053544,0.044299,0.022232,0.050868,0.089995,1.870535,7841878885.616654,18112506547.464794,0.009745,0.045785,0.112562,0.013028,0.125632,0.446209,0.000421,0.004664,0.018607
GSM8557983,interface_like,0.037125,0.0945,0.189265,0.025204,0.125737,0.374075,1.521368,13383689407.04844,70351272230.67838,0.02564,0.130299,0.499853,0.034706,0.630412,3.894922,0.00055,0.018436,0.106783
GSM8557983,other,0.00866,0.022505,0.050414,0.013641,0.036602,0.065612,0.656521,3051049394.220332,22050132229.4105,0.003335,0.018081,0.095334,0.002121,0.045038,0.464637,4.1e-05,0.0014,0.012334
GSM8557984,bulk_like,0.005752,0.006644,0.004675,0.007254,0.018481,0.028912,0.692569,1427578350.258421,4304810991.182845,0.001914,0.003713,0.004462,0.000831,0.003308,0.005443,8e-06,0.000107,0.000221
GSM8557984,immune_like,0.055264,0.11221,0.16329,0.078886,0.233127,0.386959,0.867852,20257715013.02357,82233451604.27159,0.038084,0.121362,0.264117,0.059008,0.385434,1.016013,0.000877,0.008673,0.026672
GSM8557984,interface_adjacent,0.046264,0.055769,0.032412,0.016015,0.130576,0.268318,3.178655,4318318888.097332,13241069922.254658,0.02149,0.034493,0.042725,0.018675,0.051444,0.070704,0.000333,0.001307,0.002634
GSM8557984,interface_like,0.023303,0.055615,0.128733,0.019485,0.065169,0.171874,1.430681,7426259636.611549,40026497222.54474,0.011809,0.087186,0.425845,0.013233,0.409219,2.830001,0.000274,0.011074,0.089371
GSM8557984,other,0.011017,0.028306,0.069137,0.009844,0.042734,0.120221,1.347445,3575522373.384316,14221552374.502184,0.005166,0.021761,0.068942,0.003593,0.071773,0.673851,7.5e-05,0.002869,0.037431
GSM8557985,bulk_like,0.007641,0.008237,0.00366,0.01455,0.027769,0.038948,0.450164,2083137132.289493,4425198029.192113,0.0048,0.008298,0.011811,0.002434,0.012085,0.02997,2.9e-05,0.000493,0.001294
GSM8557985,immune_like,0.019653,0.043681,0.07231,0.020371,0.057283,0.10162,1.055209,7999329776.9548,42477068133.43225,0.006533,0.035442,0.107455,0.00614,0.101327,0.648826,9.7e-05,0.003206,0.021528
GSM8557985,interface_adjacent,0.028797,0.052035,0.059273,0.023305,0.087994,0.190552,1.511461,6326720534.114758,20338321720.479134,0.011986,0.045112,0.099338,0.018956,0.154486,0.464517,0.000269,0.002337,0.00711
GSM8557985,interface_like,0.041862,0.107717,0.30661,0.023431,0.152013,0.659125,1.714882,13454712730.23675,89229982201.11916,0.025252,0.221485,1.640231,0.03642,1.791199,22.003411,0.000595,0.046752,0.661009
GSM8557985,other,0.004423,0.013012,0.037663,0.005623,0.014984,0.032258,0.932126,1672872536.537761,9689244449.770185,0.001417,0.018593,0.178888,0.000686,0.088178,1.434257,1.1e-05,0.004222,0.080884
GSM8557986,bulk_like,0.010049,0.009028,0.003536,0.007765,0.043868,0.103524,0.74834,1654934276.335922,3867509533.492165,0.003257,0.005977,0.007225,0.002808,0.004799,0.005436,2.8e-05,0.000281,0.000492
GSM8557986,immune_like,0.017446,0.072901,0.196678,0.018621,0.076439,0.150137,1.269012,16607938169.068462,119015127008.52815,0.009722,0.092849,0.32238,0.008461,0.552146,2.838928,5.7e-05,0.013682,0.073802
GSM8557986,interface_adjacent,0.029333,0.033694,0.021021,0.022624,0.031185,0.033442,1.212384,2552658135.360729,7718801767.611069,0.012752,0.017742,0.018391,0.015047,0.025253,0.032899,0.000172,0.00053,0.000754
GSM8557986,interface_like,0.050301,0.139826,0.409406,0.030167,0.174501,0.634976,1.760179,17262384429.906506,96478248386.84697,0.035483,0.318043,1.976102,0.051396,2.479472,23.221022,0.001116,0.080526,0.703713
GSM8557986,other,0.002292,0.010038,0.025233,0.007169,0.014103,0.020796,0.607676,1811339839.465121,14950127935.60874,0.000486,0.007667,0.032337,0.000241,0.017549,0.127081,1e-06,0.000375,0.002245
GSM8557987,bulk_like,0.002782,0.00351,0.003071,0.007346,0.015052,0.01679,0.420091,81297001.965545,189892783.227058,0.000333,0.000664,0.000792,8.3e-05,0.000458,0.000659,5e-06,2.9e-05,5.3e-05
GSM8557987,immune_like,0.03529,0.06677,0.076593,0.007394,0.040622,0.059918,1.958393,13017575253.415945,48193483429.83583,0.025242,0.054122,0.07949,0.034566,0.121123,0.215499,0.000392,0.00324,0.00635
GSM8557987,interface_adjacent,0.018212,0.027692,0.029015,0.032921,0.048202,0.068255,0.845224,10036777963.791058,33288226604.233402,0.004482,0.02444,0.046531,0.002894,0.017669,0.031782,7.3e-05,0.004099,0.013153
GSM8557987,interface_like,0.025015,0.05353,0.109798,0.034291,0.098863,0.177668,0.798457,6055621257.430796,33690006297.318035,0.012051,0.076374,0.347902,0.01205,0.381431,2.381473,0.000228,0.007748,0.067965
GSM8557987,other,0.002784,0.008522,0.018399,0.007387,0.01799,0.029594,0.474776,1767955721.761424,9680143412.353142,0.000675,0.004845,0.015091,0.000276,0.009194,0.040224,3e-06,0.000185,0.000705
GSM8557997,bulk_like,0.006763,0.008057,0.005147,0.021769,0.030417,0.032171,0.321817,1180434173.793701,3420189479.740692,0.0023,0.004235,0.006308,0.001247,0.003062,0.005435,2.3e-05,0.000177,0.000755
GSM8557997,immune_like,0.052899,0.122364,0.196453,0.061253,0.20762,0.424909,1.031158,11565808455.008554,41540293361.40794,0.045149,0.162796,0.37428,0.058643,0.795927,3.179158,0.000951,0.02044,0.073995
GSM8557997,interface_adjacent,0.036839,0.047157,0.039054,0.039081,0.056266,0.061535,0.983518,8337283649.500352,26145620128.23696,0.015458,0.035655,0.067104,0.021346,0.074776,0.211597,0.000317,0.001665,0.003883
GSM8557997,interface_like,0.052579,0.13293,0.238549,0.028681,0.176973,0.647377,1.724999,18409668870.3782,104129049978.74345,0.038535,0.212855,0.690805,0.068339,1.094565,5.156594,0.000963,0.027643,0.133887
GSM8557997,other,0.010404,0.023123,0.048605,0.01584,0.034704,0.101266,0.818173,2952332209.699464,11848607597.860579,0.00344,0.016549,0.052497,0.002385,0.036201,0.196217,4.3e-05,0.001496,0.009549
GSM8557998,bulk_like,0.004811,0.004077,0.002549,0.006337,0.009779,0.01118,0.460047,650481808.988415,1637234762.810585,0.001222,0.002163,0.002331,0.00068,0.00126,0.001625,9e-06,9.7e-05,0.000218
GSM8557998,immune_like,0.015301,0.031874,0.051346,0.015245,0.054901,0.096438,1.432473,4867031250.831914,20738527971.159786,0.005292,0.03059,0.0982,0.002875,0.09729,0.516581,3.6e-05,0.001598,0.008156
GSM8557998,interface_adjacent,0.016346,0.019179,0.010176,0.020997,0.030488,0.026441,0.780092,2229545746.243427,5968709160.926772,0.005594,0.007459,0.006946,0.003712,0.008472,0.010059,0.000147,0.000167,0.00018
GSM8557998,interface_like,0.018893,0.168364,0.957796,0.01702,0.300402,2.660727,1.004211,25698272808.36555,295647217383.4515,0.008947,0.860899,6.60998,0.008346,11.856222,122.431657,0.000145,0.356946,4.150613
GSM8557998,other,0.001837,0.007171,0.017967,0.004693,0.015171,0.031238,0.515705,1107697001.70294,8343386563.058375,0.000391,0.003654,0.013554,0.000125,0.005579,0.031166,1e-06,0.000195,0.001389
GSM8557999,bulk_like,0.001966,0.002239,0.001246,0.010812,0.019201,0.034607,0.166579,358088104.442254,959612835.333517,0.000484,0.000957,0.001382,0.000131,0.00039,0.001006,3e-06,2.8e-05,8.1e-05
GSM8557999,immune_like,0.014585,0.034858,0.055147,0.025657,0.129902,0.435908,0.524708,4725495873.916626,22995402335.690926,0.004485,0.027964,0.063398,0.003456,0.06064,0.179999,4.8e-05,0.001944,0.007055
GSM8557999,interface_adjacent,0.011012,0.019043,0.021423,0.022296,0.044505,0.060536,0.596484,1632473599.95798,5662978630.709252,0.002973,0.009434,0.018193,0.002144,0.012101,0.031526,4.9e-05,0.000403,0.002034
GSM8557999,interface_like,0.020455,0.069019,0.173921,0.023819,0.229475,0.870755,0.780716,8991603868.274681,60753804547.635605,0.009745,0.104621,0.682596,0.010307,0.673102,7.953295,0.000173,0.013412,0.143228
GSM8557999,other,0.002038,0.00457,0.009389,0.005258,0.009846,0.014203,0.430701,768219173.391792,4775780950.23593,0.000315,0.001512,0.006248,9.5e-05,0.001776,0.012366,2e-06,4.3e-05,0.000326
GSM8558000,bulk_like,0.007398,0.007438,0.003973,0.023914,0.042757,0.065037,0.258344,670762841.041811,2411973261.811664,0.002937,0.006148,0.006971,0.001808,0.006043,0.010906,3.5e-05,0.000575,0.001977
GSM8558000,immune_like,0.027375,0.074986,0.22486,0.023436,0.084667,0.255456,1.243525,4339953125.999882,20147335118.709194,0.013554,0.160196,1.215101,0.013792,1.080587,11.614093,0.000308,0.031531,0.359346
GSM8558000,interface_adjacent,0.030267,0.051874,0.088058,0.053146,0.104111,0.159522,0.729681,7828292983.672556,29985606076.777344,0.016926,0.051722,0.190801,0.024789,0.155397,0.71681,0.000327,0.004429,0.026102
GSM8558000,interface_like,0.046472,0.115221,0.24214,0.034879,0.181819,0.673679,1.328307,16377341314.832945,88857679237.95468,0.027667,0.19465,0.754105,0.039946,1.120273,5.919312,0.000749,0.027615,0.135637
GSM8558000,other,0.002969,0.011254,0.029619,0.007075,0.017463,0.034623,0.513745,1314850701.687457,6419571340.904918,0.000658,0.014075,0.079707,0.00032,0.039581,0.311828,2e-06,0.002249,0.024942
GSM8558001,bulk_like,0.006341,0.006233,0.003037,0.011827,0.036307,0.070523,0.571577,853899433.209991,2692785711.232404,0.003809,0.005319,0.005733,0.001964,0.002519,0.002769,1.7e-05,0.000501,0.001219
GSM8558001,immune_like,0.011973,0.024646,0.036836,0.013033,0.034218,0.052988,1.299586,3570121848.791582,24691129513.43744,0.00342,0.018402,0.062845,0.002316,0.03827,0.166156,4.6e-05,0.001954,0.016235
GSM8558001,interface_adjacent,0.025582,0.038109,0.028348,0.027204,0.045355,0.044518,0.901242,2416119418.81114,10063627702.75017,0.011464,0.028397,0.037953,0.012726,0.046186,0.081585,0.000374,0.001812,0.004243
GSM8558001,interface_like,0.032598,0.108253,0.594598,0.014325,0.20007,1.436279,2.069732,12126287148.607374,64597635655.42467,0.019828,0.538863,6.606094,0.02668,8.700536,126.643199,0.000442,0.24162,3.717694
GSM8558001,other,0.0035,0.009886,0.024474,0.00488,0.011982,0.023349,0.931678,1372476454.026972,7846085010.432173,0.001041,0.007612,0.038793,0.00051,0.013639,0.141575,6e-06,0.00061,0.004914
GSM8558002,bulk_like,0.003937,0.004252,0.002498,0.011908,0.0194,0.035037,0.390117,625966359.476396,1604646218.56032,0.001346,0.003489,0.005881,0.000547,0.001917,0.004739,1.1e-05,0.000279,0.00114
GSM8558002,immune_like,0.013915,0.025684,0.040527,0.012203,0.038846,0.067738,1.269929,2516948248.081904,16395078624.89224,0.00436,0.029068,0.110643,0.00335,0.089259,0.450994,4.8e-05,0.004381,0.031136
GSM8558002,interface_adjacent,0.019993,0.02806,0.021123,0.025134,0.065437,0.115393,1.264877,3383312499.766802,9115727820.706804,0.008039,0.023337,0.045807,0.006295,0.0334,0.063748,8.2e-05,0.00257,0.01374
GSM8558002,interface_like,0.031175,0.080629,0.179966,0.018735,0.154518,0.486602,1.468252,12586742939.130964,71750467343.71295,0.019221,0.1234,0.498808,0.022736,0.542515,2.856462,0.000448,0.019081,0.127517
GSM8558002,other,0.002474,0.00845,0.024763,0.004641,0.012989,0.0368,0.680446,1036611461.885462,6165203409.30711,0.000669,0.006324,0.041267,0.000267,0.014989,0.185948,4e-06,0.000376,0.004313
GSM8558003,bulk_like,0.006649,0.007218,0.003804,0.01308,0.021205,0.038459,0.43392,957964706.577564,2661742649.918056,0.003054,0.004078,0.004309,0.001231,0.003853,0.006056,4.7e-05,0.000191,0.000403
GSM8558003,immune_like,0.016778,0.029391,0.045366,0.012462,0.036114,0.071223,1.160058,4760411682.989156,33358348607.486046,0.004292,0.020567,0.079836,0.003657,0.047816,0.298659,8.1e-05,0.001309,0.006908
GSM8558003,interface_adjacent,0.031689,0.049546,0.043259,0.018167,0.049993,0.087902,1.852934,6667395130.747393,19460341667.599552,0.010879,0.031935,0.052801,0.014253,0.062226,0.139564,0.000258,0.001644,0.003727
GSM8558003,interface_like,0.032392,0.09948,0.754587,0.010064,0.126177,2.15855,2.825169,14295341872.780535,166503860422.92166,0.016867,0.573884,11.212733,0.021749,13.202118,322.818172,0.000403,0.359918,8.030167
GSM8558003,other,0.006718,0.012979,0.019701,0.005667,0.012972,0.021263,1.276846,1655368502.64648,6687098865.174752,0.002386,0.009946,0.037842,0.00137,0.021933,0.16623,2.7e-05,0.000518,0.003064
GSM8558004,bulk_like,0.004008,0.00374,0.001935,0.006426,0.009317,0.007765,0.438631,0.549712,0.298237,0.005245,0.01131,0.015195,0.001068,0.010635,0.023852,0.00011,0.000815,0.001323
GSM8558004,immune_like,0.007092,0.021583,0.041578,0.013976,0.034132,0.048668,0.92616,1537121435.361488,5955215396.580826,0.001476,0.024317,0.116464,0.001056,0.143293,0.915356,1.4e-05,0.00668,0.071772
GSM8558004,interface_adjacent,0.033205,0.051883,0.050659,0.028241,0.06372,0.099052,0.964491,6189359479.52961,22126717432.410786,0.018615,0.081422,0.198273,0.027314,0.357323,1.544085,0.000397,0.007739,0.039671
GSM8558004,interface_like,0.058563,0.221621,0.793898,0.024926,0.386708,2.771132,1.89904,32395380994.060955,222772441519.41797,0.048584,0.817865,7.576843,0.088734,12.153978,179.92661,0.00126,0.279269,3.181583
GSM8558004,other,0.000718,0.006613,0.022206,0.003855,0.009276,0.016424,0.335161,1196920504.488454,11759918794.497272,7.4e-05,0.011194,0.112075,1.7e-05,0.051931,0.849919,0.0,0.001665,0.027798
GSM8558019,bulk_like,0.005601,0.005679,0.002964,0.004017,0.008399,0.010953,32.653065,2037936056.636752,3157985890.757508,0.002047,0.007388,0.011123,0.000999,0.017062,0.035122,6e-06,0.002365,0.005745
GSM8558019,immune_like,0.018645,0.060081,0.12169,0.019155,0.07023,0.149601,1.347032,3370727602.415962,10593896978.180859,0.006689,0.082074,0.233288,0.006227,0.337198,1.002151,0.000102,0.007174,0.026205
GSM8558019,interface_adjacent,0.03406,0.090153,0.158856,0.034425,0.106274,0.145439,1.300352,6077076305.295293,14258993047.836836,0.010651,0.086778,0.164814,0.011394,0.240891,0.448322,0.000225,0.011571,0.026015
GSM8558019,interface_like,0.025106,0.073515,0.158137,0.015561,0.08153,0.413904,1.762994,9123903014.6838,40030507149.89205,0.012633,0.123402,0.380645,0.018001,0.49507,1.79727,0.000237,0.014408,0.061741
GSM8558019,other,0.003334,0.016876,0.054095,0.004881,0.010502,0.015725,1.181016,3037223699.25041,33871069829.536217,0.000831,0.014784,0.053892,0.00038,0.039951,0.170552,4e-06,0.001472,0.006856
GSM8558020,bulk_like,0.004027,0.004287,0.002211,0.008084,0.008756,0.008333,0.61806,433539843.773442,1482797942.626094,0.000585,0.000805,0.000861,0.000284,0.000607,0.001007,7e-06,8.1e-05,0.000297
GSM8558020,immune_like,0.011065,0.034346,0.075607,0.008945,0.05113,0.210521,1.473014,12471140889.868937,62992720049.77559,0.003713,0.0434,0.172627,0.002584,0.175465,0.847042,4.6e-05,0.001404,0.007211
GSM8558020,interface_adjacent,0.018414,0.01981,0.012842,0.011034,0.016113,0.014401,1.326653,5.321163,9.317639,0.006572,0.010042,0.012792,0.006888,0.013141,0.015854,0.000128,0.001248,0.002326
GSM8558020,interface_like,0.016247,0.048883,0.102594,0.00491,0.047849,0.218269,2.924141,7103248786.796361,39433147072.56258,0.009519,0.06375,0.222109,0.00808,0.20881,1.175744,0.000123,0.006977,0.04876
GSM8558020,other,0.002837,0.011884,0.058374,0.002331,0.007145,0.018981,1.404015,1394368640.283044,7765625171.018751,0.000964,0.012147,0.072395,0.000488,0.032126,0.243161,5e-06,0.002017,0.02288
GSM8558022,bulk_like,0.004592,0.005019,0.003348,0.01651,0.034646,0.041628,0.273659,450943607.546274,1240123728.54024,0.001278,0.004599,0.008474,0.001198,0.005019,0.01089,7e-06,0.000459,0.002175
GSM8558022,immune_like,0.018437,0.088781,0.285835,0.03292,0.106899,0.339548,0.805026,6415429996.89275,30991112512.413124,0.010244,0.189767,0.941081,0.011362,1.220668,7.611604,0.000142,0.03291,0.230692
GSM8558022,interface_adjacent,0.02942,0.043822,0.037099,0.025957,0.046486,0.055894,1.054227,14796045563.121672,39910094374.381805,0.020483,0.044813,0.058037,0.016364,0.121015,0.335655,0.000298,0.002423,0.006237
GSM8558022,interface_like,0.049667,0.121317,0.24736,0.038459,0.180335,0.857924,1.451292,14927947570.991705,65989190240.13944,0.03612,0.224124,0.84763,0.066901,1.197065,5.828434,0.00104,0.038267,0.327114
GSM8558022,other,0.004676,0.022894,0.105299,0.010649,0.034565,0.080667,0.516898,2760943604.226208,39403582511.94519,0.001439,0.027689,0.16802,0.000831,0.163148,1.770203,1.3e-05,0.005222,0.05079
