spot,x,y,tumor_score,immune_score,stroma_score,is_tumor,is_immune,region,coexact_energy,exhaustion_score,state
AAACAGAGCGACTCCT-1,5808,7400,-0.6089119442985699,-0.1685307929388881,-0.5937420203360068,False,False,other,0.0043656130933198,-0.08426539646944405,MIXED
AAACGAAGAACATACC-1,4223,10791,0.3631574829745328,-0.077644797452293,0.5413242595248503,True,False,interface,0.0226950204045192,-0.0388223987261465,MIXED
AAAGTCACTGATGTAA-1,5006,12152,0.1196292407092154,0.4258606518939078,-0.1253195639015954,False,True,other,0.0254221659413828,0.2129303259469539,MIXED
AAATAACCATACGGGA-1,5806,8079,-0.7542522409222233,-0.3186922173012582,-0.2700887637678236,False,False,other,0.0011547460044859,-0.1593461086506291,MIXED
AAATAGGGTGCTATTG-1,13484,9120,-0.0516132504095503,-0.1685307929388881,0.7644932223951919,False,False,other,0.0304027392860454,-0.08426539646944405,STROMA
AAATGGCATGTCTTGT-1,5603,10229,0.0989376280588356,0.4291798404266109,-0.1488375088201415,False,True,interface,0.0267053566733233,0.21458992021330545,MIXED
AAATTACACGACTCTG-1,5806,8305,-0.5447497714677615,-0.077644797452293,-0.096311507387165,False,False,other,0.0011209193916028,-0.0388223987261465,MIXED
AAATTACCTATCGATG-1,8172,7407,-0.1985551521612135,-0.0806919906320253,-0.2155254977618283,False,False,interface,0.0285105794251333,-0.04034599531601265,MIXED
AACACGACTGTACTGA-1,4814,10680,1.0532767808150472,-0.1685307929388881,0.3252296265683271,True,False,interface,0.0446352566137498,-0.08426539646944405,TUMOR
AACAGGAAATCGAATA-1,5996,10457,0.2643316498232977,-0.3186922173012582,-0.3289765379967218,False,False,interface,0.0127652601281838,-0.1593461086506291,MIXED
AACATATCAACTGGTG-1,8370,6841,0.1856777718664509,-0.0806919906320253,0.7905378780753917,False,False,interface,0.047677426160767,-0.04034599531601265,STROMA
AACCCTACTGTCAATA-1,10930,7189,-0.230282104532832,-0.3186922173012582,-0.2143206449973414,False,False,other,0.008328019915732,-0.1593461086506291,MIXED
AACCCTGGTGGAACCA-1,4618,10113,0.0463809431166901,1.983515729406656,0.8666530032159565,False,True,interface,0.2281930575851261,0.991757864703328,IMMUNE_EXHAUSTED
AACCGTTGTGTTTGCT-1,5404,10794,0.0473648213326449,-0.1685307929388881,0.3111776451745388,False,False,interface,0.0177130137965432,-0.08426539646944405,MIXED
AACCTTTACGACGTCT-1,6201,7627,-0.0369306064629547,-0.3186922173012582,-0.1495788073519244,False,False,interface,0.0130026075058986,-0.1593461086506291,MIXED
AACGTGATGAAGGACA-1,4820,8642,-0.0942940080174857,-0.3186922173012582,-0.7408673773203599,False,False,other,0.0061542392027279,-0.1593461086506291,MIXED
AACGTGCGAAAGTCTC-1,10134,9676,0.3536157455074015,0.2226780512724472,-0.5348542461071085,True,True,immune_core,0.0693237099060201,0.1113390256362236,MIXED
AACTCCTAATCCCATG-1,5414,7625,-0.2692179506935172,-0.3186922173012582,-0.3796453207375113,False,False,interface,0.0096842793208436,-0.1593461086506291,MIXED
AACTCTCAATAGAGCG-1,9944,7525,0.8313187211975477,-0.3186922173012582,0.8466008393511285,True,False,interface,0.0547690265286575,-0.1593461086506291,TUMOR
AACTGATATTAGGCCT-1,6193,10570,1.6287980716666373,-0.1685307929388881,-0.4551774068518886,True,False,tumor_core,0.0173508777547446,-0.08426539646944405,TUMOR
AACTGGTGTGGGCCTT-1,4415,12489,0.1555388623672644,-0.0806919906320253,0.2269472630959715,False,False,interface,0.0180601554639391,-0.04034599531601265,MIXED
AAGACTGCAAGCTACT-1,10132,10356,0.2017393940937356,-0.0806919906320253,-0.2999684814822913,False,False,other,0.0236582496368026,-0.04034599531601265,MIXED
AAGCTCGTGCCAAGTC-1,9937,9789,0.0330219632664251,1.000942226918388,-0.219195092236612,False,True,interface,0.0418456101425011,0.500471113459194,IMMUNE_EXHAUSTED
AAGCTCTTTCATGGTG-1,14273,8896,-0.7060949372208417,-0.3186922173012582,-0.7408673773203599,False,False,other,0.0090661920518853,-0.1593461086506291,MIXED
AAGTGTTTGGAGACGG-1,13288,9007,-0.4231683816188907,0.3938897761554021,1.178543634339182,False,True,interface,0.1943958427303316,0.19694488807770105,STROMA
AAGTTTACTAATGGCA-1,4025,11130,-0.7648727461445791,0.1288569917018705,-0.3315457900961632,False,False,interface,0.0601888980279434,0.06442849585093526,MIXED
AATAAGTCCTCGAGAC-1,4028,9998,-0.5320112513306767,-0.3186922173012582,0.0762826224444743,False,False,other,0.0197407203902953,-0.1593461086506291,MIXED
AATATCGAGGGTTCTC-1,8371,6615,1.0229463672631716,-0.3186922173012582,1.1492239812903322,True,False,interface,0.0229793451501741,-0.1593461086506291,TUMOR
AATCGCGCAGAGGACT-1,11330,5152,1.3624571154065446,0.5621843584126012,0.4566043499994792,True,True,interface,0.0506042486499784,0.2810921792063006,MIXED
AATCGGGACACTACGA-1,4615,11245,-0.2984425818985394,-0.1685307929388881,0.8529486950822286,False,False,other,0.0099912802503443,-0.08426539646944405,STROMA
AATGACGTAGGATGTC-1,11711,9228,-0.1397338548162869,-0.1685307929388881,-0.413684235104561,False,False,other,0.0038856298800713,-0.08426539646944405,MIXED
AATGATGATACGCTAT-1,7580,7518,-0.7477481869665844,0.4817285784622649,-0.2656969780983496,False,True,immune_core,0.0413202462543589,0.24086428923113246,MIXED
AATGATGCGACTCCTG-1,7977,6614,0.6612741887001089,-0.1685307929388881,0.462294614525908,True,False,interface,0.0101297130638501,-0.08426539646944405,TUMOR
AATGCACCAAGCAATG-1,6794,7063,-0.2900873680012394,0.1878604252246749,0.6639797163412526,False,True,immune_core,0.0052908635293212,0.09393021261233744,STROMA
AATTCATAAGGGATCT-1,7580,7745,-0.4143685146870106,0.2437283517930319,0.0241619502008825,False,True,immune_core,0.0058981948803911,0.12186417589651595,MIXED
AATTTGGGACATAGTA-1,5610,7739,-0.6571288993296458,-0.3186922173012582,-0.3877288891227555,False,False,interface,0.0004914306541828,-0.1593461086506291,MIXED
AATTTGGTTCCAAAGA-1,5208,10454,0.5393688757623194,-0.1685307929388881,-0.4967623029765869,True,False,tumor_core,0.005118490446988,-0.08426539646944405,MIXED
ACAAATCGCACCGAAT-1,12894,8779,-0.0749551045998571,-0.077644797452293,-0.1438878949126567,False,False,other,0.0099180163558122,-0.0388223987261465,MIXED
ACAAGGAAATCCGCCC-1,12695,9571,0.1028762580822515,-0.0806919906320253,-0.0753870192579788,False,False,interface,0.028823828076413,-0.04034599531601265,MIXED
ACAAGGGCAGGCTCTG-1,11711,9455,-0.1032399238870008,0.5408179205584863,-0.413684235104561,False,True,interface,0.0156398041026681,0.27040896027924316,MIXED
ACACACTTTCTACACG-1,5798,10796,1.3685702598336582,-0.1685307929388881,-0.5140651810807869,True,False,interface,0.0498052058341214,-0.08426539646944405,TUMOR
ACACCTTACTACTTGC-1,11132,5491,1.0169748995391268,-0.0806919906320253,0.4171876471250522,True,False,interface,0.0223246458602905,-0.04034599531601265,TUMOR
ACACGGCACTATGCAT-1,4422,9999,-0.5440713309190963,-0.3186922173012582,0.1870223059631812,False,False,other,0.0726320510504742,-0.1593461086506291,MIXED
ACAGATTAGGTTAGTG-1,4417,11584,-0.5117886027059926,-0.3186922173012582,-0.4575335639700135,False,False,other,0.0079534483746943,-0.1593461086506291,MIXED
ACAGCATAGAGCCAGT-1,5008,11472,0.5472317948071782,0.0633589040549401,0.0241619502008825,True,False,tumor_core,0.0011276404929876,0.03167945202747005,MIXED
ACAGCGCACCCGCAGC-1,5016,8982,-0.3137124109269161,-0.1685307929388881,0.22899120774069,False,False,other,0.0013678336478946,-0.08426539646944405,MIXED
ACATCGTATGCAATGG-1,11909,8889,0.1888919747518182,1.651177924526415,-0.4575335639700135,False,True,other,0.3471897887267691,0.8255889622632075,IMMUNE_EXHAUSTED
ACATCGTTAACCTAGT-1,4817,9548,-0.7850953947692635,0.4183274921844698,0.2183865195957365,False,True,immune_core,0.0165341158607787,0.2091637460922349,MIXED
ACCACAACTCAGAACA-1,4425,8867,0.2204501823566487,0.0299718126940325,-0.7009424201875696,False,False,other,0.0037431714194245,0.01498590634701625,MIXED
ACCACGTGCAGCTATA-1,12499,9457,0.1180375838307898,0.1603554292169398,-0.66119053806514,False,True,interface,0.0455413829765252,0.0801777146084699,MIXED
ACCCGGATGACGCATC-1,10537,6735,1.4000884624665275,0.7850986203667375,1.412003458528799,True,True,interface,0.0676990037412988,0.39254931018336875,IMMUNE_ACTIVE
ACCCTCCCTTGCTATT-1,12501,8552,-0.5401169104143254,-0.3186922173012582,-0.4285255074555831,False,False,other,0.0201713912723024,-0.1593461086506291,MIXED
ACCCTTCATCTGCGAA-1,5602,10682,0.2407133165983598,0.4014028490659052,0.0613445802238706,False,True,other,0.0373934391634467,0.2007014245329526,MIXED
ACCGAAAGGGCCCTGC-1,4810,12038,-0.1723301050159904,-0.1685307929388881,-0.413684235104561,False,False,interface,0.0140852273864386,-0.08426539646944405,MIXED
ACCGATGGTAGCATCG-1,10140,7639,-0.3776085661914882,-0.1685307929388881,-0.3185569397826301,False,False,interface,0.0844550299685705,-0.08426539646944405,MIXED
ACCGCAATAACTGCCT-1,13090,9119,1.06605321073021,1.469507732551453,1.5486166695419088,True,True,interface,0.2620785875569946,0.7347538662757265,IMMUNE_EXHAUSTED
ACCGTTCCCGCTCTGA-1,4026,10677,0.4361821880602481,0.1288569917018705,0.019751005333701,True,False,interface,0.1355003391319146,0.06442849585093526,MIXED
ACCTACAGTATGTGGT-1,11132,5265,1.2788547199337272,0.072516626910077,1.1490685678305128,True,False,interface,0.0515482042017856,0.0362583134550385,TUMOR
ACGAGATATTTGCTTA-1,4819,8868,0.1946853068040994,0.072516626910077,-0.3209813554507616,False,False,other,0.0012895924102804,0.0362583134550385,MIXED
ACGAGTACGGATGCCC-1,8569,6276,0.9213782179309618,-0.0183693685765179,0.8931662208724985,True,False,interface,0.008650455604624,-0.00918468428825895,TUMOR
ACGATGGATCCGATGC-1,5012,10114,-0.1510484259330612,2.361353967745769,0.4205777519766189,False,True,immune_core,0.5704948999410445,1.1806769838728846,IMMUNE_EXHAUSTED
ACGCCAGATGATTTCT-1,6392,9779,-0.3053311957611712,-0.3186922173012582,-0.4280023643397269,False,False,interface,0.0553894507844175,-0.1593461086506291,MIXED
ACGCCGCTAGACGACC-1,11512,10020,0.8645185234334988,-0.3186922173012582,0.6431872501798109,True,False,interface,0.0099830226976213,-0.1593461086506291,TUMOR
ACGCTAGTGATACACT-1,8568,6729,0.4466683351648509,0.6445510087548251,0.0152067206156009,True,True,interface,0.0691179211783778,0.32227550437741254,IMMUNE_ACTIVE
ACGGCGACGATGGGAA-1,12696,9344,-0.0397727692856928,0.1603554292169398,0.3507825573855027,False,True,interface,0.1241956327964636,0.0801777146084699,MIXED
ACGTACAGATTTCTCT-1,5011,10567,1.4423551565736232,-0.3186922173012582,2.0609538874268147,True,False,tumor_core,0.1137641453426542,-0.1593461086506291,TUMOR
ACGTAGATTGCTGATG-1,9541,10467,-0.3862429063788412,1.092100217757954,-0.5140651810807869,False,True,immune_core,0.0176068978069133,0.546050108878977,IMMUNE_EXHAUSTED
ACGTATTACTCCGATC-1,11127,7076,-0.358831454800062,-0.1685307929388881,-0.3315457900961632,False,False,other,0.0006895624719742,-0.08426539646944405,MIXED
ACGTGCGCCTCGTGCA-1,6389,10911,-0.5519547736653082,-0.3186922173012582,-0.3877288891227555,False,False,other,0.0001932783096567,-0.1593461086506291,MIXED
ACGTTAATGTCGAAGA-1,11118,10245,0.3530728532975954,0.6652847655799123,-0.3213251076040204,True,True,immune_core,0.0341043884059037,0.33264238278995617,IMMUNE_ACTIVE
ACGTTCCGCGCTCCGT-1,4613,11924,0.1053585730695863,-0.0183693685765179,-0.2349003255612015,False,False,other,0.0030551011441442,-0.00918468428825895,MIXED
ACGTTTAGTTGTGATC-1,5800,10343,-0.2913047793473891,0.072516626910077,0.0383193363447623,False,False,interface,0.0201863388907388,0.0362583134550385,MIXED
ACTATTCGTCCGTGGT-1,5802,9664,0.6888037290351088,-0.0183693685765179,-0.4195702778703016,True,False,interface,0.043115878426686,-0.00918468428825895,TUMOR
ACTCTCTGACTTAGGT-1,11318,9227,0.2371705904650016,-0.0806919906320253,0.8952098209888357,False,False,other,0.287055807023778,-0.04034599531601265,STROMA
ACTCTCTTATACACGA-1,4623,8528,-0.6520655699545126,-0.3186922173012582,-0.5348542461071085,False,False,other,0.0016630286285507,-0.1593461086506291,MIXED
ACTCTTGTATAGTAAC-1,10133,10129,-0.3132907525896622,-0.3186922173012582,-0.7299504767020001,False,False,other,0.0048091983283267,-0.1593461086506291,MIXED
ACTGAATGGCGAAAGT-1,12304,8664,-0.1185563697466307,-0.3186922173012582,-0.5538170632032166,False,False,other,0.1273539298740454,-0.1593461086506291,MIXED
ACTGCCGTCGTAACTC-1,6194,10118,0.3117877417736385,0.3636817527796804,-0.4677542464621564,False,True,interface,0.0193770690853235,0.1818408763898402,MIXED
ACTTCAGGCTGATCCC-1,13091,8893,0.3222193517726657,-0.3186922173012582,-0.2243453902446005,False,False,interface,0.0760807400927482,-0.1593461086506291,MIXED
ACTTGACTCCCTCTTT-1,11316,9906,0.0690133289184829,0.1603554292169398,0.3094789930151261,False,True,other,0.0040254868490273,0.0801777146084699,MIXED
AGAATTATGGATTCGA-1,9355,6958,0.891166579330794,-0.1685307929388881,0.7810222326478033,True,False,interface,0.0079277007706928,-0.08426539646944405,TUMOR
AGACATAGATCCTTCC-1,4414,12716,1.5756499310962673,0.3636817527796804,0.3041543343460248,True,True,tumor_core,0.0750573992176354,0.1818408763898402,MIXED
AGAGCGGGCTAATCAT-1,6192,10797,0.1879541603533228,-0.1685307929388881,-0.5538170632032166,False,False,other,0.0020432640072385,-0.08426539646944405,MIXED
AGATACTCAAGATCGA-1,12107,8777,0.1461600537030836,-0.0806919906320253,0.4510715375802897,False,False,other,0.0311313415419407,-0.04034599531601265,MIXED
AGATCGTGCATAAGAT-1,7188,7064,-0.1854996762854196,-0.3186922173012582,0.1247997764131402,False,False,other,0.0068180686987243,-0.1593461086506291,MIXED
AGATGAGGGTTGCGAT-1,5810,6947,-0.7366561449948572,-0.0806919906320253,-0.6438876599609399,False,False,other,0.0008485629519005,-0.04034599531601265,MIXED
AGCACTACCTCACCAG-1,13485,8894,0.2127990581597838,0.5790692694360102,0.2012090775015858,False,True,immune_core,0.0448403532878933,0.2895346347180051,MIXED
AGCCCTAAGCGAAGTT-1,5995,10683,0.3058485098187841,-0.0806919906320253,-0.2352622908629604,False,False,other,0.013815643999313,-0.04034599531601265,MIXED
AGCCCTTCTAATCCGA-1,6402,6383,-0.0970018874975983,-0.1685307929388881,0.7817236264169599,False,False,other,0.004099307664078,-0.08426539646944405,STROMA
AGCGCGGGTGCCAATG-1,7777,7632,-0.0634073124317337,-0.1685307929388881,-0.5140651810807869,False,False,other,0.0151954593077172,-0.08426539646944405,MIXED
AGCGTGGTATTCTACT-1,11906,10021,0.6578809102340706,0.072516626910077,0.8767686837517511,True,False,interface,0.1148372935194867,0.0362583134550385,TUMOR
AGCTAGAAGCAGAAGT-1,7189,6838,-0.6089119442985699,-0.3186922173012582,-0.2450144770055839,False,False,interface,0.0336336605094198,-0.1593461086506291,MIXED
AGCTATTTAATCCAAC-1,6195,9665,-0.5709600642613654,-0.1685307929388881,0.1991909735684553,False,False,interface,0.138015742785779,-0.08426539646944405,MIXED
AGCTCTAGACGTTCCA-1,10529,9451,-0.0448154802250575,-0.1685307929388881,0.0340341146088443,False,False,other,0.0199055887023508,-0.08426539646944405,MIXED
AGCTCTTCCCAGTGCA-1,6594,8081,-0.9102130427682324,-0.1685307929388881,-0.392139833989937,False,False,other,0.0026614743454809,-0.08426539646944405,MIXED
AGCTGAAGTAAACCAA-1,6987,8535,-0.1229228176248919,-0.3186922173012582,-0.7009424201875696,False,False,other,0.0006361130117472,-0.1593461086506291,MIXED
AGGACGCTCGATGTTG-1,6597,6949,-0.7751086914599419,-0.1685307929388881,-0.3488486682003632,False,False,other,0.003388568261247,-0.08426539646944405,MIXED
AGGGAAACGAGGTACT-1,5610,7965,-0.7644446978163969,0.1878604252246749,-0.3706900911522298,False,True,immune_core,0.0013169329731156,0.09393021261233744,MIXED
AGGGCAGCGGCGTGGT-1,4620,9660,-0.695858991905479,0.1878604252246749,-0.0965560934852636,False,True,immune_core,0.0203733358707262,0.09393021261233744,MIXED
AGGGCTGCAGTTACAG-1,9935,10695,-0.679175682227387,-0.1685307929388881,-0.7408673773203599,False,False,other,0.0013599139057225,-0.08426539646944405,MIXED
AGGGTCGATGCGAACT-1,10339,7074,2.2921694460494955,-0.0806919906320253,0.2932384949876736,True,False,interface,0.8760916803161579,-0.04034599531601265,TUMOR
AGGGTGCTCTCGAGGG-1,9747,7638,-0.3355272681175633,-0.1685307929388881,0.3305560273903598,False,False,interface,0.0214286803792263,-0.08426539646944405,MIXED
AGGTACGATATTGCCA-1,5408,9436,-0.7370841933230395,-0.3186922173012582,-0.0047151138533226,False,False,other,0.0039108806067043,-0.1593461086506291,MIXED
AGGTCGCGGAGTTACT-1,8175,6275,1.0155457611857357,-0.0806919906320253,0.7032728150268708,True,False,interface,0.0044190562822551,-0.04034599531601265,TUMOR
AGGTTACACCATGCCG-1,11527,5040,0.709126662583773,0.0299718126940325,0.1366320802401494,True,False,interface,0.0153261382485056,0.01498590634701625,TUMOR
AGGTTTCACACACCTT-1,11117,10472,-0.314349783047907,1.3496062569136789,0.5815053350610491,False,True,interface,0.0838618238622244,0.6748031284568394,IMMUNE_EXHAUSTED
AGTAGGAAGGAAGTTG-1,6203,6948,-0.5500906469536434,-0.3186922173012582,-0.3877288891227555,False,False,other,0.0002303622598302,-0.1593461086506291,MIXED
AGTCCCGCCTTTAATT-1,6399,7515,0.5029064986855748,0.56848891654684,-0.8770758336863531,True,True,tumor_core,0.0214716149288861,0.28424445827342,MIXED
AGTGAGCCTCGCCGCC-1,8765,6390,1.400406259771288,-0.0806919906320253,0.3164161186672772,True,False,interface,0.0259243417749124,-0.04034599531601265,TUMOR
AGTGGCGGCAATTTGA-1,7778,7406,-0.1385090349881833,0.3938897761554021,-0.2076711038913097,False,True,immune_core,0.0150245299176952,0.19694488807770105,MIXED
AGTGTATTGCGCATTG-1,6399,7288,-0.5011246090624476,-0.077644797452293,-0.2076711038913097,False,False,interface,0.0129388840825534,-0.0388223987261465,MIXED
AGTTAAGCGGTCCCGG-1,6197,8986,-0.2307101528610142,0.072516626910077,-0.3080520498675356,False,False,interface,0.0006989985644287,0.0362583134550385,MIXED
AGTTACTCTATCGTGG-1,6003,7966,-0.6019798420147489,-0.3186922173012582,0.0817630829736333,False,False,other,0.0010142156181569,-0.1593461086506291,MIXED
AGTTTCGCAGGTCGGA-1,5404,11021,0.6628847022779014,0.56848891654684,0.4296878771300788,True,True,interface,0.0820766275374964,0.28424445827342,MIXED
ATAAGTAGGATTCAGA-1,8372,6389,0.1919344620058539,-0.0806919906320253,0.2343700477126264,False,False,interface,0.0153822665457084,-0.04034599531601265,MIXED
ATACCAGGCTAATAGA-1,4810,11811,-0.188173104590693,0.7292306937983803,-0.3992528774680579,False,True,other,0.0315056337600623,0.3646153468991902,IMMUNE_ACTIVE
ATACGCCGGCGAAACC-1,10924,9226,-0.5603265922690062,1.0266021301110235,-0.1346438057421215,False,True,immune_core,0.0719538732422163,0.5133010650555118,IMMUNE_EXHAUSTED
ATAGGCTAGCTTCGCA-1,7976,7067,-0.1007944384476451,-0.1685307929388881,-0.0524621785217124,False,False,other,0.0026518566418622,-0.08426539646944405,MIXED
ATAGTCTTTGACGTGC-1,4421,10452,0.3986227459124996,-0.0806919906320253,-0.4195702778703016,True,False,interface,0.0392327653527219,-0.04034599531601265,MIXED
ATATCTCCCTCGTTAA-1,6791,8195,-0.5603265922690062,-0.3186922173012582,-0.1554123765973797,False,False,other,0.0011733881418057,-0.1593461086506291,MIXED
ATATGTCTCCCTAGCC-1,9945,7072,1.4911221056944008,0.072516626910077,1.2975183790119746,True,False,interface,0.0107721392658812,0.0362583134550385,TUMOR
ATATTCCACATAGTGA-1,13090,9346,0.7555442028276275,0.31051685357931,0.9039095102609452,True,True,interface,0.0518922949176643,0.155258426789655,STROMA
ATATTCCCACAGGTCA-1,5206,11360,-0.0894531037809699,-0.077644797452293,0.1514311816383824,False,False,interface,0.0183190322081826,-0.0388223987261465,MIXED
ATCAGTAGGCAGGGAT-1,7578,8197,0.0384584873918539,-0.1685307929388881,-0.1528431244979383,False,False,other,0.0008824063936513,-0.08426539646944405,MIXED
ATCGGAGACAGACGGC-1,13286,9459,-0.2943020667000028,-0.1685307929388881,-0.1741997506196673,False,False,interface,0.0613130240993067,-0.08426539646944405,MIXED
ATCGGCAAGCAGTCCA-1,6991,7177,-0.0656817430927566,-0.3186922173012582,0.1245428961771084,False,False,other,0.0028999000234619,-0.1593461086506291,MIXED
ATCGTTCACTTTCGCC-1,5020,7398,-0.689729219409629,-0.3186922173012582,-0.4143442896912094,False,False,other,0.000179541775389,-0.1593461086506291,MIXED
ATCTCCCTGCAATCTA-1,6195,9891,0.4473076737967499,0.2226780512724472,0.1302775938710914,True,True,interface,0.0083556528503063,0.1113390256362236,MIXED
ATCTGCACCTCTGCGA-1,8765,6616,1.5059406422601858,0.3439116163345874,1.02842347588245,True,True,interface,0.0373185179401269,0.1719558081672937,STROMA
ATGCCGGTTGATGGGA-1,6789,8648,-0.7473201386384023,-0.3186922173012582,-0.2999684814822913,False,False,other,0.00270571794844,-0.1593461086506291,MIXED
ATGCGACAGTCCCATT-1,9937,10015,-0.4817236613975811,-0.1685307929388881,-0.4086533772519417,False,False,other,0.0069483283672125,-0.08426539646944405,MIXED
ATGGAGCAGGCCGTGA-1,10132,10582,-0.6518151777340295,0.072516626910077,-0.2672189327068563,False,False,other,0.0158624125929653,0.0362583134550385,MIXED
ATGGCTGGAAATGGCC-1,4823,7510,-0.6866310766454167,-0.3186922173012582,-0.8770758336863531,False,False,other,0.0001374793130008,-0.1593461086506291,MIXED
ATTAATTCGGTCACTC-1,5799,10569,0.4920375046128222,-0.3186922173012582,-0.3225905605108817,True,False,interface,0.0321786088599281,-0.1593461086506291,MIXED
ATTACAACTACCGGCC-1,5215,8190,-0.8828525382748751,-0.3186922173012582,-0.4850571245663564,False,False,other,0.001119495886471,-0.1593461086506291,MIXED
ATTACTTACTGGGCAT-1,7386,6725,0.0301257358130676,0.9996178088883916,-0.6046589209543667,False,True,immune_core,0.0714011365176918,0.4998089044441958,IMMUNE_EXHAUSTED
ATTAGATTCCTCAGCA-1,7978,6161,0.8382979692764468,-0.0183693685765179,0.3498766760320029,True,False,interface,0.0076692269723991,-0.00918468428825895,TUMOR
ATTAGGCGATGCTTTC-1,10330,10017,-0.0551478752124131,-0.1685307929388881,-0.3195760382128379,False,False,other,0.0100795109192892,-0.08426539646944405,MIXED
ATTATCTCGACAGATC-1,4419,11131,0.3762687593905398,-0.0806919906320253,0.3790665074749644,True,False,interface,0.0092083952670037,-0.04034599531601265,MIXED
ATTCAGGACCTATTTC-1,6991,6951,-0.2319601365507311,-0.3186922173012582,1.4221363808372032,False,False,interface,0.0040033269899192,-0.1593461086506291,STROMA
ATTCGTGCTATCTCTT-1,11328,5605,0.5454956121198203,0.2135203284173103,-0.3647228044413546,True,True,interface,0.02162472663607,0.10676016420865515,MIXED
ATTCTTCGTACTTATG-1,4821,8189,-0.695858991905479,-0.3186922173012582,-0.7009424201875696,False,False,other,0.0008210017965818,-0.1593461086506291,MIXED
ATTGACGTAACTCGGT-1,4619,9887,-0.4840000498844529,-0.0806919906320253,-0.4285255074555831,False,False,other,0.0383310470944034,-0.04034599531601265,MIXED
ATTGATGAGTCCTAAC-1,9552,6845,0.8619637829348133,-0.0183693685765179,0.9926632075373176,True,False,interface,0.0023186873764639,-0.00918468428825895,TUMOR
ATTGTCGCAATACCTT-1,6002,8419,-0.882424489946693,-0.3186922173012582,0.0741634663609933,False,False,other,0.0027182288139693,-0.1593461086506291,MIXED
ATTTCATTATTTCGCG-1,5803,9211,-0.6191044011927435,-0.3186922173012582,-0.2724449208859485,False,False,other,0.0094558632636623,-0.1593461086506291,MIXED
CAAACTACGATAGAGA-1,5411,8531,-0.1820811704564481,-0.3186922173012582,0.6066240398028396,False,False,other,0.0013132723985271,-0.1593461086506291,STROMA
CAAACTATTGAGCTTC-1,5211,9549,-0.7850953947692635,0.2437283517930319,0.438472312727563,False,True,immune_core,0.0063471224794784,0.12186417589651595,MIXED
CAAACTCGCGACGCCG-1,11919,5494,0.7369648710104878,-0.0183693685765179,0.4602177631792267,True,False,interface,0.0159584223738493,-0.00918468428825895,TUMOR
CAAATTGTCAGCAAGC-1,5602,10455,1.0402672389540426,-0.3186922173012582,-0.1783687084504282,True,False,interface,0.0374095640812594,-0.1593461086506291,TUMOR
CAACTATATCGAATGC-1,6000,9098,-0.7850953947692635,-0.3186922173012582,-0.691987190602288,False,False,interface,0.0247293757639256,-0.1593461086506291,MIXED
CAAGAGGGCGGAGTAC-1,12104,9682,0.3306581384164775,0.2226780512724472,0.2896756580452678,False,True,interface,0.0139633406601493,0.1113390256362236,MIXED
CAAGCACCAAATGCCT-1,6587,10572,-0.3645331789677299,-0.3186922173012582,-0.66119053806514,False,False,other,0.000158296044403,-0.1593461086506291,MIXED
CAAGGATCGCATGTTC-1,10920,10358,0.1316484046001217,-0.3186922173012582,-0.2307313677304406,False,False,interface,0.0446218929384343,-0.1593461086506291,MIXED
CAAGTGAACTTTGGTT-1,4219,11923,-0.092170454138468,-0.3186922173012582,-0.2325199637531582,False,False,other,0.0002832625601174,-0.1593461086506291,MIXED
CAATCCCTATACCAGC-1,5412,8078,-0.6499910434609727,-0.3186922173012582,-0.560809592088914,False,False,other,0.0009192913114213,-0.1593461086506291,MIXED
CAATGCGAGAAGTATC-1,13682,8781,-0.3451638072164383,-0.1685307929388881,-0.0360896440231943,False,False,other,0.0181221483027961,-0.08426539646944405,MIXED
CAATGGAATCTACATA-1,4822,7737,-0.7060949372208417,-0.3186922173012582,-0.8770758336863531,False,False,other,0.0004908589276796,-0.1593461086506291,MIXED
CAATGGTCGGCCTGGG-1,4220,11696,-0.5603265922690062,-0.077644797452293,-0.691987190602288,False,False,other,0.0053986588082577,-0.0388223987261465,MIXED
CAATTTCGTATAAGGG-1,10328,10922,-0.9102130427682324,-0.1685307929388881,-0.3225905605108817,False,False,other,0.0071183021534526,-0.08426539646944405,MIXED
CACATATTAGCAGGAT-1,12301,9796,1.2590212884866276,0.4291798404266109,0.099719877026848,True,True,interface,0.109241085969745,0.21458992021330545,MIXED
CACATGATTCAGCAAC-1,10525,10810,0.1215517642234427,0.1288569917018705,-0.5140651810807869,False,False,interface,0.0042769918631783,0.06442849585093526,MIXED
CACATTCTTTCGATGG-1,6595,7855,-0.695858991905479,-0.077644797452293,-0.1861267027766857,False,False,other,0.0052503278543491,-0.0388223987261465,MIXED
CACCATCGGAGGAGAC-1,5206,11133,0.6009413290510797,-0.3186922173012582,0.8172526487828146,True,False,interface,0.0109171850832927,-0.1593461086506291,TUMOR
CACCCACGAGGCAATT-1,6987,8309,-0.5603265922690062,-0.3186922173012582,-0.5239373454887487,False,False,other,0.0003166964726718,-0.1593461086506291,MIXED
CACCGATACACCGAGC-1,5017,8529,-0.6015517936865666,-0.3186922173012582,-0.2672189327068563,False,False,other,0.0010771648122732,-0.1593461086506291,MIXED
CACCGCCGACCAGCGA-1,4814,10453,1.2100394052288357,-0.1685307929388881,0.2754412798223661,True,False,interface,0.7829843791881417,-0.08426539646944405,TUMOR
CACCTCGATGGTGGAC-1,6588,10119,0.1906275886585962,0.2790184160642407,0.0098788409257392,False,True,interface,0.0206828411652694,0.13950920803212036,MIXED
CACGCGGAACTGTTGC-1,11324,6963,0.1177199919639106,-0.3186922173012582,1.1900212865614026,False,False,other,0.0019084383666902,-0.1593461086506291,STROMA
CACTACTCAGTTCTGT-1,4029,9545,-0.7648727461445791,-0.1685307929388881,-0.4761018949810748,False,False,other,0.0032434368784562,-0.08426539646944405,MIXED
CACTCAGCTCTTGAGG-1,5210,10002,0.295164342201943,-0.3186922173012582,-0.2672189327068563,False,False,other,0.2643529814658855,-0.1593461086506291,MIXED
CACTCCTCTCGGTCGG-1,6003,8193,-0.3688504642566652,-0.1685307929388881,-0.4475088187227545,False,False,other,0.000412341138861,-0.08426539646944405,MIXED
CACTCGAGCTGAACAA-1,12498,9683,0.9414136448047988,-0.077644797452293,0.9117102647592504,True,False,interface,0.0317444295254947,-0.0388223987261465,TUMOR
CAGACCTGTAAGTGTT-1,9158,6844,2.165147543205808,0.1288569917018705,0.2553105799759633,True,False,tumor_core,0.0141369566368118,0.06442849585093526,TUMOR
CAGAGTGATTTAACGT-1,4815,10227,0.2807718556117752,1.7296212168479477,-0.1927680816307286,False,True,interface,0.8848870842884936,0.8648106084239738,IMMUNE_EXHAUSTED
CAGCCGGGCCCTCTAT-1,5214,8417,-0.6101619279882868,-0.1685307929388881,-0.5538170632032166,False,False,other,0.001096666844505,-0.08426539646944405,MIXED
CAGCCTCTCCTCAAGA-1,6005,7287,-0.5709905859125511,-0.077644797452293,-0.3877288891227555,False,False,other,0.0003100191038977,-0.0388223987261465,MIXED
CAGGAAGACTTTATAT-1,5608,8418,-0.882424489946693,-0.3186922173012582,0.2434608063579762,False,False,other,0.0010192460293367,-0.1593461086506291,MIXED
CAGGCGCCATGCTAGG-1,12695,9797,0.4573107510335008,0.0299718126940325,0.2224007891687218,True,False,interface,0.0117863201179474,0.01498590634701625,MIXED
CAGTAACTATTTATTG-1,6795,6610,0.244277924682489,0.4790027857153967,0.9794875916614564,False,True,other,0.0678216862706055,0.23950139285769834,STROMA
CAGTACATTCTCTAAA-1,6993,6498,-0.5500906469536434,-0.1685307929388881,-0.28140015047123,False,False,interface,0.021969352733974,-0.08426539646944405,MIXED
CAGTAGCCCACGCGGT-1,7974,7746,-0.1450130889438221,-0.1685307929388881,-0.3254940654347812,False,False,other,0.0078976730959117,-0.08426539646944405,MIXED
CAGTCGAGGATGCAAT-1,7976,6840,0.1936235783737089,-0.0183693685765179,0.6281999524178293,False,False,other,0.0042524480578005,-0.00918468428825895,STROMA
CATAACGGACAGTCGT-1,10141,7413,2.170115794517978,0.4943895843924549,0.7837318822843642,True,True,tumor_core,0.1079526191500253,0.24719479219622745,STROMA
CATAGTACATTGAGAG-1,5999,9325,-0.319053286412798,0.1878604252246749,-0.5538170632032166,False,True,interface,0.0583263480420074,0.09393021261233744,MIXED
CATATACTACTGATAA-1,6599,6497,0.0893883786099491,-0.3186922173012582,0.92596650775147,False,False,other,0.0184713638594748,-0.1593461086506291,STROMA
CATATTATTTGCCCTA-1,4818,9095,-0.4664474423782761,-0.1685307929388881,0.5081063104319229,False,False,other,0.0008000872199687,-0.08426539646944405,MIXED
CATCATCTACCCGGAC-1,5209,10228,0.0066297451406506,-0.077644797452293,0.0196310270683628,False,False,interface,0.0147084467475147,-0.0388223987261465,MIXED
CATCTATCCCGTGTCT-1,6598,6723,-0.3299676722768258,0.072516626910077,-0.1683439632031691,False,False,other,0.009953635089583,0.0362583134550385,MIXED
CATCTTACACCACCTC-1,10340,6847,1.8108613882900708,2.2228649368744264,0.5833515194628297,True,True,interface,0.8798887204291868,1.1114324684372132,IMMUNE_EXHAUSTED
CATGAACCTCTTATCA-1,4027,10224,0.2029687639492603,-0.1685307929388881,0.1882624987680568,False,False,other,0.0915360356406695,-0.08426539646944405,MIXED
CATGCATGGAGACCCT-1,4225,10112,-0.47376410456909,-0.3186922173012582,-0.3096017101973486,False,False,other,0.0257995966924229,-0.1593461086506291,MIXED
CATGCGACCAGTTTAA-1,8173,6954,-0.0712812571467265,-0.3186922173012582,-0.1697078177915976,False,False,interface,0.004575209568674,-0.1593461086506291,MIXED
CATGCGTTAGACAGAA-1,5995,10909,0.7028823177445795,0.0299718126940325,-0.5647339638215764,True,False,interface,0.0023337811705698,0.01498590634701625,TUMOR
CATGCTGGCTCCAATT-1,5403,11247,-0.002483507321982,0.31051685357931,0.1876808721819021,False,True,interface,0.0391669005484046,0.155258426789655,MIXED
CATGGGTATGCCTTAT-1,14076,8783,-0.5603265922690062,-0.3186922173012582,-0.8770758336863531,False,False,other,0.0001349214221268,-0.1593461086506291,MIXED
CATGGGTCGGGTGTGG-1,7184,8423,-0.1280954335651213,-0.1685307929388881,-0.8770758336863531,False,False,other,0.0003823842766215,-0.08426539646944405,MIXED
CATGGTAAGTAGCGTT-1,11907,9795,0.2660853200736596,0.7775718750689309,0.7872362486486685,False,True,interface,0.0392694520761723,0.38878593753446544,IMMUNE_ACTIVE
CATTCACTGACAGCTA-1,4027,10451,-0.2476124172956788,-0.1685307929388881,0.750046135037561,False,False,interface,0.0390747741353306,-0.08426539646944405,STROMA
CCAAGCGTAACTCGTA-1,9543,10014,-0.4149862956453528,-0.3186922173012582,-0.2285955920204958,False,False,other,0.0022632821805715,-0.1593461086506291,MIXED
CCAATCGGTAGATCGA-1,5805,8532,-0.882424489946693,-0.077644797452293,-0.4475088187227545,False,False,other,0.0017850256970914,-0.0388223987261465,MIXED
CCAATTACGGGTCGAG-1,6793,7516,0.6622333716490276,-0.0183693685765179,1.1607542648911342,True,False,tumor_core,0.0264713665224136,-0.00918468428825895,TUMOR
CCACCCAAGGAAAGTG-1,10332,9564,0.0355366674513192,0.2710192325429978,-0.1253195639015954,False,True,interface,0.0113334141604944,0.1355096162714989,MIXED
CCACGAGAAGAGAATC-1,6393,9552,-0.5515267253371261,1.4799898734365864,-0.66119053806514,False,True,interface,0.442558229908666,0.7399949367182932,IMMUNE_EXHAUSTED
CCAGCCTGGACCAATA-1,10328,10696,-0.4335469332068301,-0.0806919906320253,-0.4280023643397269,False,False,other,0.0058512139206936,-0.04034599531601265,MIXED
CCATAAACAACCCGAC-1,5802,9437,-0.0136612961469704,-0.3186922173012582,0.2947902669101513,False,False,interface,0.0312196015599601,-0.1593461086506291,MIXED
CCATACCTTTACTTGT-1,8962,6504,0.7730115424898741,-0.3186922173012582,1.514694536464625,True,False,interface,0.0276798415558132,-0.1593461086506291,TUMOR
CCATAGGTTGGCGTGG-1,6585,11024,-0.6454058752278561,-0.3186922173012582,-0.7009424201875696,False,False,other,0.0003911305595188,-0.1593461086506291,MIXED
CCATCTCACCAGTGAA-1,10536,6961,1.055647460934701,-0.3186922173012582,0.2349108129082467,True,False,interface,0.4686510229539803,-0.1593461086506291,TUMOR
CCCAACCACACTAACA-1,4617,10566,0.2872496902800667,-0.1685307929388881,0.0067199346336368,False,False,other,0.0324638269103152,-0.08426539646944405,MIXED
CCCAGAGGAGGGCGTA-1,7191,6159,-0.1935476358417774,0.338021849587045,0.0275620560973501,False,True,interface,0.012008261657647,0.1690109247935225,MIXED
CCCGCAGGGCCCAAAG-1,5212,9096,-0.8828525382748751,-0.3186922173012582,0.7168851564479173,False,False,other,0.0016638075493504,-0.1593461086506291,STROMA
CCCTGGTATGGGCGGC-1,4225,9885,-0.2066016128693727,-0.3186922173012582,-0.4507856211824146,False,False,other,0.0098645188705633,-0.1593461086506291,MIXED
CCGACGTAAACACAAC-1,5612,7060,-0.5686512845151207,-0.3186922173012582,-0.4551774068518886,False,False,other,0.0003432588576795,-0.1593461086506291,MIXED
CCGAGAAGTCGCATAA-1,12117,5381,0.051787775782625,0.3636817527796804,-0.3398934386150817,False,True,interface,0.0508270501043132,0.1818408763898402,MIXED
CCGAGGGATGTTAGGC-1,4222,11017,0.4174407797132559,-0.1685307929388881,-0.227293975574066,True,False,interface,0.0066976949794265,-0.08426539646944405,MIXED
CCGCACAAAGACCAAC-1,10135,9450,-0.1397338548162869,0.6445510087548251,-0.2518689508409434,False,True,interface,0.0289383908133484,0.32227550437741254,IMMUNE_ACTIVE
CCGCCACCACAATCCA-1,3829,10563,-0.0845297805356886,1.4694095205474158,0.5674168246338357,False,True,interface,0.2689946561956832,0.7347047602737079,IMMUNE_EXHAUSTED
CCGCCTGCGAATTGGT-1,6006,7061,-0.6464649056861009,-0.3186922173012582,-0.2700887637678236,False,False,other,0.0001868474178394,-0.1593461086506291,MIXED
CCGCTGGTGCCATTCA-1,4226,9659,-0.5603265922690062,-0.3186922173012582,-0.4176086068372232,False,False,other,0.006824698837034,-0.1593461086506291,MIXED
CCGTGGAACGATCCAA-1,7782,6047,1.0138749722788185,0.338021849587045,0.993720508438878,True,True,interface,0.0110249370539711,0.1690109247935225,STROMA
CCGTTACGTTAGAACA-1,6988,8082,-0.5440713309190963,-0.3186922173012582,0.1197092113369126,False,False,other,0.0003443641042513,-0.1593461086506291,MIXED
CCTAAAGGCTGACGCT-1,5804,8758,-0.6191044011927435,-0.3186922173012582,-0.2155254977618283,False,False,other,0.0002446389323519,-0.1593461086506291,MIXED
CCTAAATTAACGGTTC-1,11314,10359,0.0863276207266376,0.1603554292169398,0.0656551219482102,False,True,interface,0.0053921352659284,0.0801777146084699,MIXED
CCTAACTAAGGCTCTA-1,7187,7517,-0.47376410456909,0.2790184160642407,-0.4143442896912094,False,True,immune_core,0.0087388830236595,0.13950920803212036,MIXED
CCTAGTTAGTCGCATG-1,5407,9889,0.0921254410860932,-0.3186922173012582,-0.3778567247147937,False,False,other,0.0230189566798343,-0.1593461086506291,MIXED
CCTCACCTGAGGGAGC-1,8568,6502,0.93280182342186,0.4258606518939078,0.590790586597125,True,True,interface,0.0266240700511614,0.2129303259469539,MIXED
CCTCACCTTAGCATCG-1,8370,7068,0.6751762486702413,0.3013591307241731,1.4459097299585326,True,True,interface,0.0421435329767638,0.15067956536208654,STROMA
CCTCCCGACAATCCCT-1,4813,10906,0.7247846008364217,0.338021849587045,1.1171506324309015,True,True,tumor_core,0.0155186253244566,0.1690109247935225,STROMA
CCTCGAAGTGGACGGG-1,5997,10004,0.4304512557921812,0.072516626910077,-0.2429137212556618,True,False,interface,0.0044330557060675,0.0362583134550385,MIXED
CCTCGCGCGATATAGG-1,7187,7291,-0.3489563581664853,-0.1685307929388881,-0.4195702778703016,False,False,other,0.0038399309396751,-0.08426539646944405,MIXED
CCTCTGGCCTAGACGG-1,5999,9551,0.7420172149582217,0.7200729709432435,0.523497323077599,True,True,interface,0.0891929157374866,0.36003648547162176,IMMUNE_ACTIVE
CCTGTCGCCCGTAAAT-1,10130,11035,-0.1385090349881833,-0.0806919906320253,-0.2700887637678236,False,False,other,0.0008271402887443,-0.04034599531601265,MIXED
CCTTTCAATGAAGAAA-1,7975,7293,-0.5981018483998672,0.338021849587045,-0.5837172750887476,False,True,immune_core,0.0186450641295086,0.1690109247935225,MIXED
CGAAACATAGATGGCA-1,5212,9322,-0.5440713309190963,-0.3186922173012582,1.308539188229696,False,False,other,0.004669491393641,-0.1593461086506291,STROMA
CGAACGCCCAGTGCCG-1,5800,10116,0.3810213961778884,0.2790184160642407,-0.3669398240964338,True,True,interface,0.0056107732234845,0.13950920803212036,MIXED
CGACATGCGATCTTCT-1,4616,10792,0.4570106351677722,-0.3186922173012582,0.853512243469578,True,False,interface,0.0174097125602877,-0.1593461086506291,STROMA
CGACTCAGGATGTTAT-1,7579,7971,-0.6866310766454167,-0.3186922173012582,-0.560809592088914,False,False,other,0.0019071581229871,-0.1593461086506291,MIXED
CGAGATTTCGCTCGGG-1,11330,4926,0.8790795304232887,1.3266862985271828,2.337920129835397,True,True,interface,0.1219590977798797,0.6633431492635914,IMMUNE_EXHAUSTED
CGAGCTGGGCTTTAGG-1,6390,10458,-0.2430206246699168,-0.3186922173012582,-0.7408673773203599,False,False,other,0.0093615768059382,-0.1593461086506291,MIXED
CGAGGGACTGCGGTCG-1,10530,9225,-0.3542972336523671,-0.1685307929388881,-0.8770758336863531,False,False,other,0.0206227027877041,-0.08426539646944405,MIXED
CGAGTTTATCGGACTG-1,10338,7526,0.2627306178642221,-0.3186922173012582,0.2795370371586596,False,False,interface,0.1525856234367677,-0.1593461086506291,MIXED
CGATGGACCCTACGCC-1,7384,7178,0.0555830465698485,-0.3186922173012582,-0.5557787342362948,False,False,other,0.0096648782927718,-0.1593461086506291,MIXED
CGCACGTGCGCTATCA-1,10734,6848,0.2938738728951992,-0.3186922173012582,-0.4677542464621564,False,False,interface,0.0577983613708139,-0.1593461086506291,MIXED
CGCAGAAACATTTGCG-1,4614,11471,-0.1850510964372357,-0.077644797452293,0.0064255957071858,False,False,other,0.00279241193558,-0.0388223987261465,MIXED
CGCATCATGGCTTCAG-1,4820,8416,-0.7644446978163969,-0.1685307929388881,-0.66119053806514,False,False,other,0.0020706608926543,-0.08426539646944405,MIXED
CGCATGGTGCGATGCT-1,10920,10584,0.1992565487894022,0.5790692694360102,-0.1425327752794358,False,True,interface,0.0634055226718437,0.2895346347180051,MIXED
CGCCCGCTTCCGTACA-1,6591,8987,-1.0281928348985283,-0.1685307929388881,-0.5140651810807869,False,False,other,0.0070520653116637,-0.08426539646944405,MIXED
CGCCTCCCTCCTCTAT-1,11513,9794,0.4381116506394184,-0.0806919906320253,-0.1654576160157022,True,False,interface,0.0053006268214224,-0.04034599531601265,MIXED
CGGAGCATGGCGATCC-1,10723,10471,1.202819246027537,-0.3186922173012582,-0.3104082069856605,True,False,interface,0.0736851893121953,-0.1593461086506291,TUMOR
CGGAGCTTATAACACC-1,5018,8303,-0.679175682227387,-0.3186922173012582,-0.4949292889743182,False,False,other,0.0010276575308662,-0.1593461086506291,MIXED
CGGCACCGTTAGCGCC-1,5216,7964,-0.7978339149063481,-0.3186922173012582,-0.66119053806514,False,False,other,0.0001915307229455,-0.1593461086506291,MIXED
CGGCAGGGTCGGGTTG-1,9353,7410,0.3166186875042541,0.4515205550865432,0.234769370631571,False,True,interface,0.0029691407387482,0.2257602775432716,MIXED
CGGCTGCAAGATTAAG-1,3830,10337,-0.7060949372208417,0.1288569917018705,-0.7408673773203599,False,False,interface,0.1206564326252213,0.06442849585093526,MIXED
CGGCTTTGTATGATAA-1,4614,11698,-0.1407928852745319,-0.077644797452293,-0.0720240294768508,False,False,other,0.0083345125450823,-0.0388223987261465,MIXED
CGGTAGAGGTGCAGGT-1,7383,7631,-0.6293403465081063,-0.3186922173012582,-0.0545979542316571,False,False,other,0.0291019879625075,-0.1593461086506291,MIXED
CGGTCTATCAACCCGT-1,6592,8760,-0.6870591249735989,-0.3186922173012582,-0.4086533772519417,False,False,other,0.0016892196920626,-0.1593461086506291,MIXED
CGGTGGGCTCCAGCCT-1,6007,6834,-0.5338353856037337,-0.3186922173012582,-0.1627152889059001,False,False,other,0.0004577712452223,-0.1593461086506291,MIXED
CGGTTATCCAACAGTG-1,8961,6956,-0.2965784551868746,0.072516626910077,0.500534236844219,False,False,interface,0.0251336098043847,0.0362583134550385,MIXED
CGGTTCAAGTAGGTGT-1,7779,6953,-0.1412209336027141,-0.3186922173012582,-0.2219892331264756,False,False,interface,0.038737520009481,-0.1593461086506291,MIXED
CGTAGCGAATTGTCAG-1,5604,10003,0.1827907539602069,-0.0806919906320253,-0.3195760382128379,False,False,interface,0.0049650949659593,-0.04034599531601265,MIXED
CGTAGCGCCGACGTTG-1,4416,12037,-0.5603265922690062,-0.3186922173012582,-0.2219892331264756,False,False,other,0.0053882058209718,-0.1593461086506291,MIXED
CGTCGGATAGTGTTGA-1,9748,7185,0.3995651557474658,0.2226780512724472,0.1580142494487509,True,True,interface,0.0154493684873776,0.1113390256362236,MIXED
CGTGACATTGGGTCGT-1,6001,8646,-0.9102130427682324,-0.3186922173012582,-0.560809592088914,False,False,other,0.0020325376562118,-0.1593461086506291,MIXED
CGTGCAGACTGGGACA-1,10922,9679,-0.6015517936865666,-0.1685307929388881,-0.4280023643397269,False,False,other,0.0127933512861709,-0.08426539646944405,MIXED
CGTGCCCTCCCGAAGA-1,11514,9341,-0.0562023102341871,-0.0806919906320253,-0.2243453902446005,False,False,interface,0.0089153186907049,-0.04034599531601265,MIXED
CGTTAGCTCACAACTG-1,5807,7853,-0.5500906469536434,-0.077644797452293,-0.7408673773203599,False,False,other,0.0013141583238083,-0.0388223987261465,MIXED
CGTTGAGCGACCGTCG-1,11710,9681,-0.0942940080174857,0.666908071742873,-0.4761018949810748,False,True,interface,0.0226472290141264,0.3334540358714365,IMMUNE_ACTIVE
CGTTTAAGCGGAGCAC-1,5600,11361,0.2007309125911965,-0.1685307929388881,-0.7408673773203599,False,False,interface,0.0431198169737964,-0.08426539646944405,MIXED
CGTTTCACTTCGGGCG-1,6595,7629,-0.3009738907898313,-0.3186922173012582,-0.66119053806514,False,False,interface,0.0033563183292271,-0.1593461086506291,MIXED
CTAACGAAACTTGCTG-1,8959,7409,0.2956487699107995,0.072516626910077,0.7716426982213233,False,False,interface,0.0015225654160969,0.0362583134550385,STROMA
CTAAGGGAATGATTGG-1,11709,9907,0.2265865316315738,-0.0806919906320253,0.5409748681469296,False,False,interface,0.0159864665170127,-0.04034599531601265,MIXED
CTAATTCTCAGATATT-1,8372,6162,1.373047507826962,0.1603554292169398,0.2511983065131703,True,True,interface,0.0095734405915474,0.0801777146084699,TUMOR
CTACGAACTAGGTCGA-1,4029,9772,-0.2409026097551878,-0.3186922173012582,-0.5647339638215764,False,False,other,0.0030372068239808,-0.1593461086506291,MIXED
CTACGCCATTTCCGAT-1,5410,8983,-0.6019798420147489,-0.3186922173012582,0.0362511342639235,False,False,other,0.0013096850384279,-0.1593461086506291,MIXED
CTAGATTTACGACGGC-1,11316,9680,-0.4733795446620971,0.072516626910077,-0.3812229333715771,False,False,interface,0.0258092303506028,0.0362583134550385,MIXED
CTAGCATAGTATAATG-1,9738,10581,-0.8930884835902378,-0.0806919906320253,-0.8770758336863531,False,False,other,0.0078210396433527,-0.04034599531601265,MIXED
CTAGCCGATGTTATGA-1,7583,6613,-0.0283345352900777,0.6343361501059249,0.2690523327836813,False,True,interface,0.0407686522569324,0.31716807505296246,IMMUNE_ACTIVE
CTAGTATTCGGAATTA-1,5804,8985,-0.521775306015314,-0.3186922173012582,0.1445957231062573,False,False,other,0.0003790307229089,-0.1593461086506291,MIXED
CTAGTCACGTCTTAAG-1,10330,10243,-0.2200621801721613,0.1288569917018705,-0.3714707472289536,False,False,other,0.0041184272441078,0.06442849585093526,MIXED
CTATAAGAGCCAATCG-1,8174,6728,-0.0073339403230504,-0.1685307929388881,0.9211802359969494,False,False,other,0.0090405071062692,-0.08426539646944405,STROMA
CTATCGGGTCTCAACA-1,9936,10242,-0.0021680504314714,0.3013591307241731,-0.2325199637531582,False,True,immune_core,0.0060169078699567,0.15067956536208654,MIXED
CTATGTCTATTGAAAC-1,5204,11813,0.3892616468509525,-0.1685307929388881,-0.0374237331582667,True,False,interface,0.0116858860121108,-0.08426539646944405,MIXED
CTCAGTCACGACAAAT-1,7778,7179,-0.111199793523102,0.072516626910077,1.5739997356155533,False,False,other,0.0040923248609425,0.0362583134550385,STROMA
CTCATGGCTCACAATC-1,5601,10908,0.4681372827613849,-0.0806919906320253,0.4297566723638619,True,False,interface,0.0098644768455426,-0.04034599531601265,MIXED
CTCGATATTTGCGAGC-1,7582,6839,0.2726714159348398,0.6445510087548251,0.2876236333475873,False,True,interface,0.0704650182331292,0.32227550437741254,IMMUNE_ACTIVE
CTCGTTTCTAATGTTT-1,7387,6273,-0.1736748319137311,0.3013591307241731,0.0176626759635847,False,True,interface,0.0088988591292531,0.15067956536208654,MIXED
CTCTCACAATCGATGA-1,9345,10127,-0.6954309435772968,0.2226780512724472,-0.0309177774070884,False,True,immune_core,0.0035023780395883,0.1113390256362236,MIXED
CTCTGTTTGAGGATTC-1,5801,9890,-0.1012130902137805,0.4258606518939078,0.1295995947413158,False,True,interface,0.0030916002624979,0.2129303259469539,MIXED
CTGAATTTATTGCCAG-1,7388,6046,0.3134666111983691,-0.3186922173012582,0.1019455966000977,False,False,interface,0.155926709313525,-0.1593461086506291,MIXED
CTGACTGCGCAGCTCG-1,9159,6617,0.5148398692517169,0.072516626910077,0.0332481722463894,True,False,interface,0.0051755888533972,0.0362583134550385,MIXED
CTGCACAACTACATAT-1,12892,9458,0.5183830141523513,0.2226780512724472,0.2492730699732074,True,True,interface,0.0282747094128291,0.1113390256362236,MIXED
CTGCCTAGCCACCAAG-1,4622,8981,-0.610840368536952,-0.3186922173012582,-0.1294885217323564,False,False,other,0.0007411117258538,-0.1593461086506291,MIXED
CTGCGGTAGTCACGTG-1,5020,7624,-0.8411992885291324,-0.1685307929388881,-0.5647339638215764,False,False,other,0.0002094503425388,-0.08426539646944405,MIXED
CTGCGTTACGATATAA-1,6201,7854,-0.1345416477134088,-0.3186922173012582,0.0558077369918278,False,False,other,0.00063869046144,-0.1593461086506291,MIXED
CTGGCGACATAAGTCC-1,6395,8873,-0.695858991905479,-0.3186922173012582,-0.308923711067573,False,False,other,0.0009848268922673,-0.1593461086506291,MIXED
CTGGGTAGGCAGTTAA-1,11515,9115,-0.1384915442644849,0.3668572183711035,-0.4551774068518886,False,True,immune_core,0.0037739816274844,0.18342860918555176,MIXED
CTGGTAACGAGCTCTT-1,8763,7069,0.5923730177222011,-0.077644797452293,0.22803920920546,True,False,interface,0.0041887290733443,-0.0388223987261465,MIXED
CTGGTCCTAACTTGGC-1,4420,10678,0.5949731093715298,-0.3186922173012582,-0.1528431244979383,True,False,interface,0.0079336869055475,-0.1593461086506291,MIXED
CTGTGCAGGGTAGGTC-1,11315,10133,-0.0148105326948035,-0.1685307929388881,-0.3778567247147937,False,False,interface,0.0107572165652052,-0.08426539646944405,MIXED
CTTAACTTCGAAGTAC-1,5207,10907,0.286165616080893,0.338021849587045,0.995631056263356,False,True,interface,0.0125308909689337,0.1690109247935225,STROMA
CTTAGTAGGCCTACAG-1,9356,6505,1.0606848366511077,0.9063321854288776,0.655746131766661,True,True,interface,0.03889808787782,0.4531660927144388,IMMUNE_EXHAUSTED
CTTCTTACGTCGTATA-1,5797,11248,0.1089838407440384,-0.1685307929388881,-0.7408673773203599,False,False,interface,0.0448084259435364,-0.08426539646944405,MIXED
CTTGACCCGAAAGATA-1,4811,11585,-0.0186493488466561,-0.077644797452293,-0.0524621785217124,False,False,interface,0.0038048265218347,-0.0388223987261465,MIXED
CTTGTGCTCACCGATT-1,7384,7405,0.1195871747972604,-0.077644797452293,0.0979274956086545,False,False,other,0.0267822317861665,-0.0388223987261465,MIXED
CTTTACCGAATAGTAG-1,12895,8553,-0.3862429063788412,-0.3186922173012582,0.1623454391855344,False,False,other,0.0114288133821496,-0.1593461086506291,MIXED
GAAACAGCCATGCAGT-1,5600,11135,1.458084449379394,-0.3186922173012582,0.140140983484262,True,False,interface,0.0998127608757787,-0.1593461086506291,TUMOR
GAAACTCTAATGAAGG-1,5604,9776,0.1461600537030836,0.0633589040549401,-0.5239373454887487,False,False,interface,0.0070709120388416,0.03167945202747005,MIXED
GAAATCGCGCGCAACT-1,6587,10345,-0.0608332679175372,-0.3186922173012582,-0.8770758336863531,False,False,interface,0.0038117779711702,-0.1593461086506291,MIXED
GAAATTAGCACGGATA-1,6597,7176,-0.1359098266123735,-0.1685307929388881,0.3944746594718773,False,False,other,0.0025382525112366,-0.08426539646944405,MIXED
GAATATTCGGAGTCCC-1,5608,8644,-0.5725273203041532,-0.3186922173012582,-0.096311507387165,False,False,other,0.0008543482117549,-0.1593461086506291,MIXED
GAATGTATGGCAGGTC-1,6004,7740,-0.1718888555160877,-0.3186922173012582,-0.2375508216057775,False,False,other,0.0009955742892314,-0.1593461086506291,MIXED
GAATGTGGTCCGGATT-1,11515,8888,-0.679175682227387,-0.3186922173012582,-0.4086533772519417,False,False,other,0.0112318435994342,-0.1593461086506291,MIXED
GAATTATAGTGAAAGG-1,9739,10354,-0.4996375302760206,-0.0806919906320253,-0.7408673773203599,False,False,other,0.0109650537436803,-0.04034599531601265,MIXED
GACCCGTCGCCGGCTA-1,4812,11359,-0.0073774287442396,-0.3186922173012582,0.2363272687087921,False,False,other,0.0019231353885945,-0.1593461086506291,MIXED
GACCGTCAGGTCGTGA-1,5607,8871,-0.2859302480963047,-0.3186922173012582,0.3744671061653712,False,False,other,0.0005105435556229,-0.1593461086506291,MIXED
GACGGTCAATAGAAGC-1,8961,6730,0.3057016107207008,-0.0806919906320253,0.7666387896735889,False,False,interface,0.0146405975661643,-0.04034599531601265,STROMA
GACTACAATTGCTCGT-1,4622,8755,-0.5690793328433028,-0.3186922173012582,0.3474367253408074,False,False,other,0.0026567466752117,-0.1593461086506291,MIXED
GACTCGCGGGAATGAC-1,8566,7182,0.2728252655532877,-0.3186922173012582,-0.1153119763907691,False,False,interface,0.0117529316963988,-0.1593461086506291,MIXED
GACTGCACCAGCCCAG-1,12106,9003,0.3086802914011252,0.0299718126940325,-0.1159190641177115,False,False,interface,0.0610425149885013,0.01498590634701625,MIXED
GAGATCTTCCATGACA-1,11908,9342,0.0034326138369401,0.9702781136473456,-0.1627152889059001,False,True,interface,0.061970823097931,0.4851390568236728,IMMUNE_EXHAUSTED
GAGGTACATCCATCTT-1,5406,10342,0.2574732272173259,-0.1685307929388881,0.4018975500457358,False,False,interface,0.0028843734286797,-0.08426539646944405,MIXED
GATATGCGGTAGCCAA-1,6792,7742,-0.3375060576266578,0.1288569917018705,-0.7408673773203599,False,False,other,0.0202504125424412,0.06442849585093526,MIXED
GATATTGAGATTGGCG-1,9749,6732,1.1298396737378904,-0.077644797452293,0.3275645951371659,True,False,interface,0.0182643042791403,-0.0388223987261465,TUMOR
GATATTTCCTACATGG-1,6397,7968,-0.6464649056861009,-0.3186922173012582,0.3240093068132336,False,False,other,0.0011813878235995,-0.1593461086506291,MIXED
GATCCGGGAATTAACA-1,10725,9791,-0.2363174415220711,0.0299718126940325,0.2874110317056915,False,False,other,0.0076609031079188,0.01498590634701625,MIXED
GATCCTAAATCGGGAC-1,8369,7294,0.852014929927172,-0.3186922173012582,0.5486691385735687,True,False,interface,0.0389210715527094,-0.1593461086506291,TUMOR
GATCGTGACTGATATC-1,10528,9904,-0.0148105326948035,0.6257794731492304,-0.125532658882912,False,True,immune_core,0.027423274740679,0.3128897365746152,IMMUNE_ACTIVE
GATCTTGGAGGGCATA-1,11709,10134,-0.0903696630041246,0.1878604252246749,0.6296079063131977,False,True,interface,0.0337407989916991,0.09393021261233744,STROMA
GATGCTGTATTTCATC-1,11513,9567,0.4111706290403591,-0.3186922173012582,-0.4575335639700135,True,False,interface,0.0131319479678176,-0.1593461086506291,MIXED
GATGGTGCCCTAGGCA-1,5015,9209,-0.5547364747770831,-0.1685307929388881,0.3886002876193327,False,False,other,0.0022917090672664,-0.08426539646944405,MIXED
GATGTCGGTCAACTGC-1,4816,9774,-0.8828525382748751,0.8658767011875986,-0.0199061636053395,False,True,immune_core,0.1547835076098995,0.4329383505937993,IMMUNE_EXHAUSTED
GATGTGTTGTCACAAG-1,4227,9206,-0.8930884835902378,-0.3186922173012582,-0.4575335639700135,False,False,other,0.0002943637497678,-0.1593461086506291,MIXED
GATTCCGCGTTTCCGT-1,6196,9438,0.6210450885749117,0.412022934050231,-0.5937420203360068,True,True,interface,0.1594247839042851,0.2060114670251155,MIXED
GATTCGACGGTTCACG-1,11118,10019,0.1647777795900203,-0.3186922173012582,0.0226455493664065,False,False,interface,0.0158411688557592,-0.1593461086506291,MIXED
GATTGACACTCTGCTC-1,4025,10904,-0.2787252458987582,-0.1685307929388881,-0.2602165993598618,False,False,interface,0.0381197943442131,-0.08426539646944405,MIXED
GCAAACCCTACATTAT-1,12501,8778,0.2814022057941857,0.072516626910077,-0.2518689508409434,False,False,other,0.0161214637848838,0.0362583134550385,MIXED
GCAACCACCAGACCGG-1,5808,7626,-0.2970194702850603,-0.3186922173012582,-0.2026402460386904,False,False,other,0.0013728183952757,-0.1593461086506291,MIXED
GCAACGGCTAGTTATG-1,11526,5266,0.5880389419586292,-0.0183693685765179,0.120131951309927,True,False,interface,0.0270084947387846,-0.00918468428825895,MIXED
GCACAAACGAGGCGTG-1,12117,5155,0.3589009127825884,0.31051685357931,0.2743110489795674,True,True,interface,0.0245169863350061,0.155258426789655,MIXED
GCACAAGTGTCGGAAG-1,5010,10793,0.3520325636312194,-0.1685307929388881,0.6723997017573874,True,False,interface,0.0141817795741414,-0.08426539646944405,STROMA
GCAGGTAGAGTATGGT-1,6596,7402,-0.2778280849952374,-0.3186922173012582,-0.358720832608325,False,False,interface,0.0078391462855351,-0.1593461086506291,MIXED
GCCAACCATTTCCGGA-1,8176,6049,0.7314721316129512,0.1028641964856221,1.5953660234256706,True,False,interface,0.0064158104192802,0.05143209824281105,TUMOR
GCCAATAGGGCATCTC-1,7978,6388,0.4529226387624169,-0.0806919906320253,0.4466586791714669,True,False,interface,0.0112891516590826,-0.04034599531601265,MIXED
GCCAGGAGTAACCGAT-1,7185,7970,-0.5338353856037337,0.2226780512724472,-0.1404054223507162,False,True,immune_core,0.0014073275161799,0.1113390256362236,MIXED
GCCAGGCGTTCGCATG-1,4822,7963,-0.882424489946693,-0.3186922173012582,-0.66119053806514,False,False,other,0.0010142034984571,-0.1593461086506291,MIXED
GCCATATTGCACACAG-1,7382,7857,-0.4366450759710424,-0.3186922173012582,-0.4466166633516537,False,False,other,0.0011584825816704,-0.1593461086506291,MIXED
GCCTATTTGCTACACA-1,4612,12377,0.7555476454926862,-0.3186922173012582,0.4932882464766575,True,False,tumor_core,0.0348703671817803,-0.1593461086506291,TUMOR
GCGAGTTCTGCAAAGA-1,9934,10921,-0.0478897473512448,0.0299718126940325,-0.5538170632032166,False,False,other,0.0036473008723998,0.01498590634701625,MIXED
GCGATTCTGGAAGCAG-1,5014,9661,-0.882424489946693,-0.3186922173012582,-0.5979109781667677,False,False,other,0.0518791116103405,-0.1593461086506291,MIXED
GCGATTGTTAACGTTA-1,10332,9337,-0.7644446978163969,-0.1685307929388881,-0.2515204327567623,False,False,interface,0.0309672676917828,-0.08426539646944405,MIXED
GCGCATCCAGTCAGCA-1,8763,7295,0.8054242740309253,-0.3186922173012582,-0.0166346681319451,True,False,interface,0.00727998869714,-0.1593461086506291,TUMOR
GCGCCGTTCCACGATA-1,11116,10698,-0.2381981729401337,-0.1685307929388881,-0.413684235104561,False,False,interface,0.0531260216683576,-0.08426539646944405,MIXED
GCGCGTCATTGGTACA-1,14273,8670,-0.6954309435772968,-0.3186922173012582,-0.3243557545390206,False,False,other,0.0018094765510022,-0.1593461086506291,MIXED
GCGCTAATTGAATAGA-1,9739,10128,-0.3211071457546227,-0.1685307929388881,-0.1927680816307286,False,False,other,0.0022825230240828,-0.08426539646944405,MIXED
GCGCTGATCCAGACTC-1,6397,8194,-0.6960777122603344,-0.3186922173012582,-0.3488486682003632,False,False,other,0.0009030104121716,-0.1593461086506291,MIXED
GCGGAGAGGGAGAACG-1,12105,9229,0.4760920126415073,-0.3186922173012582,0.3430097758168376,True,False,other,0.293071511863,-0.1593461086506291,MIXED
GCGGTGAACTGCGCTC-1,6990,7403,-0.6518151777340295,-0.1685307929388881,0.8635005526048103,False,False,interface,0.005757812430769,-0.08426539646944405,STROMA
GCGTCGAAATGTCGGT-1,6389,10684,0.2552163260009069,-0.1685307929388881,-0.8770758336863531,False,False,other,0.0006609212435652,-0.08426539646944405,MIXED
GCGTGGTACTGGGTTA-1,9945,7299,1.448188662293308,0.072516626910077,1.1020338982213032,True,False,interface,0.0140889766947853,0.0362583134550385,TUMOR
GCTACGACTTATTGGG-1,11511,10246,0.1893200230800003,0.1603554292169398,0.3823281815497705,False,True,interface,0.0072929520850192,0.0801777146084699,MIXED
GCTAGTAGAGCTTGTA-1,10722,10697,0.4529416051830942,0.2226780512724472,0.6102589192254128,True,True,interface,0.0272161145787782,0.1113390256362236,STROMA
GCTCATTACTGCATGT-1,5611,7512,0.7621251638804087,-0.077644797452293,-0.3706900911522298,True,False,tumor_core,0.0052017719015901,-0.0388223987261465,TUMOR
GCTCCGCTCGCTTCAG-1,11329,5379,1.0543889291978643,0.9580731976124764,-0.2207066224831815,True,True,interface,0.0473433050638044,0.4790365988062382,IMMUNE_EXHAUSTED
GCTCGCTCATGTCCAA-1,11128,6850,-0.1596063392305247,-0.3186922173012582,0.7416835619725285,False,False,other,0.0003906594918526,-0.1593461086506291,STROMA
GCTGCACGGTTTCTTA-1,11119,9793,-0.5113605543778103,0.072516626910077,-0.2004396393127075,False,False,other,0.0257003961367987,0.0362583134550385,MIXED
GCTGCTACTGCGTAGC-1,13089,9572,1.450259236019114,0.0299718126940325,0.1246241401222428,True,False,interface,0.1595500777122395,0.01498590634701625,TUMOR
GCTGTTGCTACCGAAC-1,10732,7301,-0.4506714923848247,-0.3186922173012582,0.1818545366397699,False,False,interface,0.182088894438022,-0.1593461086506291,MIXED
GCTTGGATCGATTAGG-1,9157,7070,0.5087772905162445,-0.077644797452293,0.004289819997241,True,False,interface,0.0094661017688854,-0.0388223987261465,MIXED
GCTTTCAGAGGAGGTG-1,9551,7298,0.9289227881860456,-0.0806919906320253,0.4386950363053591,True,False,interface,0.0033523172293281,-0.04034599531601265,TUMOR
GGAAAGTGCCCATGCC-1,6989,7856,-0.4423468001387101,-0.1685307929388881,0.5780969060177347,False,False,other,0.0014675060751752,-0.08426539646944405,MIXED
GGAAGCTCGCTTACAG-1,5214,8643,-0.6798541227760522,-0.1685307929388881,-0.7408673773203599,False,False,other,0.001822576084413,-0.08426539646944405,MIXED
GGAATAACCTCAAGAA-1,4221,11244,0.3739659405611947,-0.3186922173012582,-0.2141642343839927,True,False,tumor_core,0.0103987174969555,-0.1593461086506291,MIXED
GGAGACGACACCTTTG-1,11511,10473,0.0526478937341773,-0.3186922173012582,-0.5140651810807869,False,False,other,0.0186662328206997,-0.1593461086506291,MIXED
GGAGGATTGAAAGGAG-1,4423,9773,-0.882424489946693,-0.3186922173012582,-0.3687284201191514,False,False,other,0.0164245538332268,-0.1593461086506291,MIXED
GGATCAAAGGACGAGG-1,4219,12149,-0.0951342648033523,-0.3186922173012582,-0.4086533772519417,False,False,other,0.00137376062074,-0.1593461086506291,MIXED
GGATCATCCCGTACGC-1,6401,6609,-0.8930884835902378,0.4943895843924549,-0.3678319794675346,False,True,immune_core,0.0192270959883904,0.24719479219622745,MIXED
GGCAAGGCGAAATAGC-1,11905,10248,-0.2006854917104505,1.0311265765009838,-0.3104082069856605,False,True,interface,0.2109658292645693,0.5155632882504919,IMMUNE_EXHAUSTED
GGCATATCGGTTCTGC-1,6395,8647,-0.6122157873301116,-0.3186922173012582,-0.4176086068372232,False,False,other,0.0006287717524784,-0.1593461086506291,MIXED
GGCTAAAGGGCGGGTC-1,6795,6837,-0.4049690706848456,-0.1685307929388881,-0.1067052648896686,False,False,interface,0.0055943093734754,-0.08426539646944405,MIXED
GGCTCGCGTTGAGGTA-1,9156,7523,0.5270771114153263,-0.1685307929388881,0.120131951309927,True,False,interface,0.0039586651494508,-0.08426539646944405,MIXED
GGCTGAAATAGCAAAG-1,12697,9118,1.9214125089392016,0.8973751387026679,0.3554474779640597,True,True,interface,1.2332933265455817,0.44868756935133397,IMMUNE_EXHAUSTED
GGGCGTCCACTGGCTC-1,6199,8533,-0.2306157173544034,0.0633589040549401,0.1206443651560342,False,False,other,0.0038613853553517,0.03167945202747005,MIXED
GGGCTGCCTAGGGCGA-1,9542,10241,-0.7648727461445791,-0.3186922173012582,-0.2515204327567623,False,False,other,0.004877008078256,-0.1593461086506291,MIXED
GGGTCGTGGCAAGTGT-1,7979,5935,0.9762521707394348,-0.0806919906320253,0.9688231684396372,True,False,interface,0.0144507850884887,-0.04034599531601265,TUMOR
GGGTGGTCCAGCCTGT-1,4421,10226,-0.2031880132146497,-0.077644797452293,0.2485689990178806,False,False,interface,0.0774196786946902,-0.0388223987261465,MIXED
GGGTGTTTCAGCTATG-1,6193,10344,-0.1352332894337944,-0.1685307929388881,-0.5937420203360068,False,False,interface,0.009043141359933,-0.08426539646944405,MIXED
GGTAAATGTGCGTTAC-1,5213,8870,-0.2589820053781544,-0.077644797452293,0.0972954613587165,False,False,other,0.0018894238549307,-0.0388223987261465,MIXED
GGTAGTGCTCGCACCA-1,9740,9902,-0.6019798420147489,-0.1685307929388881,-0.5140651810807869,False,False,other,0.0076005329641965,-0.08426539646944405,MIXED
GGTCGGATAAACGGCG-1,7582,7066,-0.4648216313646334,0.6563277188537028,0.0608214371080143,False,True,immune_core,0.0460027136575474,0.3281638594268514,IMMUNE_ACTIVE
GTAAGGATTTGTCGGA-1,5012,10341,-0.3299676722768258,-0.3186922173012582,-0.3104082069856605,False,False,interface,0.2740902159215091,-0.1593461086506291,MIXED
GTAATAAAGGGCTCCC-1,9159,6391,0.1746573941989591,0.2135203284173103,1.1374787954902408,False,True,interface,0.0307210340543269,0.10676016420865515,STROMA
GTACACTTACCTGAAG-1,10131,10808,-0.5686512845151207,0.1317920557858521,-0.4280023643397269,False,False,other,0.0047935900940149,0.06589602789292605,MIXED
GTACGCTTCATTGCAC-1,12103,9909,1.0341780105903264,1.3097844207874996,1.5441768919776175,True,True,interface,0.2406175127399678,0.6548922103937498,IMMUNE_EXHAUSTED
GTACGTTTGCCCGTCA-1,11708,10360,-0.2682631142485452,-0.1685307929388881,0.7733194938580085,False,False,interface,0.055218332779634,-0.08426539646944405,STROMA
GTACTCCTGGGTATGC-1,8174,6501,1.1197441790647265,-0.0806919906320253,0.1330717347609549,True,False,tumor_core,0.0062282082718099,-0.04034599531601265,TUMOR
GTAGACAACCGATGAA-1,4417,11810,0.1685532126884563,-0.3186922173012582,-0.7299504767020001,False,False,other,0.001817630390726,-0.1593461086506291,MIXED
GTAGCGGCTATACACT-1,10724,10244,0.3464305037910574,-0.1685307929388881,-0.2325199637531582,False,False,interface,0.0053678591666844,-0.08426539646944405,MIXED
GTAGGTGATCCGTGTA-1,6394,9099,-0.2970065035150568,-0.0806919906320253,-0.4575335639700135,False,False,interface,0.0055246732372747,-0.04034599531601265,MIXED
GTAGTCGCGGGAATCA-1,12697,8892,0.1612340523648776,-0.3186922173012582,-0.0671952880129883,False,False,interface,0.1719525630503293,-0.1593461086506291,MIXED
GTCAAGCGGACTCGGG-1,10726,9339,0.236702344401137,-0.0806919906320253,-0.4280023643397269,False,False,other,0.0432942495487903,-0.04034599531601265,MIXED
GTCACAAAGTTTCCAA-1,4812,11132,0.3524298439093418,-0.077644797452293,0.4455910327148987,True,False,interface,0.0041925761743166,-0.0388223987261465,MIXED
GTCAGTTGTGCTCGTT-1,4816,10000,-0.3271554495138652,0.9615322847766876,-0.4677542464621564,False,True,immune_core,0.2231020294863113,0.4807661423883438,IMMUNE_EXHAUSTED
GTCATTAGAGCGAACG-1,10329,10469,-0.197587348946238,0.5699115465808733,-0.5076792035949468,False,True,immune_core,0.0227991201788806,0.28495577329043664,MIXED
GTCCCAACGTAAAGTA-1,9543,9788,-0.2907379454744686,-0.1685307929388881,-0.3388487024046837,False,False,other,0.0019773594281807,-0.08426539646944405,MIXED
GTCCCGCGACGTTATG-1,14470,8784,-0.5213472576871319,-0.3186922173012582,-0.5937420203360068,False,False,other,0.0002031495362421,-0.1593461086506291,MIXED
GTCCTTCTAGTGGGTT-1,5016,8756,0.310731704153412,-0.0806919906320253,-0.5557787342362948,False,False,other,0.0054241192259474,-0.04034599531601265,MIXED
GTCGCGTAACCCGTTG-1,10726,9565,-0.5709905859125511,0.1603554292169398,-0.8770758336863531,False,True,immune_core,0.0160172224575295,0.0801777146084699,MIXED
GTCGGATGTAGCGCGC-1,6393,9326,-0.0162616664916498,-0.3186922173012582,-0.1825874191095416,False,False,interface,0.0842568343716425,-0.1593461086506291,MIXED
GTCGTATTGGCGTACA-1,6793,7290,-0.6682891594387951,-0.077644797452293,-0.2999684814822913,False,False,interface,0.0065201699265203,-0.0388223987261465,MIXED
GTCGTTATTCGCTTAT-1,12105,9456,-0.4149862956453528,-0.0183693685765179,-0.0881369338786073,False,False,interface,0.0478585730478019,-0.00918468428825895,MIXED
GTCTTAGTACAGCCGG-1,5409,9210,-0.882424489946693,-0.1685307929388881,-0.024306225813924,False,False,other,0.0018791929601941,-0.08426539646944405,MIXED
GTCTTGTAGCTATTCA-1,11723,5380,-0.2358987897559357,-0.0806919906320253,-0.5837172750887476,False,False,interface,0.0456305203525799,-0.04034599531601265,MIXED
GTGAAACGGCGCCACC-1,7776,8085,-0.5500906469536434,-0.3186922173012582,-0.3547964608756628,False,False,other,0.0017606268032383,-0.1593461086506291,MIXED
GTGAAGATTTCAAGTG-1,7190,6385,-0.2302981254875241,-0.1685307929388881,0.0340341146088443,False,False,other,0.0315145616893836,-0.08426539646944405,MIXED
GTGAGGACACTTAAGG-1,11120,9340,-0.4627155510185521,2.8894682205633244,-0.3016660723816954,False,True,immune_core,0.5076474339266008,1.4447341102816622,IMMUNE_EXHAUSTED
GTGAGGAGCGGTTGAG-1,5609,8192,-0.6866310766454167,-0.3186922173012582,-0.4176086068372232,False,False,other,0.0005402484078765,-0.1593461086506291,MIXED
GTGATGCACAACATCT-1,5415,7172,-0.646892954014283,-0.1685307929388881,-0.4475088187227545,False,False,other,0.0004904318385609,-0.08426539646944405,MIXED
GTGCAACAAATGTGGC-1,5798,11022,0.8491877349924811,0.3668572183711035,-0.165337637750364,True,True,tumor_core,0.0396762038496714,0.18342860918555176,MIXED
GTGCACGAAAGTGACT-1,6391,10005,0.879406144663452,0.1603554292169398,-0.5647339638215764,True,True,interface,0.043992138738429,0.0801777146084699,TUMOR
GTGCCTCAGTGTACGG-1,5217,7511,-1.0281928348985283,-0.3186922173012582,-0.5348542461071085,False,False,other,0.0035932472585969,-0.1593461086506291,MIXED
GTGCGACAGGGAGTGT-1,10143,6733,1.710367095048079,0.2135203284173103,-0.2076711038913097,True,True,interface,0.0119142365116532,0.10676016420865515,TUMOR
GTGGAACCTACATGCG-1,6001,8872,-0.7978339149063481,-0.3186922173012582,-0.0555025949164041,False,False,other,0.0008903919178524,-0.1593461086506291,MIXED
GTGGTGGCCAAGTGAA-1,11909,9116,-0.3762562030695197,-0.0806919906320253,0.3162743969830455,False,False,interface,0.0813422517813612,-0.04034599531601265,MIXED
GTGTTACTATGCGTCC-1,11120,9566,-0.4840000498844529,-0.3186922173012582,-0.2724449208859485,False,False,other,0.0825482434459947,-0.1593461086506291,MIXED
GTTAAAGTAGGACTGG-1,12698,8665,-0.2465533868374339,-0.3186922173012582,-0.1514880048647174,False,False,other,0.0162003784241561,-0.1593461086506291,MIXED
GTTAACTATGTTGTCA-1,11525,5492,1.3594353959485124,0.072516626910077,0.8226601395171688,True,False,interface,0.0386749215272054,0.0362583134550385,TUMOR
GTTAGAGTGTGCCGCT-1,4423,9546,-0.7644446978163969,-0.3186922173012582,-0.0965560934852636,False,False,other,0.0041354701938276,-0.1593461086506291,MIXED
GTTATCACCTTCTGAA-1,4221,11470,0.1725522718288581,-0.077644797452293,0.050813849597188,False,False,other,0.0051007217723634,-0.0388223987261465,MIXED
GTTCGGATCGGGAACA-1,11722,5606,0.91877988744171,0.2226780512724472,0.1579211327327725,True,True,interface,0.0013301664707563,0.1113390256362236,TUMOR
GTTGAGTCCCGCCGGT-1,13287,9233,0.2317587563247476,0.072516626910077,0.5859501356848743,False,False,interface,0.0233221346862929,0.0362583134550385,MIXED
GTTGGATTCAGTGGCT-1,6203,7175,-0.4047503503299899,-0.1685307929388881,-0.8770758336863531,False,False,other,0.0003997715225655,-0.08426539646944405,MIXED
GTTTCTGCAGTCTCCC-1,10922,9905,0.2575708951973851,0.5200658359132059,0.1778544747360038,False,True,immune_core,0.0151637819861347,0.26003291795660294,MIXED
GTTTGGCCCAAGTTAT-1,11318,9001,-0.4376798472261317,-0.3186922173012582,-0.4475088187227545,False,False,other,0.1243392297224205,-0.1593461086506291,MIXED
TAAAGCTGCAATAGGG-1,6400,7062,-0.366020257754157,-0.1685307929388881,0.1625061822768205,False,False,other,0.0004706452603844,-0.08426539646944405,MIXED
TAACATACAATGTGGG-1,10527,10130,0.0697800423455412,-0.0183693685765179,0.0972071105736605,False,False,other,0.0094203204183707,-0.00918468428825895,MIXED
TAACCGCCCGCAGTGC-1,4808,12491,1.9004272300953784,0.0299718126940325,0.1533902096002528,True,False,interface,0.0476583504291518,0.01498590634701625,TUMOR
TAACCTACCGTCCGAG-1,9553,6619,0.5248551690386785,0.2710192325429978,0.3578036350821846,True,True,interface,0.0110279159406713,0.1355096162714989,MIXED
TAATAAACAAGGAGAT-1,6398,7741,-0.2430206246699168,-0.3186922173012582,-0.4761018949810748,False,False,interface,0.0013710496629852,-0.1593461086506291,MIXED
TAATCGATCCGTACGT-1,7974,7519,-0.8411992885291324,-0.3186922173012582,-0.7408673773203599,False,False,other,0.0220588320301859,-0.1593461086506291,MIXED
TAATTGGAATCGGGAA-1,6403,6156,-0.366020257754157,-0.3186922173012582,0.4511597130650396,False,False,other,0.0005170177267691,-0.1593461086506291,MIXED
TACCAATAAAGTACCA-1,13880,8669,-0.7644446978163969,-0.1685307929388881,-0.1451916941052369,False,False,other,0.0061311393983806,-0.08426539646944405,MIXED
TACCAGCTAGGTTTAA-1,5208,10681,0.5725485653841919,-0.1685307929388881,0.1778544747360038,True,False,interface,0.0091137835721697,-0.08426539646944405,MIXED
TACCGCGGACTTGCAG-1,9551,7071,0.6367824798357292,-0.1685307929388881,0.7844470190921243,True,False,interface,0.0119273754330618,-0.08426539646944405,TUMOR
TACTGCAATCAATTAC-1,7386,6499,0.2668558956592959,-0.3186922173012582,-0.4195702778703016,False,False,other,0.0353828523404037,-0.1593461086506291,MIXED
TACTTTACTGAGCCGG-1,8960,7183,0.2197055050131661,0.3938897761554021,0.0108888924643977,False,True,interface,0.0075318832886472,0.19694488807770105,MIXED
TAGAATTAAGGGCAAC-1,5014,9435,-0.8828525382748751,-0.3186922173012582,0.9493320316415472,False,False,other,0.0175333304451891,-0.1593461086506291,STROMA
TAGATCCGAAGTCGCA-1,5013,9888,-0.6866310766454167,-0.1685307929388881,0.3822931615897479,False,False,other,0.2521646513933331,-0.08426539646944405,MIXED
TAGCGTTGGGTCTTAC-1,10526,10357,-0.1167016395970128,0.4289078450736401,0.3827616579392673,False,True,interface,0.0193360098685193,0.21445392253682005,MIXED
TAGGCATGTTACGCCA-1,7578,8424,-0.5503093673084989,-0.1685307929388881,-0.5538170632032166,False,False,other,0.0013328904042496,-0.08426539646944405,MIXED
TAGGGAGCTTGGGATG-1,10142,7186,0.2241316496301713,-0.3186922173012582,0.3876022683370352,False,False,interface,0.1231864092011758,-0.1593461086506291,MIXED
TAGGTCGCCGGAACTG-1,9355,6731,0.8134219341579446,-0.0183693685765179,0.0907011548224822,True,False,interface,0.0130476144152432,-0.00918468428825895,TUMOR
TAGGTTCGAGTTCGTC-1,9935,10468,-0.8930884835902378,-0.3186922173012582,-0.7299504767020001,False,False,other,0.0166892055274323,-0.1593461086506291,MIXED
TAGTCTGTGACGTTGC-1,7584,6386,-0.1985551521612135,-0.1685307929388881,-0.3315457900961632,False,False,interface,0.1486518641785742,-0.08426539646944405,MIXED
TAGTTAAGATAGGATA-1,5410,8757,-0.6195324495209257,-0.1685307929388881,0.951103921485205,False,False,other,0.0009006591762884,-0.08426539646944405,STROMA
TATATCCCTGGGAGGA-1,10142,6960,2.1835777669909273,0.572723294347444,0.2962303448486878,True,True,interface,0.1955590363867357,0.286361647173722,MIXED
TATATTCGCGTCGATA-1,4616,11018,1.263725383015739,-0.1685307929388881,0.7772587950911708,True,False,interface,0.0476588897280071,-0.08426539646944405,TUMOR
TATCACAGCACGGGCA-1,3829,10790,-0.6682891594387951,0.7855710585901738,0.1029103171508614,False,True,interface,0.1822831234716172,0.3927855292950869,IMMUNE_ACTIVE
TATCACCCAACCGACC-1,7780,6727,0.8731669538979541,0.072516626910077,0.2342296812334285,True,False,interface,0.0709402028679863,0.0362583134550385,TUMOR
TATCACTTCGAGTAAC-1,6401,6836,-0.6270639580212344,-0.3186922173012582,0.499709737261941,False,False,other,0.017680138355555,-0.1593461086506291,MIXED
TATCGATCTATGCATA-1,7382,8084,-0.3709424814739034,-0.3186922173012582,-0.2672189327068563,False,False,other,0.0006163664414669,-0.1593461086506291,MIXED
TATGTCAAGACCGACT-1,6989,7630,0.0524518986559872,-0.3186922173012582,-0.5140651810807869,False,False,interface,0.0144889397807344,-0.1593461086506291,MIXED
TATTACCATCCTGCTT-1,10536,7187,1.1979272981326765,1.1414898385303005,0.6377093145138376,True,True,tumor_core,0.5823149590811186,0.5707449192651503,IMMUNE_EXHAUSTED
TATTCAATTCTAATCC-1,9741,9675,-0.5440713309190963,-0.3186922173012582,-0.413684235104561,False,False,other,0.0085011664499656,-0.1593461086506291,MIXED
TATTCGTGCCAGAATA-1,9737,10807,-0.8930884835902378,-0.1685307929388881,-0.7408673773203599,False,False,other,0.0036195340955406,-0.08426539646944405,MIXED
TATTTATACCGAGTAG-1,6197,9212,0.6789766765656579,0.2710192325429978,0.4194475606880791,True,True,interface,0.1162467470164657,0.1355096162714989,TUMOR
TCACAGGGAATCGCAA-1,12303,9117,-0.2016532949254259,0.5365244552199657,0.245036800738798,False,True,interface,0.101061878194739,0.26826222760998286,MIXED
TCACTACGACCAATGC-1,5612,7286,-0.4058730431827201,-0.3186922173012582,-0.5557787342362948,False,False,other,0.001382751585246,-0.1593461086506291,MIXED
TCACTCGTGCAACGGC-1,6005,7514,-0.3245814049996687,-0.3186922173012582,-0.5557787342362948,False,False,other,0.0016147667154607,-0.1593461086506291,MIXED
TCAGACGCTATAGAAG-1,12497,9910,0.1893200230800003,0.2135203284173103,-0.2429137212556618,False,True,interface,0.0172793366121662,0.10676016420865515,MIXED
TCATCCCAGAGGGTGG-1,5406,10115,-0.0662195351946943,0.1288569917018705,-0.1953373337301701,False,False,other,0.0077631639019069,0.06442849585093526,MIXED
TCATGCAGGTTCTCAT-1,6593,8534,-0.5269467717411017,0.4183274921844698,-0.1464571470120982,False,True,immune_core,0.0062482560620146,0.2091637460922349,MIXED
TCATTTAAGTCTCCGA-1,9946,6846,1.784085388995685,-0.0806919906320253,0.9308156832856034,True,False,interface,0.0262076114128264,-0.04034599531601265,TUMOR
TCCAGAGCACCGGTTC-1,10921,10132,0.2235887574203652,-0.077644797452293,-0.3605538466105938,False,False,interface,0.0039460248994465,-0.0388223987261465,MIXED
TCCATTGTGACCTCGT-1,4620,9434,-0.5793152781586656,-0.1685307929388881,0.6397220577575803,False,False,other,0.0010756462198438,-0.08426539646944405,STROMA
TCCCGTGTGCAATTTG-1,11712,9002,-0.248040465623861,-0.3186922173012582,-0.3796453207375113,False,False,other,0.0046097754759357,-0.1593461086506291,MIXED
TCCCTTAGATTACTCG-1,6593,8308,-0.3795724195183875,0.072516626910077,-0.5448618336179349,False,False,other,0.0034435081736477,0.0362583134550385,MIXED
TCCGATAATTGCCATA-1,6586,10798,-0.1064686970858123,-0.3186922173012582,-0.691987190602288,False,False,other,0.0003517705210517,-0.1593461086506291,MIXED
TCCGCTGTCATCCCGG-1,12303,8891,0.1705667377612245,-0.1685307929388881,-0.2724449208859485,False,False,interface,0.0484155871923264,-0.08426539646944405,MIXED
TCCGGCCTAGCGTACA-1,8567,6955,1.2915526926420169,-0.0806919906320253,0.3551181190775861,True,False,interface,0.0279283006218178,-0.04034599531601265,TUMOR
TCCTACATCCACGGCC-1,12107,8550,-0.6960777122603344,-0.0806919906320253,-0.3315457900961632,False,False,other,0.5332020253273022,-0.04034599531601265,MIXED
TCCTCGGGCTGGGCTT-1,10923,9452,-0.5607546405971883,0.6257794731492304,0.2165535055934679,False,True,immune_core,0.048063540195789,0.3128897365746152,IMMUNE_ACTIVE
TCCTCTGGCCCATTAG-1,5018,8077,-0.7644446978163969,0.4183274921844698,-0.5557787342362948,False,True,immune_core,0.0025156987719101,0.2091637460922349,MIXED
TCCTGCCAACTGGAGA-1,5413,7851,-0.7648727461445791,0.2135203284173103,-0.3288411148938573,False,True,immune_core,0.0080124961182372,0.10676016420865515,MIXED
TCCTTCAGTGGTCGAA-1,5997,10230,-0.0972522797180812,0.2226780512724472,0.1518066935137961,False,True,interface,0.0114677951668524,0.1113390256362236,MIXED
TCGATAGGCTAGTCGC-1,4611,12603,1.2773879743275829,-0.0806919906320253,0.0981776354807839,True,False,interface,0.0127654191095784,-0.04034599531601265,TUMOR
TCGCAAAGATGCATTT-1,12301,9570,0.6898051619415606,0.5138431771420505,0.3066241023511914,True,True,interface,0.0123634439778751,0.25692158857102526,MIXED
TCGCACCAGGAGGCAG-1,12894,9005,0.0103139109891527,0.1603554292169398,0.3481052622295623,False,True,interface,0.1139945084778322,0.0801777146084699,MIXED
TCGCTAAACCGCTATC-1,6791,7969,-0.7473201386384023,-0.3186922173012582,-0.0766524721648401,False,False,other,0.002548441194761,-0.1593461086506291,MIXED
TCGGAATGACCATCAA-1,4227,9433,0.3507839347170364,-0.1685307929388881,0.634851933579967,False,False,other,0.0032798624487709,-0.08426539646944405,STROMA
TCGGGTGAAACTGCTA-1,5008,11699,0.5200986714467273,-0.1685307929388881,-0.2665588781202079,True,False,interface,0.0142556665063837,-0.08426539646944405,MIXED
TCGGTCCCTGACTCCA-1,5019,7850,-0.8411992885291324,-0.3186922173012582,-0.4551774068518886,False,False,other,0.0002703747530757,-0.1593461086506291,MIXED
TCGTCTTAGGCGTTAA-1,13486,8668,-0.4909321521682738,0.2226780512724472,0.0303141374955407,False,True,immune_core,0.0068139474217811,0.1113390256362236,MIXED
TCGTGTACTATGGATG-1,12302,9343,-1.0281928348985283,-0.3186922173012582,-0.8770758336863531,False,False,interface,0.5198958258807781,-0.1593461086506291,MIXED
TCGTTCGTTATTATGT-1,5010,11020,0.2531407849246387,-0.077644797452293,1.7031257454605775,False,False,interface,0.0029949954901673,-0.0388223987261465,STROMA
TCTAGGTGGCGACGCT-1,8764,6843,0.712971010346042,0.1603554292169398,1.5957681792234708,True,True,interface,0.0193616792735387,0.0801777146084699,TUMOR
TCTCCCTGGGCAGCGT-1,13682,9008,-0.7542522409222233,0.3938897761554021,0.5409758374726964,False,True,immune_core,0.0223870493118628,0.19694488807770105,MIXED
TCTCGAACGAGGTCAC-1,5414,7399,-0.9102130427682324,-0.3186922173012582,-0.5448618336179349,False,False,other,0.0012817271855632,-0.1593461086506291,MIXED
TCTCGACGTATCGCCG-1,11920,5267,1.0924400295613197,0.3439116163345874,1.439205038076406,True,True,interface,0.0251057790280916,0.1719558081672937,STROMA
TCTGAATTCCGTACAA-1,9747,7411,0.9638271320678956,-0.0183693685765179,0.4266058522423181,True,False,interface,0.0050974195404301,-0.00918468428825895,TUMOR
TCTGATGTATTCTGTC-1,13092,8666,0.2201665775654548,-0.0183693685765179,0.5995783930194207,False,False,other,0.0053996305382625,-0.00918468428825895,MIXED
TCTGCCAGAAACTGCA-1,11121,9113,-0.6960777122603344,0.6317039160450814,-0.211595475623972,False,True,immune_core,0.2285885121797311,0.3158519580225407,IMMUNE_ACTIVE
TCTGGGAACCTTTGAA-1,10930,6962,-0.2202519128023214,-0.1685307929388881,-0.1697078177915976,False,False,other,0.0033990662502108,-0.08426539646944405,MIXED
TCTTACCGGAACTCGT-1,7186,7743,-0.6015517936865666,-0.3186922173012582,0.2886434447442828,False,False,other,0.0066354154955048,-0.1593461086506291,MIXED
TCTTCCCATGGGCACA-1,9354,7184,0.6502882552848439,0.1603554292169398,-0.2352622908629604,True,True,interface,0.0013708420037084,0.0801777146084699,TUMOR
TCTTCGAATAGACGTT-1,10724,10018,0.3241781483926585,-0.0806919906320253,-0.0430616787378285,False,False,other,0.0144295974125868,-0.04034599531601265,MIXED
TCTTGATGCGTAGCGA-1,9345,10353,-0.7644446978163969,-0.3186922173012582,-0.4551774068518886,False,False,other,0.0019012081140086,-0.1593461086506291,MIXED
TCTTTAAGACTATGAA-1,9749,6959,1.6548841100679736,0.2226780512724472,0.857667230229073,True,True,interface,0.013586147752672,0.1113390256362236,TUMOR
TCTTTCTCTTAAGGAG-1,4425,9094,-0.679175682227387,-0.1685307929388881,-0.0667803077568783,False,False,other,0.0021539646100608,-0.08426539646944405,MIXED
TGAAACTTATGCAAGC-1,5210,9775,-0.561195890097091,-0.3186922173012582,0.6543294217093985,False,False,other,0.0775448040493088,-0.1593461086506291,STROMA
TGACACTTCTCTTTGC-1,6205,6495,-0.232534287134071,-0.1685307929388881,0.4433548461899491,False,False,other,0.0015240845089895,-0.08426539646944405,MIXED
TGACGATGCACTAGAA-1,10338,7300,0.7487604407938184,-0.3186922173012582,0.3812668627330317,True,False,interface,0.2706691741328716,-0.1593461086506291,TUMOR
TGAGATCAAATACTCA-1,4419,10905,0.4316919969875,0.5200658359132059,0.3622145799493662,True,True,tumor_core,0.0332487117832368,0.26003291795660294,MIXED
TGAGATTAGGCCCTAA-1,6202,7401,-0.5213472576871319,-0.3186922173012582,-0.3778567247147937,False,False,interface,0.0040199167950432,-0.1593461086506291,MIXED
TGAGCTTTAATGACGC-1,6790,8421,-0.4089669796108058,-0.3186922173012582,-0.0644701186396189,False,False,other,0.0031710527742701,-0.1593461086506291,MIXED
TGATCTACGCTGATCT-1,6204,6722,-0.4161059856939206,-0.3186922173012582,0.1614399222288532,False,False,other,0.0049490051651429,-0.1593461086506291,MIXED
TGCACGAGTCGGCAGC-1,4223,10565,0.3704668284549274,-0.1685307929388881,-0.8770758336863531,True,False,interface,0.0176436599358766,-0.08426539646944405,MIXED
TGCCATTACTAAAGAA-1,7185,8196,-0.6024078903429311,-0.3186922173012582,-0.5140651810807869,False,False,other,0.0005081034686076,-0.1593461086506291,MIXED
TGCCCGTACCGTTAAA-1,11907,9568,0.1732068151189828,0.1317920557858521,0.5534338518972705,False,False,other,0.0195189946657516,0.06589602789292605,MIXED
TGCCTTGGCCAGGCAA-1,13288,8780,-0.1128962702212616,0.1603554292169398,-0.0744777061504452,False,True,immune_core,0.0068544399747431,0.0801777146084699,MIXED
TGCGGTGAAATTTCAT-1,5405,10568,0.122693038851037,-0.3186922173012582,-0.2017233112160102,False,False,interface,0.0222474507169116,-0.1593461086506291,MIXED
TGCGTTTGTTGACACT-1,11317,9454,0.0424119484188145,-0.0806919906320253,-0.5076792035949468,False,False,interface,0.1508300892543892,-0.04034599531601265,MIXED
TGCTGTTGAAGAACTC-1,10526,10583,-0.0659821097442148,-0.0806919906320253,-0.0115680406334151,False,False,interface,0.0203203807397305,-0.04034599531601265,MIXED
TGGAACCACTGACACA-1,7780,6500,0.2255509414725257,0.666908071742873,0.7372132701176092,False,True,interface,0.1689458045444657,0.3334540358714365,IMMUNE_ACTIVE
TGGAATATCCTTGACC-1,7585,5934,1.2836767154423538,-0.3186922173012582,0.2802751582613839,True,False,interface,0.1505803725434248,-0.1593461086506291,TUMOR
TGGACTGTTCGCTCAA-1,10331,9790,-0.6518151777340295,-0.3186922173012582,-0.6046589209543667,False,False,interface,0.0337659415489188,-0.1593461086506291,MIXED
TGGAGCTAAAGTTCCC-1,4224,10338,0.2937129265993804,0.1878604252246749,0.1392328234563729,False,True,other,0.0066561044604538,0.09393021261233744,MIXED
TGGCAAACTAAATTAC-1,12893,9232,0.6735302148705252,1.331449425225724,-0.0586057342483206,True,True,interface,0.2933036679564437,0.665724712612862,IMMUNE_EXHAUSTED
TGGCAACTCGCGCGCC-1,7381,8310,-0.5618743306457562,-0.3186922173012582,-0.66119053806514,False,False,other,0.0002282223215587,-0.1593461086506291,MIXED
TGGGCACAAACAGAAC-1,4610,12830,0.0869115000097028,-0.3186922173012582,-0.3294482026207997,False,False,interface,0.0224612370875428,-0.1593461086506291,MIXED
TGGGCACGTTCTATGG-1,5998,9777,0.320405021931981,-0.0806919906320253,0.1704156459851982,False,False,interface,0.0302296134138318,-0.04034599531601265,MIXED
TGGGTAAGGTTCCCGC-1,5606,9097,-0.695858991905479,-0.3186922173012582,-0.560809592088914,False,False,other,0.001172976620686,-0.1593461086506291,MIXED
TGGTATCGCATCCCAA-1,4618,10339,0.5165959206535296,0.072516626910077,0.9916667496268506,True,False,interface,0.2327914888961502,0.0362583134550385,STROMA
TGGTATCGGTCTGTAT-1,4418,11357,0.4730446361087064,-0.3186922173012582,-0.0904254646214244,True,False,tumor_core,0.005999408002438,-0.1593461086506291,MIXED
TGGTTCAACGGGTAAT-1,12892,9685,0.2407133165983598,0.1603554292169398,0.3118269532880124,False,True,interface,0.0192710518810287,0.0801777146084699,MIXED
TGGTTGGAGGATCCTG-1,5216,7738,-0.9102130427682324,-0.3186922173012582,-0.8770758336863531,False,False,other,0.0019740686050585,-0.1593461086506291,MIXED
TGTATCCTTATTCCAT-1,5006,12378,-0.2202519128023214,-0.0183693685765179,-0.5937420203360068,False,False,interface,0.0125242986122392,-0.00918468428825895,MIXED
TGTCCCGACATAGCAC-1,5205,11586,-0.2530233489339304,-0.3186922173012582,-0.4466166633516537,False,False,interface,0.0062295315989095,-0.1593461086506291,MIXED
TGTCTACAGTTTCTGT-1,5204,12039,-0.3577562250983654,-0.3186922173012582,-0.3687284201191514,False,False,interface,0.0305553914636818,-0.1593461086506291,MIXED
TGTTTAATACTTCATC-1,4818,9321,-0.3866709547070234,-0.3186922173012582,1.471414098436154,False,False,other,0.0036590323009116,-0.1593461086506291,STROMA
TTAAACCGGTAGCGAC-1,4612,12150,0.2083118559529485,-0.3186922173012582,-0.7299504767020001,False,False,other,0.0138468338762739,-0.1593461086506291,MIXED
TTAAACTCGAATTCAT-1,9157,7297,0.7200549922515294,0.1603554292169398,0.5671454983450948,True,True,interface,0.0030548411150403,0.0801777146084699,TUMOR
TTAACGTCGCAAGACC-1,5007,11925,0.3705076560008867,-0.0183693685765179,0.0405196472665972,True,False,interface,0.0136679502180755,-0.00918468428825895,MIXED
TTAAGCCGACAACTTC-1,5606,9324,-0.3670644878590218,-0.3186922173012582,0.4496446147141256,False,False,other,0.0074617963857776,-0.1593461086506291,MIXED
TTAATTTCAGACGCGG-1,6391,10231,0.0434886181319955,-0.3186922173012582,-0.2325199637531582,False,False,interface,0.0044938697798993,-0.1593461086506291,MIXED
TTACAGACCTAAATGA-1,8172,7180,-0.1736748319137311,0.2710192325429978,-0.2665588781202079,False,True,interface,0.027573669901352,0.1355096162714989,MIXED
TTACCCATTGCCGGGT-1,6396,8420,-0.4423468001387101,-0.3186922173012582,-0.2135571466570502,False,False,other,0.0015218412234119,-0.1593461086506291,MIXED
TTACGGATGGTTCGAG-1,9550,7524,0.7155568497051003,0.2226780512724472,0.5813678924394169,True,True,interface,0.0159934923945182,0.1113390256362236,TUMOR
TTACTAAAGGACTTTA-1,12499,9231,0.3341731732002365,1.804549762061467,0.3251152548232215,False,True,interface,1.185581782626912,0.9022748810307335,IMMUNE_EXHAUSTED
TTAGACACGATCGTTG-1,6199,8307,-0.1431454662495762,-0.3186922173012582,0.293237433727665,False,False,other,0.0051213667132223,-0.1593461086506291,MIXED
TTAGACGAGTCACCTC-1,12500,9004,0.6307857463568035,-0.077644797452293,0.7711837181480636,True,False,interface,0.2493518686525725,-0.0388223987261465,TUMOR
TTAGCTAATACGATCT-1,7385,6952,-0.2202519128023214,0.1603554292169398,0.5158194891049219,False,True,immune_core,0.002686222983707,0.0801777146084699,MIXED
TTAGCTGATTTGCCGT-1,10535,7414,-0.1352332894337944,-0.3186922173012582,0.2713199286761023,False,False,interface,0.289038172922879,-0.1593461086506291,MIXED
TTATATACGCTGTCAC-1,10528,9678,-0.3760069610634785,0.56848891654684,-0.6046589209543667,False,True,immune_core,0.0293722192090851,0.28424445827342,MIXED
TTATTAGAGCGTGTTC-1,12103,10135,-0.2182380458991045,0.2710192325429978,0.1533902096002528,False,True,interface,0.0732775786119974,0.1355096162714989,MIXED
TTCAAAGTCTCTAGCC-1,9938,9563,-0.2381981729401337,-0.0806919906320253,-0.5538170632032166,False,False,interface,0.0091859127523366,-0.04034599531601265,MIXED
TTCAAGCCGAGCTGAG-1,5605,9550,-0.6186763528645614,-0.077644797452293,-0.1149682242375103,False,False,other,0.0046047026662045,-0.0388223987261465,MIXED
TTCAATTAGCCATAAT-1,4424,9320,-0.6397550981456099,-0.3186922173012582,-0.0781121886313482,False,False,other,0.0010067255727207,-0.1593461086506291,MIXED
TTCCAATCAGAGCTAG-1,7581,7292,-0.5412907800217633,0.9913284141679304,-0.0498116824771364,False,True,immune_core,0.0356907997458852,0.4956642070839652,IMMUNE_EXHAUSTED
TTCCGCAGAGAAATAT-1,7189,6612,-0.431692203057212,-0.1685307929388881,-0.4285255074555831,False,False,interface,0.0258933642397017,-0.08426539646944405,MIXED
TTCCGGTATCTGTGTC-1,11133,5039,0.3750245264548613,0.0299718126940325,0.0634803559338154,True,False,interface,0.1081454584036902,0.01498590634701625,MIXED
TTCGCTATCTGACGTG-1,6992,6724,0.4024030682557604,-0.3186922173012582,0.1588391790126297,True,False,other,0.0363993350541217,-0.1593461086506291,MIXED
TTCGGCAACCCGCTGA-1,6200,8080,-0.4648216313646334,-0.3186922173012582,-0.1156604944749501,False,False,other,0.0002209399937802,-0.1593461086506291,MIXED
TTCGGGACTAATCGCG-1,10134,9903,-0.4189536829201273,-0.3186922173012582,-0.4946903532814136,False,False,interface,0.0158829932347762,-0.1593461086506291,MIXED
TTCGTAATCCCAGCGG-1,5412,8304,-1.0281928348985283,-0.0806919906320253,-0.2724449208859485,False,False,other,0.0023782015672823,-0.04034599531601265,MIXED
TTCGTTCAACGAAGTT-1,7584,6160,1.2946223901685985,-0.0806919906320253,-0.1200880219484725,True,False,interface,0.138298900486556,-0.04034599531601265,TUMOR
TTCTGACCGGGCTCAA-1,13289,8554,0.0605571210633195,-0.3186922173012582,0.1344963045302046,False,False,other,0.0112880028065285,-0.1593461086506291,MIXED
TTCTTTGGTCGCGACG-1,7781,6274,1.134420227248023,1.162880361379636,1.34963399983331,True,True,interface,0.2579567891472775,0.581440180689818,IMMUNE_EXHAUSTED
TTGAATTCACGTGAGG-1,10733,7075,-0.064584112309553,-0.3186922173012582,-0.2724449208859485,False,False,interface,0.0917417162658416,-0.1593461086506291,MIXED
TTGACGATTCAGCACG-1,4809,12264,0.698523328530551,-0.0806919906320253,-0.125532658882912,True,False,interface,0.0167870293982763,-0.04034599531601265,TUMOR
TTGATGTGTAGTCCCG-1,7776,7858,-0.6464649056861009,-0.3186922173012582,-0.5448618336179349,False,False,other,0.0054268059384022,-0.1593461086506291,MIXED
TTGCCAAGCAGAACCC-1,11723,5153,2.104477221056534,0.1573082360372076,0.9497611320015616,True,True,interface,0.0602498957217233,0.0786541180186038,TUMOR
TTGCGTGAACGCTTAG-1,5809,7173,-0.5103015239195655,0.1288569917018705,-0.3173645723317895,False,False,other,0.0010277172877798,0.06442849585093526,MIXED
TTGCTGGCCGGGCTTC-1,4621,9207,-0.398731034295443,-0.3186922173012582,0.1415180877599297,False,False,other,0.0022226544773536,-0.1593461086506291,MIXED
TTGGATCGACTTCTGG-1,5009,11246,-0.2258525770707329,-0.3186922173012582,0.4604597502156474,False,False,other,0.0054140085461145,-0.1593461086506291,MIXED
TTGGCCTAGAATTTCG-1,6198,8759,-0.6191044011927435,-0.3186922173012582,0.1097016238260862,False,False,other,0.0031842898382538,-0.1593461086506291,MIXED
TTGTATCACACAGAAT-1,5408,9663,-0.7751086914599419,-0.1685307929388881,0.1885382373002042,False,False,other,0.0058859398972762,-0.08426539646944405,MIXED
TTGTTTGTGTAAATTC-1,4415,12263,-0.1178583380353169,-0.1685307929388881,-0.3016660723816954,False,False,other,0.0213338797181602,-0.08426539646944405,MIXED
