fov,n_cells_raw,n_cells_clean,n_cell_dups_dropped,n_coord_dups_dropped,n_edges,n_faces,hodge_type,coexact_fraction_global,exact_fraction_global,harm_fraction_global,interface_vs_tumor_core_ratio,perm_p,n_interface,n_tumor_core
33,182,182,0,0,530,348,upper,0.6644803511089713,0.32744148773189524,0.008078161151421723,,,118,0
34,323,323,0,0,947,624,upper,0.6639612175045563,0.3359713091647161,6.747333108984683e-05,48.080520680888405,0.0969030969030969,17,5
35,308,308,0,0,899,591,upper,0.43635286822235936,0.5628658753495548,0.0007812564280405147,26.709140606684947,0.000999000999000999,73,7
36,341,341,0,0,998,657,upper,0.547944292033575,0.45019105351698147,0.0018646544519494953,7.942876541642538,0.016983016983016984,56,9
37,1741,1741,0,0,5198,3457,upper,0.24710817602184365,0.7528278176599198,6.400631458955113e-05,3.0220112796379506,0.000999000999000999,288,180
38,2287,2287,0,0,6838,4551,upper,0.33669590169974983,0.6631265952335113,0.0001775030581260947,2.9414495657129307,0.000999000999000999,575,69
39,2040,2040,0,0,6095,4055,upper,0.3414669725118225,0.6581158393667231,0.00041718812058307605,3.808414029688084,0.000999000999000999,587,32
40,1560,1560,0,0,4660,3100,upper,0.3418361535900184,0.6581414900226845,2.2356386048884115e-05,9.80470324831491,0.000999000999000999,424,29
41,1350,1350,0,0,4021,2671,upper,0.28745507805153886,0.7125326280724427,1.2293874073307249e-05,0.6161306647987014,0.991008991008991,210,135
42,1643,1643,0,0,4901,3258,upper,0.2813830551279039,0.7185972285159411,1.9716357691903378e-05,0.8575365869009034,0.7042957042957043,314,116
43,1130,1130,0,0,3365,2235,upper,0.3623991712647914,0.6373230788364747,0.00027774989880140395,2.31122782281281,0.003996003996003996,271,24
44,447,447,0,0,1321,874,upper,0.6533897378713359,0.34656131620940156,4.894591936495351e-05,,,58,3
45,350,350,0,0,1025,675,upper,0.5821178444661792,0.41785253414117696,2.9621378214037827e-05,47.6141873495709,0.001998001998001998,84,8
46,954,954,0,0,2837,1883,upper,0.36947555357379797,0.6304477814005145,7.666500263166335e-05,2.7252096720474372,0.058941058941058944,270,7
47,536,536,0,0,1583,1047,upper,0.22067352751684988,0.7793074948201243,1.897766322917857e-05,2.143256315599044,0.1918081918081918,130,5
48,1763,1763,0,0,5267,3504,upper,0.2573340587624911,0.7426326641075562,3.3277117159559615e-05,1.1720766208092446,0.3116883116883117,436,30
49,2204,2204,0,0,6585,4381,upper,0.2956652971956718,0.704290748467218,4.395433636159311e-05,4.9015060085350335,0.000999000999000999,604,76
50,1334,1334,0,0,3975,2641,upper,0.2962713222831697,0.7036973854217468,3.129230082846301e-05,0.8692152182152016,0.6223776223776224,365,23
51,723,723,0,0,2149,1426,upper,0.4250244151964927,0.5748865231587827,8.90616452141691e-05,0.28467120724908307,0.9530469530469531,227,9
52,543,543,0,0,1607,1064,upper,0.5275664157143797,0.47126795380874514,0.0011656304181879341,,,156,2
53,1673,1673,0,0,4996,3323,upper,0.2519978295917969,0.7479761980667065,2.5972339990541578e-05,3.7864353576123833,0.000999000999000999,347,51
54,1250,1250,0,0,3723,2473,upper,0.3568454955277656,0.642906375573803,0.00024812889919933323,2.5134239103479787,0.011988011988011988,368,18
55,187,187,0,0,546,359,upper,0.7032057044315614,0.2962328812303755,0.0005614143578928746,58.25379234704512,0.000999000999000999,84,74
56,497,497,0,0,1467,970,upper,0.6088651645134678,0.38778767329307906,0.0033471622020559396,1.6416913862607956,0.2007992007992008,163,14
57,989,989,0,0,2935,1946,upper,0.32436205478434904,0.6756245694495546,1.3375771850900363e-05,3.119526203204794,0.001998001998001998,215,42
58,2052,2052,0,0,6131,4079,upper,0.23115857865658088,0.7687146286837467,0.00012679265859465592,3.0908679992449413,0.000999000999000999,296,155
59,1216,1216,0,0,3627,2411,upper,0.41834715741403067,0.5816009535879405,5.188900378145483e-05,0.6513065648339202,0.8231768231768232,366,9
60,1773,1773,0,0,5296,3523,upper,0.31891521739599155,0.6807156740484359,0.00036910855677513104,3.1358565648817005,0.000999000999000999,480,38
61,2132,2132,0,0,6366,4234,upper,0.3911025379181983,0.6083578132630434,0.000539648819115182,2.0898356595659573,0.002997002997002997,602,45
62,2056,2056,0,0,6139,4083,upper,0.31808527696253336,0.6818645899147772,5.013312253302235e-05,2.9853955950038364,0.000999000999000999,597,20
63,1110,1110,0,0,3302,2192,upper,0.3433601369409136,0.656583744003045,5.611905646736056e-05,,,346,3
64,1151,1151,0,0,3425,2274,upper,0.36562664284234797,0.634301044825796,7.231232709993513e-05,1.7299448194964089,0.04295704295704296,309,64
65,787,787,0,0,2332,1545,upper,0.5707767037939376,0.4291868660344115,3.643017174347743e-05,56.4129153998788,0.000999000999000999,278,9
66,1290,1290,0,0,3842,2552,upper,0.3216611665857461,0.678273197901025,6.563550285954642e-05,1.101917255007604,0.24875124875124874,269,97
67,291,291,0,0,850,559,upper,0.6284765431800037,0.37144232206836436,8.113475163256824e-05,2236.991778094802,0.005994005994005994,12,8
68,1207,1207,0,0,3598,2391,upper,0.6777430081343006,0.32202186192966203,0.00023512994044759555,5.059978893490379,0.003996003996003996,374,21
69,2010,2010,0,0,6006,3996,upper,0.2186843335445268,0.7812165542795684,9.911217565045143e-05,2.9252321476434506,0.000999000999000999,271,142
70,1756,1756,0,0,5245,3489,upper,0.274939881681108,0.7249617813154166,9.833699524975835e-05,2.0686418976625083,0.000999000999000999,403,65
71,1474,1474,0,0,4394,2920,upper,0.5145707213053552,0.4853864943974639,4.2784298793959676e-05,1.5451702750263394,0.25574425574425574,505,5
72,1756,1756,0,0,5245,3489,upper,0.35977485263432785,0.63996788097715,0.00025726639798760926,3.3758000060803557,0.000999000999000999,476,52
73,1904,1904,0,0,5688,3784,upper,0.43707825686079416,0.5622397648916606,0.0006819782473327788,3.6120741362307505,0.000999000999000999,626,37
74,2129,2129,0,0,6367,4238,upper,0.3291497088842776,0.6708497498808366,5.412464044092089e-07,3.055167345095221,0.01998001998001998,627,8
75,1667,1667,0,0,4973,3306,upper,0.34437458925997283,0.6556025674008014,2.2843344368525505e-05,0.5084691644243062,0.8471528471528471,528,8
76,1592,1592,0,0,4751,3159,upper,0.3183144567263009,0.6816267476968921,5.8795576467108e-05,3.037513631473854,0.000999000999000999,303,107
77,1469,1469,0,0,4384,2915,upper,0.3580472306211367,0.6417384649542526,0.0002143044227190377,1.157006412269415,0.32667332667332666,445,14
78,931,931,0,0,2768,1837,upper,0.3774546310607834,0.6215405787975523,0.0010047901421302797,2.7206258465699964,0.004995004995004995,291,12
79,225,225,0,0,652,427,upper,0.6079054434769727,0.38990553428869645,0.002189022234331679,,,55,4
80,1595,1595,0,0,4757,3162,upper,0.25178581439492065,0.7475487462460737,0.0006654393579531759,0.11496992939317922,1.0,393,96
81,954,954,0,0,2832,1878,upper,0.36638078501517396,0.6334289584466832,0.00019025653812162238,0.42454990563390377,0.8831168831168831,277,5
82,1693,1693,0,0,5056,3363,upper,0.29597474745317515,0.7037643499150309,0.00026090263212662543,2.182294790382317,0.000999000999000999,355,97
83,1860,1860,0,0,5550,3690,upper,0.36861288138428433,0.6313156474449726,7.147117519465351e-05,1.2881030155853908,0.16583416583416583,494,26
84,1684,1684,0,0,5029,3345,upper,0.24611070244870828,0.753867131436783,2.2166114520762584e-05,0.9005123006114402,0.5964035964035964,394,52
85,1800,1800,0,0,5377,3577,upper,0.35585002024196405,0.6439441556707595,0.00020582408359654458,1.948598899113424,0.007992007992007992,485,35
86,1739,1739,0,0,5188,3449,upper,0.37967822107945365,0.6202806087252597,4.1170194624074785e-05,1.23018850054487,0.38961038961038963,517,15
87,1822,1822,0,0,5438,3616,upper,0.3453108840263702,0.6546880655762126,1.0503989586246334e-06,2.0634728736278425,0.001998001998001998,472,80
88,1401,1401,0,0,4178,2777,upper,0.2865031538796621,0.7134966695089064,1.7661136855750213e-07,1.5476483069152271,0.055944055944055944,312,40
89,1512,1512,0,0,4507,2995,upper,0.31280175815311817,0.6871981501932819,9.165388362103296e-08,1.9684148018808678,0.026973026973026972,431,16
90,1085,1085,0,0,3225,2140,upper,0.41945205649013706,0.5804071294284524,0.0001408140798994099,2.933326103897143,0.003996003996003996,324,15
91,416,416,0,0,1222,806,upper,0.6483173616723524,0.35164652704347493,3.611128442251031e-05,138.35222885920825,0.002997002997002997,95,7
92,692,692,0,0,2049,1357,upper,0.2574271934413664,0.7425507343940952,2.2072160936228545e-05,,,182,4
93,1332,1332,0,0,3976,2644,upper,0.3627951668823666,0.637141828335856,6.300471859955254e-05,2.0343754840132524,0.015984015984015984,381,26
94,2391,2391,0,0,7148,4757,upper,0.3319236265283488,0.6680316390953837,4.473437562043968e-05,3.0885457302348027,0.000999000999000999,581,150
95,1820,1820,0,0,5432,3612,upper,0.4135306243371279,0.586025794688168,0.0004435809689021461,0.6877461434492341,0.7132867132867133,592,6
96,1817,1817,0,0,5423,3606,upper,0.2603434956337614,0.7396489040283437,7.600333917272729e-06,1.062368574220186,0.3646353646353646,384,55
97,1442,1442,0,0,4303,2861,upper,0.26526772789082803,0.7347197811012326,1.2491007792371789e-05,0.8156736825810946,0.6723276723276723,383,15
98,1096,1096,0,0,3264,2168,upper,0.3785260629432677,0.6209565720130847,0.0005173650404580677,,,305,0
99,1642,1642,0,0,4904,3262,upper,0.29824349303053893,0.7011274498335065,0.0006290571364312379,0.7305186878299549,0.7892107892107892,428,22
100,1515,1515,0,0,4513,2998,upper,0.3263945291530077,0.6734740093563881,0.00013146148843670323,0.4253710436527321,1.0,397,58
101,1386,1386,0,0,4134,2748,upper,0.40420998730964053,0.5957346171939881,5.5395498357510086e-05,,,454,2
102,755,755,0,0,2244,1489,upper,0.5503201284257347,0.44967391330307216,5.958275056206745e-06,,,265,1
103,269,269,0,0,786,517,upper,0.6927760842437775,0.30670085065407776,0.0005230651021298687,,,53,1
104,1295,1295,0,0,3856,2561,upper,0.2256366681296553,0.774363019626188,3.122443247855234e-07,0.12410781935419152,1.0,286,125
105,1670,1670,0,0,4986,3316,upper,0.31404404513628537,0.6859496803747259,6.274488914255931e-06,4.497249954239039,0.000999000999000999,350,123
106,2011,2011,0,0,6006,3995,upper,0.32270844724052,0.6771027962180692,0.0001887565421217013,2.278882987944542,0.000999000999000999,483,106
107,1966,1966,0,0,5876,3910,upper,0.3067795193332654,0.6932111070424107,9.373624229039734e-06,1.8144473304329611,0.059940059940059943,556,13
108,2035,2035,0,0,6082,4047,upper,0.4541006161286272,0.5458742643025238,2.511956649289878e-05,2.7538588332483007,0.007992007992007992,692,12
109,1731,1731,0,0,5171,3440,upper,0.41570900288635076,0.5839622849172448,0.00032871219555097986,2.7436623268459943,0.000999000999000999,494,31
110,1530,1530,0,0,4568,3038,upper,0.2792458476419612,0.7190719879102924,0.0016821644409533317,1.627372265141521,0.004995004995004995,259,113
111,1815,1815,0,0,5419,3604,upper,0.3089537722369319,0.6910154844624766,3.0743298496417444e-05,1.5704051664237566,0.029970029970029972,448,56
112,1728,1728,0,0,5157,3429,upper,0.2994727508388052,0.7004629458740004,6.4303286991207e-05,2.0153647635049388,0.002997002997002997,458,24
113,1532,1532,0,0,4575,3043,upper,0.5146992153651393,0.4851151794636856,0.00018560517196103063,1.3673220093242908,0.2137862137862138,545,10
114,1157,1157,0,0,3449,2292,upper,0.4978841227358926,0.5021124849849025,3.3922789642577255e-06,1.3305218044178129,0.27472527472527475,401,10
115,237,237,0,0,689,452,upper,0.643769452253649,0.356084756801823,0.00014579094454227634,,,40,2
116,318,318,0,0,925,607,upper,0.6580993048026965,0.337142145671887,0.004758549534591489,15.573313548653259,0.01898101898101898,96,6
117,1986,1986,0,0,5931,3945,upper,0.6451029706880879,0.35475864152474346,0.00013838778591938568,3.8564333088005514,0.002997002997002997,778,15
118,2599,2599,0,0,7773,5174,upper,0.36773409056595896,0.6322023823219135,6.352710873779179e-05,0.08644035646737397,1.0,945,24
119,2682,2682,0,0,8026,5344,upper,0.37544071510342414,0.6244819316455908,7.735325163911624e-05,3.643134865027783,0.000999000999000999,736,52
120,2156,2156,0,0,6451,4295,upper,0.3706319017157145,0.6290498862988798,0.00031821198539611577,2.300887997688534,0.000999000999000999,455,141
121,2141,2141,0,0,6400,4259,upper,0.4125691366096733,0.5870988478474057,0.0003320155418740212,2.403413436603679,0.013986013986013986,652,21
122,1601,1601,0,0,4782,3181,upper,0.40763786421642495,0.5917273728860221,0.0006347628977457822,2.023246407047743,0.04095904095904096,492,12
123,1815,1815,0,0,5419,3604,upper,0.42908317502018556,0.570661106568912,0.00025571841130650697,2.001703051656853,0.002997002997002997,433,104
124,1447,1447,0,0,4321,2874,upper,0.3723553384591928,0.6270382287789622,0.0006064327619072352,1.1008494343215298,0.42857142857142855,383,31
125,1539,1539,0,0,4597,3058,upper,0.36929603366380737,0.6302018953603139,0.0005020709864400926,1.2989953339962697,0.16483516483516483,421,27
126,990,990,0,0,2942,1952,upper,0.48609073850767875,0.5138802694398392,2.8992052457105513e-05,0.6896562051871032,0.7112887112887113,280,7
127,1045,1045,0,0,3113,2068,upper,0.3628944555672856,0.6370238782990849,8.166613528593443e-05,2.089723451625053,0.04395604395604396,319,12
128,541,541,0,0,1598,1057,upper,0.5687372997853674,0.4308418272577297,0.0004208729572623366,490.99812610231294,0.000999000999000999,76,21
129,601,601,0,0,1782,1181,upper,0.28055573868018663,0.7188120213989503,0.0006322399209197726,2.891673654730663,0.016983016983016984,172,18
130,1712,1712,0,0,5108,3396,upper,0.6643311090248307,0.3352463450055015,0.0004225459697409618,5.456405361419109,0.000999000999000999,700,13
131,2858,2858,0,0,8551,5693,upper,0.6114262351950331,0.388412766195152,0.00016099861141206055,3.6713050073507807,0.002997002997002997,1223,10
132,3031,3031,0,0,9066,6035,upper,0.3789273132621276,0.6206010751773119,0.0004716115528645429,1.7155713007870286,0.000999000999000999,798,119
133,2508,2508,0,0,7499,4991,upper,0.42847173367122443,0.5712970605692037,0.0002312057596911384,2.533373973302903,0.000999000999000999,802,41
134,2460,2460,0,0,7356,4896,upper,0.33683314817752164,0.6631667801909594,7.162698277081013e-08,1.7587445523293015,0.001998001998001998,596,83
135,2416,2416,0,0,7223,4807,upper,0.2916251155623689,0.7083121128660783,6.27715713189223e-05,1.5880549491897624,0.053946053946053944,584,41
136,1614,1614,0,0,4812,3198,upper,0.3248734681485285,0.6751263253229809,2.0652695066411934e-07,0.21413349859962696,1.0,507,48
137,1219,1219,0,0,3635,2416,upper,0.3664732581021785,0.6328722734057656,0.0006544684915823722,1.1305243299504768,0.3996003996003996,338,17
138,771,771,0,0,2286,1515,upper,0.22951408129778952,0.7703309283179368,0.00015499038506159646,0.6025319142040709,0.6343656343656343,246,9
139,937,937,0,0,2784,1847,upper,0.45839891762380497,0.541495901392186,0.00010518098422241996,280.65266591180756,0.000999000999000999,349,13
140,706,706,0,0,2097,1391,upper,0.3961846051408495,0.6037052999800427,0.00011009486351244543,,,300,1
