node,ks_value,coexact_energy,region
0,0.4774154305236453,0.1436413501939416,interface
1,-69.77023463089041,1.6529183705868882,interface
2,0.0030541968986821724,0.0128109334507726,other
3,0.02093859559577813,0.0235836951853419,interface
4,-1.881743228455301,0.391739762690503,interface
5,3.801238100585749,0.40374441433264,interface
6,-0.016978642071611844,0.0385213484677734,interface
7,-0.004661776309550017,0.0147875007902537,other
8,0.002344852630744422,0.0133701842457555,immune_core
9,-0.0469580984641445,0.0574984792544511,other
10,0.008793023101390239,0.0067851892202905,tumor_core
11,0.24885233044604577,0.0703798180888465,other
12,0.40910704057482716,0.1418045558974021,interface
13,-0.482223030343546,0.148057719722643,tumor_core
14,-1.0017468042279205e-05,0.0002312760256244,other
15,0.008082261187372368,0.0176655464066958,other
16,0.06813571531318266,0.0345927392987948,interface
17,0.00013267528313291123,0.0037926565147455,other
18,0.00173382295848516,0.0064252400230885,interface
19,-0.0012753972556149942,0.0075800374702296,interface
20,-0.05514848926434327,0.0531675037775279,interface
21,0.006149734813094531,0.0058398463613543,other
22,0.3678755903797689,0.0596437593101497,interface
23,-0.11165304992621214,0.0880157956604962,other
24,-0.07980264434035604,0.0804659157437834,interface
25,-0.038998876118355896,0.0422690609403565,other
26,0.0023328197358989736,0.0095951090536678,interface
27,0.036080012116950014,0.0555467301997707,other
28,0.014685945154131921,0.0121699373341184,other
29,-0.024373995092577087,0.0405623180420482,immune_core
30,-0.04739567298270344,0.053843767179249,interface
31,-0.0030309244113878924,0.022600305653906,interface
32,0.059752408988013775,0.0522654962968756,interface
33,0.007572709911620031,0.0163652800993313,other
34,0.06599569581916331,0.0564519279034372,interface
35,0.49218557775394467,0.0949882999566308,other
36,0.04101428071521601,0.035690436664167,interface
37,0.00012009858734072091,0.0023905548386418,other
38,-0.0018995546109563293,0.0094433699637129,other
39,-0.8503966498758591,0.2475299820860127,immune_core
40,-0.04774087193616322,0.006393399278913,other
41,-0.0066411096547425675,0.0136008642191061,interface
42,-0.2752050860662307,0.2520680377223784,immune_core
43,-0.48693189572245055,0.1493534237280702,immune_core
44,0.2666809109925641,0.0450645295744716,interface
45,0.006965695371619295,0.0047313645205916,other
46,-0.03360884490317812,0.051411410865472,other
47,-8.98055194211531e-05,0.0306272824746482,other
48,0.07136889789151317,0.0891824422601862,interface
49,8.785401830263347e-05,0.0155082485666717,immune_core
50,-0.35028078494207704,0.178015275812508,interface
51,-0.008909461205132793,0.0524210511334651,other
52,-0.0005664043224488679,0.0110631509110761,other
53,0.03292656883413103,0.0174173734339438,interface
54,-0.0009013997152997079,0.005282617353398,other
55,0.01195223484875951,0.0277072662591384,interface
56,0.03954241456117888,0.0450836496651097,interface
57,0.03188101519881548,0.018915684237128,interface
58,-0.08318077108255115,0.1058604599117514,interface
59,0.007493021580734127,0.0166993982091809,immune_core
60,-0.11696103575991786,0.3807866689354959,other
61,-0.00018395584865277698,0.0041570788738691,other
62,-0.005061692486299124,0.0266564404297312,interface
63,-0.009626090057398881,0.0062444487100405,other
64,0.003048452871620784,0.0342507937445067,immune_core
65,-4.957618771814741e-05,0.0013881689803267,other
66,-0.01354335648335095,0.0182822943411693,other
67,0.008299240903349086,0.0122637070231529,interface
68,0.09736943003579239,0.111130216040894,other
69,0.004749589888507273,0.0058921963555705,other
70,0.010284443572101582,0.0573353542471321,interface
71,-0.1004389865653684,0.0602279920179377,interface
72,0.05175334658101903,0.0807216624885207,interface
73,-0.034451840408370044,0.0391768007553519,other
74,0.0023062681476479414,0.0106858982667157,interface
75,0.08964217902347354,0.0552194180974677,interface
76,0.002211948394615252,0.0019575259658994,other
77,-1.4248095972622976e-05,0.0036724481947629,other
78,-0.11172707547641957,0.0671689595171905,interface
79,-0.003920027966585138,0.039620912015753,interface
80,0.00839805949489517,0.0318102136778678,other
81,0.0008843525410802225,0.0150784186851093,other
82,0.00239738041471503,0.0017193981929136,other
83,-0.002409219027178045,0.0073208274551183,tumor_core
84,0.14081801594787466,0.0191261682806583,other
85,0.0006486373858956062,0.0038140669985714,other
86,0.024410481625085696,0.0532669197176178,interface
87,0.006681898211822203,0.0146507006877321,tumor_core
88,0.06728897446154856,0.0260851572200008,interface
89,-0.0021963463759816443,0.0076681972545403,tumor_core
90,-0.13956830963430025,0.0592089426773938,immune_core
91,0.029920915761045407,0.0134625098670797,interface
92,0.031048257886387105,0.0264869985801102,other
93,-0.10204002124401416,0.0713610108679174,interface
94,-0.05286521142789009,0.0652629202508526,interface
95,0.20814697960735162,0.0515238536616567,other
96,-0.0364097425391813,0.0525501308320946,immune_core
97,0.005393991303974567,0.0131678936807082,interface
98,0.08395721471503037,0.0591784629416506,interface
99,0.011129663718542595,0.0102568316423017,interface
100,0.05753058692229673,0.0300286652244694,immune_core
101,0.00193768478858582,0.0020375324977962,other
102,-0.0413591738440063,0.0373476294301313,interface
103,-3.261304215288878,0.2793710222355551,interface
104,0.06588459051790244,0.0382334189839142,interface
105,-2.9006484090563456,0.3637527263136308,other
106,0.0013676043540884308,0.0044385467429528,other
107,0.028852042291852103,0.0181116733884543,interface
108,-0.043945829836864965,0.0608050776087246,interface
109,-0.03974222907720093,0.0382912238711666,interface
110,-0.0003972474200762627,0.0026868374637002,other
111,0.01516442819414758,0.0137678767629033,interface
112,-0.025483817585710087,0.032161418070128,other
113,-0.007537532572886307,0.0242060856138365,other
114,0.1567781811839139,0.0333613847388314,other
115,1.3195828002765586,0.1066913941139357,immune_core
116,-0.045528591281221054,0.0316851673395951,other
117,-0.020132899250230825,0.0392095727134437,interface
118,0.009881479553115361,0.056528704400231,immune_core
119,0.012899432152767292,0.0094180222318481,interface
120,0.0004640162388016091,0.0029901192243771,tumor_core
121,0.000859084349462148,0.0514386868869553,interface
122,0.0001745012483197992,0.0033946367310139,other
123,-0.003870170985248415,0.0174873093453511,interface
124,-0.0010108343919386954,0.0096931066292697,other
125,-0.0004612922400565088,0.022811418414752,interface
126,-0.012363669512836201,0.0263027023649449,other
127,-0.05774797236801921,0.0462619516229341,interface
128,-0.1500471580892491,0.0685519791628166,immune_core
129,-1.1383620145935969,0.3022232821111297,immune_core
130,0.014865207315546516,0.0099263087647171,interface
131,-0.024974576598415316,0.0423483070311155,interface
132,7.322794374361869e-05,0.0051647331070021,interface
133,-0.0476489823975941,0.0420369089667331,interface
134,0.00803281197326409,0.0210382546157579,other
135,0.020267209457617095,0.0125894795235524,interface
136,-6.686338494685102,0.7686430346703239,immune_core
137,0.0007526548566929934,0.0024812569378255,interface
138,-0.05942875103543092,0.0803311863496284,tumor_core
139,0.13928123503796414,0.0423813436150175,interface
140,-0.001960203534225487,0.0073798895106718,other
141,0.025818407930632246,0.018406754691996,interface
142,-0.001571127379838534,0.0267362942511503,interface
143,-0.03489874811745059,0.0374649408023657,tumor_core
144,0.01066772696006515,0.0279897111962871,other
145,2.7460480879390254,0.3395037046060898,immune_core
146,0.020342606158767196,0.0114686562702813,interface
147,0.0056357541506785085,0.0107437964983691,other
148,0.001922880378214816,0.022079822695289,interface
149,0.03228732429616259,0.0213313350361097,interface
150,0.04141328345731304,0.0211738764428712,other
151,-0.00032178300463465233,0.0048855678648138,interface
152,0.0017152580540619612,0.0016369207908897,interface
153,0.2833239300423391,0.036882217515017,interface
154,-0.08040176036022639,0.0453923165487386,interface
155,0.002518622130216045,0.0239470106387482,interface
156,2.1479282279324967,0.3701270556055979,immune_core
157,13.4277444937189,0.3970918883662128,interface
158,0.010783318123142314,0.0190850306889477,other
159,0.011462793976970517,0.0037068241242428,interface
160,0.006652551633729932,0.0308613485843409,other
161,0.0032788298501552535,0.0030709070311607,other
162,0.020671342750949347,0.0070407948697829,interface
163,0.0001334326178815709,0.007284205636554,other
164,-0.0006848699498293177,0.0049908570325067,tumor_core
165,-0.0011073094518373344,0.001135700067939,interface
166,-0.048939607256426376,0.078799397887638,other
167,-1.8056521249147867e-05,0.0019595492930238,other
168,-0.020839707804193284,0.0202338826916271,other
169,-0.0019211157811164442,0.0082283829363083,other
170,0.09749820975755243,0.1894907623305738,interface
171,0.48176967871467935,0.0498633490633609,interface
172,0.01275030616757348,0.01348924969327,other
173,0.15898619264375613,0.0444443057018958,other
174,-0.01609784462036285,0.0744691629624308,other
175,-0.009624903363299736,0.0287305219922868,tumor_core
176,-0.023283875135715972,0.0438268074626635,interface
177,0.01253616838984846,0.017675029442311,interface
178,-0.028152621655830556,0.0070157706758728,other
179,0.023671701909735755,0.0351805198436548,interface
180,0.4932194279278904,0.1325087940814085,immune_core
181,-0.0022604523223642642,0.0071809159002597,other
182,-3.860235382831625,0.4508201059852706,other
183,0.0005569242519703986,0.0009778740840262,other
184,0.10105195439440784,0.0433848064577187,interface
185,-0.02938324285697582,0.0308287145409368,interface
186,-0.02326114391039773,0.0305443267887315,other
187,0.0037368465335775375,0.0174334260086782,other
188,0.06640852572063198,0.0838164554950037,interface
189,-0.014477301628726702,0.0349076904056307,interface
190,-0.02544750223981829,0.0662721370963573,interface
191,0.032519397176829536,0.0303529862210289,tumor_core
192,-0.003897393470801822,0.0025260520828392,other
193,0.025715036311455382,0.025332408911227,other
194,-0.5629466995322439,0.188704566964752,interface
195,0.002127021761436714,0.0393023996673007,interface
196,6.165190304796195e-05,0.000410287148415,other
197,-0.09074123537854337,0.2034362979560389,other
198,0.05327954605984052,0.0728555239700367,other
199,0.007284519681367004,0.0047585947638656,interface
200,0.015441110102071295,0.0173140261020298,other
201,0.18003779709552936,0.052589080583819,interface
202,0.023631174782114024,0.0215810246842391,other
203,0.002216420353589218,0.0009208503608604,interface
204,-0.0036673092507246764,0.0017661739894404,other
205,-0.019463989245484776,0.0762662374081056,other
206,9.172797111848058e-06,0.0004347677426954,other
207,-0.003045981478342884,0.008823861068757,other
208,0.0920377940145686,0.0821093684551878,other
209,0.007674536503071546,0.0077847112377399,interface
210,-0.29882214857980305,0.126147670305673,immune_core
211,1.2731478956159927e-05,0.004711802005578,other
212,0.0011236387907205096,0.0063924227898891,other
213,0.008058329413043706,0.0112698106504359,other
214,-0.046344091064807344,0.0604663276064743,immune_core
215,0.01582480238761253,0.0197068518507823,interface
216,-0.003432443376259567,0.0151344554937592,interface
217,-0.0005920469419709538,0.0071699466931767,interface
218,-0.05621065054837741,0.0531537227890801,interface
219,-0.0012881044873113406,0.0163977306404644,interface
220,-0.18135721658325502,0.1089344706699744,interface
221,0.004613016689202539,0.0037798936114228,interface
222,0.0017057638925599822,0.0064592209990514,interface
223,-2.71696636233563,0.3451945619181618,immune_core
224,0.0012677145294249592,0.0062700183134102,other
225,-0.015952243919854506,0.0483646115098802,interface
226,0.0018219601100404922,0.0069883413023401,other
227,0.017075709527665274,0.0364644324725304,other
228,-0.010448380195461786,0.0226093628120817,interface
229,0.03646537561663931,0.0248539789649246,interface
230,-0.3868111276343705,0.1746122393906825,interface
231,0.0007154975589564685,0.001527072673965,other
232,0.005742305724958712,0.0218098235768687,interface
233,0.015736314969006158,0.009009528705987,interface
234,-0.022573134798834823,0.0487511559139711,interface
235,0.01906010441221851,0.0130259870986547,other
236,0.10365905983869304,0.1229689140033646,interface
237,0.01311812821765799,0.0114657943695966,other
238,0.02336184764907563,0.0128361684471186,interface
239,0.6838637226151276,0.1113057062816306,immune_core
240,-1.0656641019691717,0.336565194281042,immune_core
241,-0.0014792643569250053,0.0123831090193223,tumor_core
242,0.06846299748526966,0.0210503538817023,interface
243,-0.045431614534251444,0.0382287180339372,other
244,0.0014928554070383214,0.0075748220338509,other
245,0.0013056373542293044,0.0054421902295552,other
246,0.0038060367307546526,0.0072068167303758,interface
247,0.00047253628864194234,0.0010760364983196,other
248,0.08830574355558066,0.0718418427977294,interface
249,0.011402467512392028,0.0084187525680653,other
250,-0.0005937937210398763,0.0029033935452766,other
251,0.012672988075559527,0.0210028827956473,interface
252,0.017356412390543613,0.0132433188502696,other
253,0.0067730907502750294,0.01903843539028,other
254,-0.02134244038146089,0.0321715918225297,interface
255,0.011786642353508861,0.0031133330485932,interface
256,0.011915670649795351,0.0402410223742177,interface
257,0.013533994605164447,0.0090641131674028,other
258,0.2891140831604919,0.0824130593650629,immune_core
259,0.027147277058471732,0.0291525370118206,other
260,0.0024238840688063025,0.0034303673011239,other
261,0.0012365159517503848,0.002358043622554,interface
262,0.035611694608863126,0.0800400643787885,interface
263,0.028545032015740966,0.0280258954518173,other
264,6.928036602266028,1.041925949433304,other
265,-0.03257241845780285,0.0451210278843747,other
266,0.046837656962549074,0.0273989523641475,immune_core
267,0.0016414245697838853,0.0023597798523825,other
268,-0.046584307407060446,0.0487692705080489,other
269,0.010877453289870151,0.0097684199670159,other
270,-0.13481873730164048,0.0549868410592934,interface
271,0.0008531657372132335,0.0032482887182208,other
272,0.0008691157176239669,0.0020335043604863,other
273,0.002150121319937615,0.002903690173157,other
274,0.001049752252234087,0.0043297991839469,interface
275,0.04827333413203129,0.0265694055530423,immune_core
276,0.014856892111585893,0.0061721858361386,interface
277,0.054567078553867124,0.0664582887374602,immune_core
278,0.003299278999510778,0.0170711434440261,immune_core
279,-0.5460631034654454,0.1324693734854622,interface
280,0.008080374490612626,0.0089475660622855,other
281,-0.012510127801140074,0.0039930467019349,interface
282,0.03661598420647764,0.0163433463631231,interface
283,-0.0039524331869996545,0.0495299257367521,interface
284,0.009938457895335774,0.0226863516425724,interface
285,0.7355026077922919,0.0677323740173133,interface
286,0.00465806565936304,0.0483934525441217,other
287,-0.01979545370285162,0.0234773999089694,immune_core
288,-0.002210215807566247,0.0207977035398683,other
289,0.02190671576615403,0.008567339851862,interface
290,0.009180687826168198,0.0235945497201618,interface
291,0.022945689057780168,0.0091148538181809,interface
292,-0.003481491050177168,0.0104562637984068,interface
293,0.013464138195158596,0.0039475408184154,other
294,0.03018285768232929,0.0450302617560164,immune_core
295,0.02998488106334039,0.0190995163266276,interface
296,-0.006873898934653327,0.0058586174133387,other
297,0.008625074813963374,0.0127148146513978,other
298,0.004663440635401656,0.0141308889425144,other
299,0.10820192204159389,0.0560195289556084,immune_core
300,-0.02720330095726449,0.0421869592205216,immune_core
301,0.016998229976398032,0.0203721623496544,immune_core
302,-0.00018250392981954873,0.0035567765798522,other
303,-0.0008311143832992127,0.0015545032578034,other
304,0.021497192142825413,0.0268022645424481,immune_core
305,0.6213779443022017,0.0430165441930193,interface
306,-0.005525958229388025,0.032055971891741,interface
307,-0.01710231407656622,0.0147307861873853,other
308,-8.496172392972053e-05,0.0030740246981362,other
309,0.015036068711880363,0.0183737582758101,interface
310,-0.0033925212907185104,0.0124514933284891,interface
311,0.0030880571057418362,0.0045148086057912,tumor_core
312,0.022883705758761228,0.0157435796402656,interface
313,0.0035628528988622347,0.0076719309955092,other
314,0.012497408003492205,0.008580068087984,other
315,0.18884444349119273,0.0492470810542744,interface
316,-0.4100428848625993,0.124287240944072,interface
317,0.0006085945060868964,0.0013760330973982,other
318,-0.0008055909432648272,0.0120065607200908,other
319,0.0007202766056800408,0.0068055669976565,other
320,0.00033593062361447377,0.0034758873861391,other
321,0.0027269650731193834,0.0272763232692792,other
322,0.00020956591680562487,0.0043935544003944,tumor_core
323,-0.49784976341539244,0.0135957355145206,interface
324,0.8367891878125079,0.0302573360741413,other
325,0.4985612590482131,0.0521103847170221,interface
326,0.028296402542682595,0.0100790943029927,other
327,0.00933408698734765,0.0065606568192765,other
328,0.004942195843183289,0.0071729120487355,other
329,0.04629205136958072,0.0354463373999619,interface
330,-0.02459747221122145,0.0522018196170193,interface
331,-0.09197834436065712,0.0290025503147332,interface
332,-0.10930250410046613,0.0950499947357061,interface
333,0.006869613345975951,0.0152937873226184,interface
334,0.0006699193981239283,0.0128673411058779,other
335,0.01247995294081648,0.0226255515530733,other
336,-0.005948935659022953,0.027860226611396,other
337,-0.00286702038954608,0.0071784711235033,immune_core
338,0.007968080817088417,0.0082916626035254,interface
339,0.0034913452363770875,0.0036439072999291,other
340,0.0015629323414453513,0.0019751104823233,other
341,0.03561775212218428,0.0394211698908023,immune_core
342,-0.0010751042465047332,0.0045079193296149,interface
343,0.014721778596015485,0.0070865357759468,interface
344,-0.08338477772581374,0.011310756379125,other
345,0.007690738744444284,0.0151404043199473,interface
346,-0.2654721139578238,0.2079673867357759,immune_core
347,-0.19945749314715286,0.1102261293045286,other
348,0.09979100304930606,0.0522904529627524,interface
349,0.0008889422372417679,0.0020180277724728,other
350,0.008642814888611945,0.0203355290462276,other
351,0.00016690131325694128,0.0028577412855378,other
352,0.00032448854522397453,0.0008427307365783,tumor_core
353,0.011821376261783428,0.0060743408224916,interface
354,-0.02373901036958055,0.0231124970074565,other
355,0.15663539607960872,0.1099879238206333,interface
356,0.0049430880230501495,0.0094772115774727,interface
357,-0.0003452530619406604,0.002767085949319,other
358,-1.0523623325667284,0.2361395202147709,immune_core
359,0.019918145580502027,0.0210818535146647,interface
360,-0.07430502431510813,0.0633327606711587,other
361,-0.014391243142235818,0.0392068920116408,interface
362,0.002008694469993442,0.0206820078104403,interface
363,0.12155092005749661,0.0351250128141915,interface
364,-8.677465959633881,1.200911798951261,immune_core
365,-0.11635634963173673,0.0760547262659285,immune_core
366,-0.07286042163578725,0.0672450829468241,interface
367,-0.02283308280618307,0.047229212817608,interface
368,0.43721668009016645,0.0511492417084408,interface
369,0.008866624105813603,0.0205097178311647,interface
370,-0.009426257517434188,0.0382191781620316,interface
371,0.000423566726700852,0.0027982947127658,other
372,0.17417602136163712,0.0509555723515579,other
373,0.05385348690047759,0.0399608763202525,interface
374,0.09019127316703453,0.0443208083176868,interface
375,-0.24617350821588702,0.0108859684299966,interface
376,-0.14225201434369555,0.1884896246319373,interface
377,-20.28976051418134,1.289303122797386,interface
378,0.0005028777416827349,0.0020846527015864,other
379,0.12401255599133988,0.0328225071595134,interface
380,0.18875007884214928,0.0507115613376496,immune_core
381,-0.009833100534930118,0.0770283799518414,immune_core
382,0.0639463213854875,0.0243409835608028,other
383,-0.05057933698711915,0.008793565392711,interface
384,0.003773566101131072,0.0026014658554218,interface
385,0.004098249161130442,0.01366665076974,other
386,0.0008481875604682571,0.0029238515529286,interface
387,0.011031518167783196,0.0112350032537892,other
388,-0.008795385363267828,0.0136183280305138,interface
389,0.07091207566963928,0.0548429618251824,interface
390,-0.7082014502499419,0.0301780871770167,interface
391,-0.028121125803020383,0.0521174310394239,other
392,2.367355320009694e-05,0.011920623191104,other
393,0.02383629385591035,0.0179308140157749,other
394,0.002559303676413248,0.0051113601196268,other
395,0.00941103450404342,0.0155431576804992,other
396,-0.022332840987348626,0.0152467729901866,other
397,0.001499775347288769,0.0025280433563375,other
398,-0.00234829100136429,0.0102459747343329,interface
399,-0.11123525546574688,0.0458294713046288,interface
400,0.0006512380309102932,0.0008691568958247,interface
401,-0.1366039181882788,0.0454817455214833,interface
402,0.0320016370960399,0.0545079932347518,immune_core
403,0.010639623090002269,0.0077092609906141,interface
404,-0.10768235271523206,0.0726901602883575,immune_core
405,0.004463518608776552,0.0065937501678169,interface
406,-0.000549264099995426,0.0033771678378386,other
407,0.00022247649000270835,0.0014298679084663,other
408,0.00276641576036972,0.0019742054953656,other
409,0.007936966732019752,0.0029871967342976,interface
410,0.017004898118541046,0.0344329695971855,other
411,0.48543537529860165,0.0450563972543995,immune_core
412,0.0009113067198049113,0.0060469483508858,immune_core
413,-0.08777378524201458,0.1119084995277134,interface
414,0.036691256549276394,0.0145874264643584,immune_core
415,0.04747370700298791,0.016435717121799,interface
416,0.010426470129806898,0.0058262856712519,interface
417,-0.039320846368073134,0.0463116728667421,other
418,-0.0004711072493411639,0.010923973802644,other
419,-0.08014210792785859,0.0599998903234106,other
420,0.0008796382599259365,0.0029410774147269,other
421,0.0052281076374302415,0.0064525155385708,other
422,-0.07530237349981687,0.0490630976697308,other
423,0.03218181921541394,0.0379676329717847,interface
424,0.09328223912280084,0.0248547552987626,interface
425,-0.00383716477667081,0.0007022144987399,tumor_core
426,-0.023873815066490944,0.0720803852510177,immune_core
427,-0.20225576619153124,0.0928382882551527,immune_core
428,-0.16079702807190002,0.0839333717451876,tumor_core
429,0.0018558304130684346,0.0026219385507959,interface
430,0.05116612388938363,0.0177368806664932,interface
431,0.02082292856666603,0.0196383691831654,interface
432,-0.0019861242412367772,0.029451730063481,other
433,0.012357971864740507,0.0361346128006078,other
434,0.0004299272806165989,0.0025625829441077,other
435,0.0012768390876459644,0.0115091027228905,interface
436,0.061375569268359104,0.3173929058094558,immune_core
437,0.013178695386643286,0.037432985068791,interface
438,-0.02079721055796489,0.0581091264040728,interface
439,0.003423820162519524,0.0109114270238713,other
440,-0.019067877383450074,0.0472295282126975,other
441,-0.00016112179369691263,0.0222382962734946,interface
442,0.0034635079600717207,0.0027756061651777,tumor_core
443,0.0003682405782535597,0.0054460906982883,other
444,-0.00013503580036952734,0.003615506286292,other
445,-0.21133326620309736,0.1019008532183304,other
446,0.6151657599930968,0.0678504376311121,interface
447,0.009215382710444187,0.0073568641947172,interface
448,0.0036343431293920578,0.0040310858028487,interface
449,-0.0038896441566979214,0.0046499185069983,interface
450,7.0054110329036074,0.3727501128979227,interface
451,-0.08864554019153258,0.0253289679956192,immune_core
452,0.00034392169842239014,0.0015630402783959,other
453,0.00017912547061715294,0.0024575517243865,other
454,0.029061803862084557,0.0155300411166943,interface
455,-0.0684344692109016,0.0718265628480156,immune_core
456,0.02386082940019059,0.0152635592471973,other
457,-0.0008372514026357416,0.0285063358273447,interface
458,-6.0790860514835324e-06,0.0024565522236216,immune_core
459,-0.6412608302760496,0.2173634313395943,immune_core
460,3.3638797749678337,0.4811203650659948,interface
461,0.002160904369170322,0.0072947919486763,interface
462,-0.00029882800266231016,0.0038572452096897,other
463,0.01736225815609263,0.0156841131398325,other
464,-0.002687285508350009,0.0089568674635106,immune_core
465,0.007113348924308717,0.0573281396875727,interface
466,0.11624425553156131,0.1577051718127853,other
467,-0.0020011742726435836,0.0065551812883823,other
468,0.02855992789549284,0.0240146639086095,immune_core
469,0.0004542756133294934,0.0004726629655869,other
470,0.0017137061780045171,0.004127338637171,interface
471,-0.02771632019609041,0.0188885183683477,interface
472,-0.036135330044762215,0.0393505330886729,immune_core
473,0.01796854255712114,0.0159807167658825,other
474,0.009148160766344258,0.0372074268710085,other
475,0.0010796979091720067,0.0031754534697058,other
476,0.0022692114164022904,0.0081508162480204,other
477,0.005711153955641645,0.0125061467102856,other
478,0.010757508818889741,0.0102152377891531,interface
479,0.0036797856739382608,0.0343667303542332,immune_core
480,0.007602638095740055,0.0080577269193812,interface
481,0.012140963110727192,0.0118883099664004,interface
482,0.013562904875827583,0.0268438486595359,other
483,0.0465818489452015,0.0679729803829538,interface
484,-0.042879744280779945,0.0515673074217943,other
485,0.009739539571463148,0.0144861240919739,interface
486,11.811227182506737,0.3851638980844702,interface
487,0.09452452436695212,0.0340165313710693,immune_core
488,0.0323430094941672,0.0255871497149475,interface
489,0.26561888912512643,0.1114579031199684,interface
490,-0.1155326224666065,0.0731918637336508,interface
491,-0.0001643773579502886,0.0015000367608922,tumor_core
492,0.011333690029372533,0.1365673995850457,other
493,0.0012314369728058392,0.0077829204965791,tumor_core
494,-3.0729232166322507e-05,0.0043632386429083,other
495,0.0048043740661122564,0.0052126367218612,interface
496,-0.0279378885532157,0.0338969831547472,interface
497,0.023678059169885753,0.0279546925634328,interface
498,0.011752432306534768,0.007630462344564,interface
499,-0.009212044275502927,0.0129666167078711,tumor_core
500,0.012938194666272225,0.0183191157139293,immune_core
501,-0.004778500381439945,0.0388210101095474,other
502,-0.07337437633167722,0.0490120151257769,interface
503,-0.025523003622696428,0.0302073325273662,tumor_core
504,0.009091966304204566,0.0201108973298772,other
505,-0.027396600882834823,0.0285170184628293,interface
506,-0.004562109156381446,0.0297010272111975,immune_core
507,-0.020982600234572837,0.0028347351036461,tumor_core
508,0.004779682708516336,0.0080827622300874,tumor_core
509,0.02239462603727608,0.00593927398684,interface
510,0.010429656637672235,0.0111123692475843,other
511,0.004010828404785719,0.0270986452281288,other
512,0.05172191089914229,0.0327450147517886,interface
513,-0.11755435063348417,0.0511091783258381,interface
514,-0.02008998378345608,0.0357313097268659,interface
515,-0.05998867444555254,0.0482816923607681,immune_core
516,0.005441891955490584,0.0191973225557375,interface
517,0.0007689789409913525,0.0020229235289175,other
518,0.0133881319375084,0.0093405288333252,other
519,-0.008185402830717867,0.0298553490197978,other
520,0.024696166615995503,0.0207717994059902,immune_core
521,-0.02855405300898261,0.0063381738348956,other
522,-0.058790448554902695,0.0497725815056875,tumor_core
523,0.38437854929726667,0.0953985948090191,immune_core
524,-0.2778675662340483,0.1062908053562355,interface
525,0.55648538880799,0.0737330746413632,other
526,0.01327139574599778,0.013864020772894,interface
527,-0.05668541720921167,0.0148070230107701,other
528,-0.00018976905716564175,0.0002758870937735,other
529,0.03282454439499942,0.0147183104703049,interface
530,0.010911599109090127,0.008785272617855,interface
531,-0.00019309161978539298,0.0008157225666085,other
532,0.006489097399958124,0.012565223542157,interface
533,0.017993755421944722,0.0097028387950593,interface
534,0.006043527051833036,0.0225742151323026,interface
535,0.0029205174945484058,0.0179294631407351,interface
536,0.31428839507793105,0.1355403170040199,immune_core
537,0.009529584299578953,0.0069076148848301,tumor_core
538,0.004499061912120668,0.0359577435382814,interface
539,0.019826295231337325,0.0614489105082204,interface
540,0.0011994050797844767,0.0051441997917706,other
541,0.025348303492749788,0.0195223746871571,tumor_core
542,-0.05091378654410662,0.0031071430407764,other
543,-0.03864865726523104,0.0352292543035357,interface
544,-0.0004152695157094678,0.0037732621589336,other
545,0.043270624204152563,0.0665489142583683,interface
546,0.02431519835760259,0.0166097832702808,interface
547,0.018131583496667093,0.0309169140657485,tumor_core
548,0.00015983134331713436,0.0012799961802299,other
549,0.0037324682137492163,0.0026448468401434,other
550,0.0001907796288110486,0.002747160524752,other
551,0.01885520537380328,0.0122199142203059,interface
552,-0.006004966812407431,0.0513277911120045,tumor_core
553,0.02627448183591236,0.0163177335118368,interface
554,0.0009033979897231048,0.0055617286042825,other
555,2.752048791321515,0.2839371832202461,interface
556,-0.150520495442885,0.0213567563918966,interface
557,-0.05993773565452596,0.0560684837743487,other
558,0.011068101114292002,0.0131533268260721,interface
559,-0.019118835111163385,0.0083061067401089,interface
560,-0.0006375006790749968,0.0779214993012332,immune_core
561,0.5051957172798341,0.075139293579163,interface
562,-1.4397513778772315,0.2071600980691009,interface
563,0.014404516186953865,0.0063742721058768,immune_core
564,0.12793824006875837,0.0521461045903148,interface
565,0.004640185126906528,0.0056709859467061,other
566,0.005451346124192566,0.0143737118560565,immune_core
567,0.13040734086598235,0.0326529542781698,interface
568,0.0003653656815790832,0.0024659449572925,other
569,-0.0015486867263447045,0.0006513096726436,interface
570,0.3153526945821459,0.0918655053861982,interface
571,0.005598431653867172,0.0051965791232178,other
572,0.029156833231537036,0.0314609998212918,other
573,0.0018431725245990772,0.0045313244216808,interface
574,0.09024901546744207,0.114769965890819,interface
575,-1.0146888560108611,0.3369551244532513,interface
576,0.0010331760478566238,0.0099859059291425,interface
577,-0.0007459094029401176,0.0051350454787424,other
578,0.06202696666850105,0.1107447133726977,interface
579,-0.0014574844092999745,0.0050828323397783,other
580,0.014373372131369265,0.0125371881340289,interface
581,0.21747785136823006,0.1337821111517402,immune_core
582,-0.31014345945496263,0.1098093352604606,immune_core
583,0.0015977525808515977,0.0035973381804966,other
584,-0.0016261183767106145,0.0058855562205949,other
585,0.0004599735562668732,0.0031413584676628,tumor_core
586,0.012268378743492495,0.0260507904772816,interface
587,0.011425798239923294,0.0184953921221024,other
588,-0.04029224983688904,0.0120282048025966,other
589,0.006379630644546466,0.0096170106302095,interface
590,0.017570446522558895,0.0140817938178823,other
591,-0.015878164377533633,0.0190213752092002,interface
592,0.06958903053007809,0.0188062896290474,immune_core
593,0.07672052738287707,0.0340328317456488,other
594,0.03525415280971813,0.0625398414943844,interface
595,-0.0004012082440151291,0.0025460205451062,other
596,0.017668148767285646,0.0262298731533383,other
597,-0.27854154352062127,0.1827652490530553,immune_core
598,-0.028854156246853075,0.041833817349533,other
599,-0.00024065301797854735,0.0036266116337488,other
600,0.006461588341760458,0.0047707335897133,interface
601,0.07833675834993832,0.0470690799469518,interface
602,0.0006358220275213346,0.0075951534124615,other
603,0.0008958091033872652,0.0018775473806451,interface
604,0.4209000412916375,0.0971936892111782,other
605,0.014981430512571618,0.0044603393517883,interface
606,-0.02302016663686758,0.0387565328087668,other
607,0.006113329515877943,0.0125024772796395,other
608,0.0010359864659502931,0.0103849279006214,other
609,0.00017923326665420102,0.0032585799344363,other
610,1.7346290491223697,0.0783275491475236,interface
611,9.553035965265424,0.152641415006894,interface
612,-0.004080906848281787,0.0055518848293411,tumor_core
613,8.632579708504297e-05,0.0013492831555157,other
614,0.005377507785220478,0.0153733583411466,other
615,0.00011512106323197586,0.003268035746316,other
616,-0.03072639704209923,0.0435900907702341,interface
617,0.002569682874169363,0.0094668945684252,tumor_core
618,1.5044000390125478,0.2374215315156665,interface
619,0.05047717682866393,0.017133426898188,other
620,-0.002585186428009517,0.0067991700747807,other
621,0.008415437693168857,0.0376716834063529,interface
622,0.02572732554025757,0.017864514257434,other
623,-0.03745589423095674,0.01397700904297,interface
624,0.15538163481172876,0.0373536836906629,immune_core
625,-0.0013712167647224615,0.0059514657099072,tumor_core
626,0.003864515671784639,0.0056484303206023,interface
627,0.6436686950772138,0.057836699652401,interface
628,0.01652041542991836,0.0094298963514866,interface
629,0.2047245472092923,0.0462641426960638,tumor_core
630,0.002819622027068823,0.0072046639425428,other
631,0.008092549976156648,0.0225715744334523,other
632,-0.0016790799418409039,0.0183883083870706,interface
633,9.373849146227717e-05,0.0055525512184329,tumor_core
634,0.09669884114765231,0.0936616016097598,other
635,0.041093902272228935,0.0113940013212604,tumor_core
636,0.6002633656553028,0.0729692235483156,other
637,0.03931031159115111,0.0379329550292394,interface
638,0.0018993090948399903,0.0028031519891316,other
639,0.002086327507545362,0.0025425627360395,other
640,0.00147870011099268,0.0116638969769193,other
641,-0.0037153962219026635,0.0233171230258677,other
642,0.026618577845548518,0.023628383617828,other
643,-0.08917314207668256,0.0844717908309432,interface
644,2.0338511560535246,0.4412282289252591,immune_core
645,-0.3707423755413038,0.0560504049777064,other
646,-0.08063118364014489,0.0728343572623937,tumor_core
647,-0.019965444240001823,0.002469900738482,interface
648,0.034082023831432356,0.0226111170908297,interface
649,-0.010041216621846778,0.0237109712028026,interface
650,0.07866513141291347,0.0164978611915455,interface
651,0.01843298114256163,0.0245630153458828,interface
652,0.016826952825645673,0.0136880788533726,interface
653,0.0005643930229121577,0.0373671653335892,immune_core
654,0.11122825963023855,0.0481403230494311,interface
655,0.0010470735199100563,0.0029763488698289,interface
656,0.02633208470431609,0.0051398348834397,interface
657,0.08235648141019891,0.0266840652007314,other
658,0.024608296075684183,0.0176385617960684,tumor_core
659,-0.10027578119816347,0.0737744855432415,interface
660,-0.036099908414771995,0.0496348994556553,other
661,-0.00903276681743416,0.0437461454615046,interface
662,-0.016189912012432188,0.0515863145312508,interface
663,0.00030160998179035224,0.0029857299361802,other
664,-0.020136091653185743,0.0385461616622331,interface
665,-0.004868969393836311,0.0247429119076733,interface
666,0.1181988873843398,0.0171364902231772,immune_core
667,0.004996838453373272,0.0096099450366376,other
668,-0.008212835165893903,0.0220359242160582,interface
669,0.4810512534620595,0.0795745335291569,other
670,0.0005393379833244125,0.0023918995752641,interface
671,-0.0007923812029991534,0.0042913547143479,other
672,0.0001970440274458658,0.0047972087228732,other
673,0.004217434984645689,0.0043286419422505,interface
674,-0.00027189481056312043,0.0052750200625577,interface
675,0.02364041360316649,0.029042053249755,interface
676,0.004776042031366827,0.0052374517041093,tumor_core
677,0.006605921583816498,0.0054859802532872,other
678,0.007527954458034869,0.0168606068222478,interface
679,0.3112580170170264,0.0548196304769249,interface
680,-0.002330417734239658,0.023915493384622,interface
681,0.035653225183794206,0.008976274593521,other
682,-15.573624024205708,0.8807030040268895,interface
683,-0.2509850385696245,0.184589854235227,immune_core
684,-0.528177872371316,0.0870147452672183,other
685,-0.0013934316731288475,0.0003865632521151,other
686,0.01308678275735936,0.0176672231965563,other
687,0.05464187581816351,0.0270643907991213,tumor_core
688,0.05199075525585051,0.0658368808712571,interface
689,-0.0009493710140394642,0.0058714625644166,interface
690,-0.0003969374553903134,0.0039686934535454,immune_core
691,-0.5980686740105485,0.2745262786672267,immune_core
692,-0.13133825136123292,0.1263052647352429,other
693,-0.8293983450053648,0.2008940684144238,interface
694,-0.005614030984154502,0.0222208965795715,other
695,0.0013118219992825327,0.0109708812091766,other
696,-0.00025563754977577543,0.0009479242046751,tumor_core
697,-0.15657027678531646,0.0573979647936179,interface
698,0.031076004669970292,0.0472074621685876,other
699,0.0018595063908915632,0.0040112809078285,tumor_core
700,0.0003902212561156383,0.0018470751965566,other
701,0.00776787116883855,0.0058013947417728,interface
702,0.07185079717702247,0.0272730172104575,interface
703,-0.1839578447128425,0.0929857406719348,interface
704,0.017711696323397638,0.0092510625841981,other
705,-0.003789090646623111,0.0079823854191875,interface
706,1.0839689080828077,0.1626510875062301,immune_core
707,-0.0033537508917710576,0.0086390252079778,interface
708,-0.05456972382362894,0.0680191384968792,interface
709,0.0017441943906543506,0.00725201247475,immune_core
710,0.0047902330651267075,0.0065341294870602,other
711,0.030503972410113375,0.0261642107782361,other
712,0.017187586032389155,0.0111341448211282,interface
713,0.003390693000699008,0.0039484783956787,other
714,0.001460209077155833,0.0013139653534823,other
715,0.005951653274342722,0.0089391492810827,other
716,0.009125474959828975,0.0128046493289237,interface
717,0.020882505581742487,0.0266557318569087,other
718,0.01669994140826802,0.0096019405240486,other
719,0.004859614793277358,0.0068314268370788,interface
720,-0.011776961920517559,0.0270922836720366,interface
721,-0.001281765418960032,0.0009107769129874,interface
722,0.0011240075870305815,0.0009165953351696,interface
723,-0.21081573485087876,0.1077147135415242,immune_core
724,0.004301934079680547,0.0056189928161872,other
725,0.0007043472732935093,0.0009875504511052,tumor_core
726,-0.0021007624551351778,0.0049157312403102,other
727,2.8687067994287165,0.2287976844469305,immune_core
728,-0.0451148535688647,0.061204566691937,immune_core
729,-0.016900587689589568,0.0403165959033983,interface
730,0.0017006410704908216,0.0016427514311441,other
731,0.0029460864159555015,0.0106773567781921,tumor_core
732,0.0005493158032759416,0.0011193816840309,tumor_core
733,-0.011958506424699217,0.0105070141956035,other
734,0.0444071769012846,0.0160668598215455,interface
735,-0.005832270588816024,0.0196352431899715,interface
736,0.08465295593051753,0.0408536982012972,interface
737,0.19422782334787472,0.0669212636564545,immune_core
738,0.0029800570743195977,0.0220836298843078,tumor_core
739,-0.001841848816186073,0.0078851542710815,other
740,0.0037744116790375012,0.0078012871019136,other
741,0.0016197171657351453,0.0043308867589817,interface
742,-0.006939617153931564,0.0043261065343672,interface
743,0.002531615321486336,0.0108884358483535,interface
744,0.6077483136853596,0.0416642442327838,other
745,0.011001941047526274,0.0107798242277463,other
746,0.15385860201605478,0.0129862088904546,interface
747,4.603475254571952,0.3772482462543361,interface
748,0.012987570704329683,0.0059901308712767,tumor_core
749,0.3596551825058125,0.0437257182359804,immune_core
750,0.01099367370194555,0.0099309775121178,tumor_core
751,-0.5609595237082261,0.1800083531339433,immune_core
752,0.05099806675403298,0.0170860401429842,other
753,0.22722501018541078,0.077553187818004,interface
754,-0.0012146374756118392,0.0181150633195482,interface
755,0.006861087759393239,0.0081216593860316,other
756,0.13198014933053276,0.0831277007910554,tumor_core
757,0.0503171266962744,0.0179751299569477,interface
758,0.00036068171321103793,0.0015138808962056,other
759,0.05198372008720131,0.0246206389962143,other
760,0.14922423413170022,0.0644537032058047,interface
761,-0.01042086841934194,0.0276736084067061,interface
762,0.08697781134714218,0.0452346603591569,interface
763,0.006081925675983763,0.0111820351446215,interface
764,0.1610776379829218,0.0200813810563331,interface
765,0.02572647815231416,0.0158597412718184,interface
766,0.01044401506334716,0.0104907236906402,other
767,0.018791920453179078,0.0191568771741088,interface
768,-0.036335565987910025,0.0307012056907354,other
769,0.005892226153923331,0.0096649099802895,interface
770,0.0011610226789808,0.0020472501357195,interface
771,0.01079751678167971,0.0024403621208735,interface
772,0.004567249108650527,0.0300446412551103,interface
773,-0.0025819109401967986,0.0074817352795977,other
774,-0.3627892046887452,0.1323551490988115,interface
775,0.040475717638888645,0.0196798422350589,other
776,-0.0028603110649280364,0.0195839278525543,immune_core
777,0.001327242771927405,0.0035115503468001,other
778,0.07332964424239086,0.0226928694531129,interface
779,-0.05530912572754944,0.0887031507110625,other
780,0.07604025458054317,0.0166388539331442,immune_core
781,-0.8294459650488059,0.1916936392355906,interface
782,-0.0429211802648733,0.0587551011119015,interface
783,0.014451007300428292,0.0402843734268976,interface
784,0.14194380908736942,0.0639451035152977,immune_core
785,0.009663242788752281,0.0122064471513539,interface
786,-0.00017050304262440923,0.0149704975639453,interface
787,0.005776392072939156,0.0148306320398106,interface
788,0.006249135119505025,0.0065382586464905,other
789,-0.004797177048268226,0.0121803274228596,interface
790,-0.00946419395642271,0.0158700441147608,interface
791,0.0008457033172007722,0.001210377916099,tumor_core
792,-0.172763457006876,0.0794061477829906,interface
793,0.03282919790288578,0.016213160393307,other
794,-0.00030486257115026704,0.0047138383441947,other
795,-0.01397631136765071,0.0353189683216105,immune_core
796,-0.020608931389007844,0.0186422396719842,immune_core
797,0.08864379330651563,0.018273316160436,interface
798,-0.046467697179384135,0.0483716005800948,interface
799,0.02691820543375295,0.0445286903729718,tumor_core
800,0.08933874770615684,0.0564118508674212,other
801,0.01932726036202138,0.022260331618691,interface
802,0.001288816121042198,0.0037647103031711,interface
803,-0.49840594691578527,0.0379300198185347,interface
804,0.07334957325021668,0.0889709076950034,immune_core
805,0.03637085421113251,0.0236288908766981,interface
806,0.014889220505321462,0.0143853055167907,tumor_core
807,-0.01217457833972116,0.0279318791525412,immune_core
808,0.0009626738916165668,0.0113936365782226,interface
809,-0.0013320729745427205,0.0056730705198523,other
810,0.017689446356614617,0.0043113622117824,interface
811,0.021102569512326426,0.0282938833018636,other
812,0.016539460145920296,0.0022984802315743,other
813,0.03252702042775519,0.0321715256492296,interface
814,0.002123666618846198,0.0019551147813096,interface
815,0.0024971455235384414,0.0059015210830898,interface
816,7.807095580496098e-05,0.0032772715842779,tumor_core
817,0.02444194041005122,0.0618776720409253,interface
818,-0.152287138409464,0.149139531198829,other
819,-0.0031628686681038813,0.0135155418339282,other
820,-0.0011736010749063982,0.0046792509299415,other
821,-0.01163758487751606,0.0584234652440666,interface
822,-0.000777965182669091,0.0665037848343316,interface
823,-4.555353080421298,0.694477247195315,interface
824,0.006170273177860014,0.0054577852127603,other
825,-0.0800973583991948,0.0076859887447937,interface
826,0.04329835350634969,0.0273125021258234,interface
827,0.0017455536920703188,0.0052775258973998,interface
828,-0.0543839816868693,0.0483844267979528,interface
829,0.013923513123893885,0.0066612683740819,interface
830,0.001451683150018803,0.0019163241031306,other
831,0.00039562262724839346,0.0216141969606637,interface
832,7.750316360807108,0.1668534992907443,interface
833,-0.04190251552740286,0.0715005205234394,other
834,0.015463068935964656,0.1052207622849054,interface
835,0.23681615825225102,0.0230233013983243,interface
836,-0.025792288829162187,0.0940444483169103,other
837,0.0926965904102085,0.0146842932322529,interface
838,0.5401723308603023,0.0554662331725757,interface
839,0.019385984974388173,0.0440480457661769,interface
840,0.031925768818162295,0.0196074994542425,interface
841,0.008825425854791397,0.006001004717748,other
842,0.046794740043190494,0.0197301010374365,interface
843,0.07631713043418505,0.0368537945839974,interface
844,0.03807405006444766,0.0129829605050436,interface
845,0.0006131917529971792,0.0026632903545357,other
846,0.00034484898170496805,0.0026200060888255,other
847,0.0002937721398438084,0.0034211501429168,other
848,0.005087426687484644,0.0123228922697743,interface
849,-0.2109884999394746,0.1142193787988564,interface
850,-0.00099336531185059,0.0056159240871026,other
851,-0.0004183391941478547,0.0287977266524642,other
852,0.019712848889511116,0.0217069817603154,interface
853,-0.19822327351276003,0.0742719435216559,interface
854,0.008065183985459046,0.0057096004548364,other
855,0.0026987194029724345,0.013485374124872,other
856,0.010960048024187076,0.0227536617095849,interface
857,0.06903038151995675,0.0228241056235583,other
858,-0.17196920478790298,0.0935049075684924,interface
859,0.009915361627666071,0.0106530541931833,other
860,-0.2325028605795708,0.2187510652216898,other
861,-0.030902453356515824,0.0749407341860078,other
862,-0.00041691660955478775,0.0448845375628905,other
863,0.11085838008165744,0.0249815812108181,interface
864,0.008212423271247637,0.0087747038234944,interface
865,-0.07558010154683766,0.0940607782483688,other
866,0.00015078684502311233,0.0092798183604104,interface
867,-0.25862988622992594,0.1257019179162595,immune_core
868,0.008422472772876229,0.0035519671715898,interface
869,0.07796166256626835,0.0931603953292976,immune_core
870,0.23236813104338683,0.0608258064447279,other
871,-0.012778053507613364,0.0273425223937546,interface
872,0.07118310229603292,0.0076970142433955,interface
873,0.17636372575407888,0.0290267682739504,immune_core
874,-0.023662094987888693,0.0011297306513458,other
875,0.0051220983288868295,0.0015198200128798,other
876,0.0006909443803001224,0.0017173532424616,other
877,-0.008139988851729065,0.0131068993729808,other
878,0.010100686851226625,0.0229206342115678,interface
879,0.008987821259152425,0.0046508018856282,interface
880,0.34596861558758923,0.1759526270661453,interface
881,-0.0014753864892994707,0.0101445632871809,tumor_core
882,-5.354616353515187e-05,0.0061692721834665,other
883,-0.14520432360363722,0.1135201629536741,interface
884,0.02903470132560795,0.0333981800669853,interface
885,-0.0005559895238237238,0.0189604178161825,other
886,0.007424215436985051,0.0029312776080308,interface
887,0.009956587247031962,0.0097363957773437,other
888,0.0031809052941793045,0.0135301493091994,interface
889,-0.0027430680189493685,0.0081425318281447,tumor_core
890,-0.0003587164844269152,0.0045582985395765,other
891,0.0039119464946713615,0.0052668052027476,other
892,0.0006146888132904197,0.0039248267343432,tumor_core
893,-0.040432070554493126,0.0360426426242837,immune_core
894,-0.0044986158729778,0.0622470695573982,interface
895,-0.45802713073879364,0.4562569678870871,immune_core
896,-0.004701300773297289,0.0473576789066158,other
897,0.00825259844360214,0.0207039124585348,other
898,0.0018049395931015542,0.0046087850037235,interface
899,0.011552111276929592,0.0020735959502824,other
900,0.13180275196337743,0.0429880609891366,other
901,-0.008049328620756193,0.0137205098860833,interface
902,0.04888987891629799,0.0422036864510479,other
903,0.4328980093054232,0.1464377122641833,other
904,0.003656508510960608,0.0042997938955435,other
905,-0.022761053575500317,0.0269511567865149,interface
906,0.0037130969282464905,0.019435551119722,other
907,-0.023746542424935693,0.0662447464741447,interface
908,-0.0008949605506219727,0.0073664934197071,other
909,-0.8575439816011766,0.1610846934111924,other
910,0.00931123664109719,0.011258031393938,interface
911,0.013976418543443753,0.0054527657596345,interface
912,0.00012407024225231608,0.001814153658933,other
913,-0.04755965669823707,0.0434771523414741,interface
914,0.11711288366928821,0.0793494316631668,immune_core
915,3.2627704130916193,0.0465785107939761,interface
916,0.016569991663512286,0.0085899809494965,interface
917,-0.0019986140303552545,0.0272081516504396,other
918,0.09483542161098507,0.0196478791460196,interface
919,0.005618792100411939,0.022346862781881,immune_core
920,0.022148030394150028,0.0612900073330035,interface
921,0.01459869937477815,0.0121299878092573,other
922,0.5315264236286172,0.0545001387629684,immune_core
923,0.0007556119409205444,0.0015890705547015,interface
924,0.6523942550713553,0.0229614043126403,interface
925,0.008726817349765974,0.015431366712018,other
926,0.04311589232696875,0.0211391629861581,interface
927,0.013666247331628687,0.0217327634213536,interface
928,0.003816255781002053,0.0266667160544233,other
929,0.0155008067304372,0.013012023024313,other
930,0.002690926591006707,0.004853139109399,other
931,0.003932939715720285,0.0273831199932439,other
932,0.003690688111513318,0.0147743000795154,interface
933,0.0018597195481137444,0.0042528982857733,other
934,0.0033488552525504475,0.0041073351287755,interface
935,0.014245631398220474,0.0049134295963352,other
936,0.007319122327722791,0.1162783261150252,interface
937,0.02203017129747166,0.0076929171805741,interface
938,0.0050753301700560555,0.0088721001682605,other
939,0.005973023456003378,0.0111126285332661,interface
940,-0.07305580355723594,0.0104077083700943,other
941,7.53175605944563,0.4896446841749309,immune_core
942,0.2554396204147899,0.0954026729871396,interface
943,0.006015168687166172,0.0150241816208425,interface
944,-0.023457966933426444,0.0323084609681034,immune_core
945,0.041318574985570455,0.0185817727545486,interface
946,0.002271896753405986,0.0055178927903721,other
947,0.21677269773925567,0.0435193842863837,other
948,-0.3987496007429686,0.2931475487855702,interface
949,0.02306910279725353,0.0400030917770535,interface
950,0.02497771376830122,0.0157952469240686,interface
951,-0.002229492654526158,0.0070602807911516,other
952,0.025582124082902627,0.0036118622843423,other
953,0.006567640468287289,0.0090263788755141,interface
954,0.022984336792180628,0.0237294927280029,other
955,0.021701500287382828,0.0435915233816025,other
956,0.00843232251550122,0.0079983411325642,tumor_core
957,0.05294212571556631,0.0515702218898,interface
958,0.012650636481589064,0.0277439821171476,other
959,0.010844276062805754,0.0029496305839383,other
960,5.844256127054119e-05,0.0006735736654502,other
961,0.21070713455846346,0.1003812298728079,interface
962,0.04249533080870685,0.0159379160391557,interface
963,0.08504424211022361,0.0484689395438738,other
964,0.00020427248015525922,0.0015412102513466,other
965,0.014811182726214329,0.0294138067611493,interface
966,-3.6000656171893684e-05,0.0023780456981026,other
967,0.6337840698334826,0.1151864067365875,immune_core
968,0.0013772018697336729,0.0026871491487084,interface
969,0.0056710918309773525,0.0383309575977705,other
970,-0.002031802983977609,0.0087523731910517,other
971,0.018374877252997347,0.0117050221056156,other
972,0.00716807696875611,0.0407495601899242,interface
973,-0.15506385375101706,0.0810773078746495,tumor_core
974,-1.016695663918754,0.2020806046634734,interface
975,0.008195916231068264,0.0185385737275266,other
976,0.003757188227097764,0.0036601548374327,other
977,-0.02051393152784973,0.031866068938727,interface
978,-1.7971045560833412,0.5869605495708395,interface
979,0.23721545308702074,0.0195609839066397,interface
980,0.12452062420833282,0.0448481158890325,immune_core
981,0.0007981192064982749,0.0027316544803763,tumor_core
982,-0.0061360032916158,0.0136751934627839,other
983,0.012693311256519535,0.0016838187193441,interface
984,0.09617510827680759,0.0252635990294164,immune_core
985,0.023962593534266517,0.0057900357548469,interface
986,-0.021584534537357224,0.0390897531822605,other
987,0.0887237037814228,0.0985805090011657,other
988,0.12657440642883386,0.0570382277961069,other
989,-0.011786070769176708,0.0208073357464277,interface
990,-0.00039011667450547256,0.0043669242584992,other
