spot,x,y,tumor_score,immune_score,stroma_score,is_tumor,is_immune,region,coexact_energy
AAACAGAGCGACTCCT-1,5808,7400,-0.6089119442985699,-0.1685307929388881,-0.5937420203360068,False,False,other,0.004365613093319864
AAACGAAGAACATACC-1,4223,10791,0.3631574829745328,-0.077644797452293,0.5413242595248503,True,False,interface,0.02269502040451926
AAAGTCACTGATGTAA-1,5006,12152,0.1196292407092154,0.4258606518939078,-0.1253195639015954,False,True,other,0.025422165941382895
AAATAACCATACGGGA-1,5806,8079,-0.7542522409222233,-0.3186922173012582,-0.2700887637678236,False,False,other,0.0011547460044859243
AAATAGGGTGCTATTG-1,13484,9120,-0.0516132504095503,-0.1685307929388881,0.7644932223951919,False,False,other,0.030402739286045446
AAATGGCATGTCTTGT-1,5603,10229,0.0989376280588356,0.4291798404266109,-0.1488375088201415,False,True,interface,0.02670535667332337
AAATTACACGACTCTG-1,5806,8305,-0.5447497714677615,-0.077644797452293,-0.096311507387165,False,False,other,0.0011209193916028352
AAATTACCTATCGATG-1,8172,7407,-0.1985551521612135,-0.0806919906320253,-0.2155254977618283,False,False,interface,0.0285105794251333
AACACGACTGTACTGA-1,4814,10680,1.0532767808150472,-0.1685307929388881,0.3252296265683271,True,False,interface,0.04463525661374987
AACAGGAAATCGAATA-1,5996,10457,0.2643316498232977,-0.3186922173012582,-0.3289765379967218,False,False,interface,0.012765260128183862
AACATATCAACTGGTG-1,8370,6841,0.1856777718664509,-0.0806919906320253,0.7905378780753917,False,False,interface,0.047677426160767
AACCCTACTGTCAATA-1,10930,7189,-0.230282104532832,-0.3186922173012582,-0.2143206449973414,False,False,other,0.008328019915732001
AACCCTGGTGGAACCA-1,4618,10113,0.0463809431166901,1.983515729406656,0.8666530032159565,False,True,interface,0.22819305758512612
AACCGTTGTGTTTGCT-1,5404,10794,0.0473648213326449,-0.1685307929388881,0.3111776451745388,False,False,interface,0.017713013796543258
AACCTTTACGACGTCT-1,6201,7627,-0.0369306064629547,-0.3186922173012582,-0.1495788073519244,False,False,interface,0.013002607505898607
AACGTGATGAAGGACA-1,4820,8642,-0.0942940080174857,-0.3186922173012582,-0.7408673773203599,False,False,other,0.006154239202727958
AACGTGCGAAAGTCTC-1,10134,9676,0.3536157455074015,0.2226780512724472,-0.5348542461071085,True,True,immune_core,0.06932370990602012
AACTCCTAATCCCATG-1,5414,7625,-0.2692179506935172,-0.3186922173012582,-0.3796453207375113,False,False,interface,0.009684279320843658
AACTCTCAATAGAGCG-1,9944,7525,0.8313187211975477,-0.3186922173012582,0.8466008393511285,True,False,interface,0.05476902652865753
AACTGATATTAGGCCT-1,6193,10570,1.6287980716666373,-0.1685307929388881,-0.4551774068518886,True,False,tumor_core,0.01735087775474461
AACTGGTGTGGGCCTT-1,4415,12489,0.1555388623672644,-0.0806919906320253,0.2269472630959715,False,False,interface,0.018060155463939184
AAGACTGCAAGCTACT-1,10132,10356,0.2017393940937356,-0.0806919906320253,-0.2999684814822913,False,False,other,0.02365824963680269
AAGCTCGTGCCAAGTC-1,9937,9789,0.0330219632664251,1.000942226918388,-0.219195092236612,False,True,interface,0.041845610142501176
AAGCTCTTTCATGGTG-1,14273,8896,-0.7060949372208417,-0.3186922173012582,-0.7408673773203599,False,False,other,0.009066192051885308
AAGTGTTTGGAGACGG-1,13288,9007,-0.4231683816188907,0.3938897761554021,1.178543634339182,False,True,interface,0.19439584273033164
AAGTTTACTAATGGCA-1,4025,11130,-0.7648727461445791,0.1288569917018705,-0.3315457900961632,False,False,interface,0.06018889802794343
AATAAGTCCTCGAGAC-1,4028,9998,-0.5320112513306767,-0.3186922173012582,0.0762826224444743,False,False,other,0.01974072039029538
AATATCGAGGGTTCTC-1,8371,6615,1.0229463672631716,-0.3186922173012582,1.1492239812903322,True,False,interface,0.022979345150174163
AATCGCGCAGAGGACT-1,11330,5152,1.3624571154065446,0.5621843584126012,0.4566043499994792,True,True,interface,0.0506042486499784
AATCGGGACACTACGA-1,4615,11245,-0.2984425818985394,-0.1685307929388881,0.8529486950822286,False,False,other,0.009991280250344353
AATGACGTAGGATGTC-1,11711,9228,-0.1397338548162869,-0.1685307929388881,-0.413684235104561,False,False,other,0.0038856298800713277
AATGATGATACGCTAT-1,7580,7518,-0.7477481869665844,0.4817285784622649,-0.2656969780983496,False,True,immune_core,0.0413202462543589
AATGATGCGACTCCTG-1,7977,6614,0.6612741887001089,-0.1685307929388881,0.462294614525908,True,False,interface,0.01012971306385013
AATGCACCAAGCAATG-1,6794,7063,-0.2900873680012394,0.1878604252246749,0.6639797163412526,False,True,immune_core,0.005290863529321291
AATTCATAAGGGATCT-1,7580,7745,-0.4143685146870106,0.2437283517930319,0.0241619502008825,False,True,immune_core,0.005898194880391163
AATTTGGGACATAGTA-1,5610,7739,-0.6571288993296458,-0.3186922173012582,-0.3877288891227555,False,False,interface,0.0004914306541828449
AATTTGGTTCCAAAGA-1,5208,10454,0.5393688757623194,-0.1685307929388881,-0.4967623029765869,True,False,tumor_core,0.005118490446988064
ACAAATCGCACCGAAT-1,12894,8779,-0.0749551045998571,-0.077644797452293,-0.1438878949126567,False,False,other,0.009918016355812295
ACAAGGAAATCCGCCC-1,12695,9571,0.1028762580822515,-0.0806919906320253,-0.0753870192579788,False,False,interface,0.02882382807641304
ACAAGGGCAGGCTCTG-1,11711,9455,-0.1032399238870008,0.5408179205584863,-0.413684235104561,False,True,interface,0.01563980410266813
ACACACTTTCTACACG-1,5798,10796,1.3685702598336582,-0.1685307929388881,-0.5140651810807869,True,False,interface,0.04980520583412145
ACACCTTACTACTTGC-1,11132,5491,1.0169748995391268,-0.0806919906320253,0.4171876471250522,True,False,interface,0.022324645860290593
ACACGGCACTATGCAT-1,4422,9999,-0.5440713309190963,-0.3186922173012582,0.1870223059631812,False,False,other,0.07263205105047424
ACAGATTAGGTTAGTG-1,4417,11584,-0.5117886027059926,-0.3186922173012582,-0.4575335639700135,False,False,other,0.007953448374694303
ACAGCATAGAGCCAGT-1,5008,11472,0.5472317948071782,0.0633589040549401,0.0241619502008825,True,False,tumor_core,0.0011276404929876688
ACAGCGCACCCGCAGC-1,5016,8982,-0.3137124109269161,-0.1685307929388881,0.22899120774069,False,False,other,0.0013678336478946266
ACATCGTATGCAATGG-1,11909,8889,0.1888919747518182,1.651177924526415,-0.4575335639700135,False,True,other,0.34718978872676914
ACATCGTTAACCTAGT-1,4817,9548,-0.7850953947692635,0.4183274921844698,0.2183865195957365,False,True,immune_core,0.016534115860778784
ACCACAACTCAGAACA-1,4425,8867,0.2204501823566487,0.0299718126940325,-0.7009424201875696,False,False,other,0.003743171419424549
ACCACGTGCAGCTATA-1,12499,9457,0.1180375838307898,0.1603554292169398,-0.66119053806514,False,True,interface,0.04554138297652522
ACCCGGATGACGCATC-1,10537,6735,1.4000884624665275,0.7850986203667375,1.412003458528799,True,True,interface,0.06769900374129888
ACCCTCCCTTGCTATT-1,12501,8552,-0.5401169104143254,-0.3186922173012582,-0.4285255074555831,False,False,other,0.020171391272302417
ACCCTTCATCTGCGAA-1,5602,10682,0.2407133165983598,0.4014028490659052,0.0613445802238706,False,True,other,0.03739343916344678
ACCGAAAGGGCCCTGC-1,4810,12038,-0.1723301050159904,-0.1685307929388881,-0.413684235104561,False,False,interface,0.014085227386438637
ACCGATGGTAGCATCG-1,10140,7639,-0.3776085661914882,-0.1685307929388881,-0.3185569397826301,False,False,interface,0.08445502996857056
ACCGCAATAACTGCCT-1,13090,9119,1.06605321073021,1.469507732551453,1.5486166695419088,True,True,interface,0.2620785875569946
ACCGTTCCCGCTCTGA-1,4026,10677,0.4361821880602481,0.1288569917018705,0.019751005333701,True,False,interface,0.13550033913191464
ACCTACAGTATGTGGT-1,11132,5265,1.2788547199337272,0.072516626910077,1.1490685678305128,True,False,interface,0.05154820420178565
ACGAGATATTTGCTTA-1,4819,8868,0.1946853068040994,0.072516626910077,-0.3209813554507616,False,False,other,0.0012895924102804825
ACGAGTACGGATGCCC-1,8569,6276,0.9213782179309618,-0.0183693685765179,0.8931662208724985,True,False,interface,0.008650455604624085
ACGATGGATCCGATGC-1,5012,10114,-0.1510484259330612,2.361353967745769,0.4205777519766189,False,True,immune_core,0.5704948999410445
ACGCCAGATGATTTCT-1,6392,9779,-0.3053311957611712,-0.3186922173012582,-0.4280023643397269,False,False,interface,0.05538945078441751
ACGCCGCTAGACGACC-1,11512,10020,0.8645185234334988,-0.3186922173012582,0.6431872501798109,True,False,interface,0.00998302269762131
ACGCTAGTGATACACT-1,8568,6729,0.4466683351648509,0.6445510087548251,0.0152067206156009,True,True,interface,0.0691179211783778
ACGGCGACGATGGGAA-1,12696,9344,-0.0397727692856928,0.1603554292169398,0.3507825573855027,False,True,interface,0.1241956327964636
ACGTACAGATTTCTCT-1,5011,10567,1.4423551565736232,-0.3186922173012582,2.0609538874268147,True,False,tumor_core,0.11376414534265424
ACGTAGATTGCTGATG-1,9541,10467,-0.3862429063788412,1.092100217757954,-0.5140651810807869,False,True,immune_core,0.01760689780691331
ACGTATTACTCCGATC-1,11127,7076,-0.358831454800062,-0.1685307929388881,-0.3315457900961632,False,False,other,0.0006895624719742794
ACGTGCGCCTCGTGCA-1,6389,10911,-0.5519547736653082,-0.3186922173012582,-0.3877288891227555,False,False,other,0.0001932783096567869
ACGTTAATGTCGAAGA-1,11118,10245,0.3530728532975954,0.6652847655799123,-0.3213251076040204,True,True,immune_core,0.03410438840590375
ACGTTCCGCGCTCCGT-1,4613,11924,0.1053585730695863,-0.0183693685765179,-0.2349003255612015,False,False,other,0.0030551011441442427
ACGTTTAGTTGTGATC-1,5800,10343,-0.2913047793473891,0.072516626910077,0.0383193363447623,False,False,interface,0.020186338890738825
ACTATTCGTCCGTGGT-1,5802,9664,0.6888037290351088,-0.0183693685765179,-0.4195702778703016,True,False,interface,0.04311587842668601
ACTCTCTGACTTAGGT-1,11318,9227,0.2371705904650016,-0.0806919906320253,0.8952098209888357,False,False,other,0.28705580702377803
ACTCTCTTATACACGA-1,4623,8528,-0.6520655699545126,-0.3186922173012582,-0.5348542461071085,False,False,other,0.0016630286285507928
ACTCTTGTATAGTAAC-1,10133,10129,-0.3132907525896622,-0.3186922173012582,-0.7299504767020001,False,False,other,0.004809198328326748
ACTGAATGGCGAAAGT-1,12304,8664,-0.1185563697466307,-0.3186922173012582,-0.5538170632032166,False,False,other,0.12735392987404548
ACTGCCGTCGTAACTC-1,6194,10118,0.3117877417736385,0.3636817527796804,-0.4677542464621564,False,True,interface,0.01937706908532359
ACTTCAGGCTGATCCC-1,13091,8893,0.3222193517726657,-0.3186922173012582,-0.2243453902446005,False,False,interface,0.07608074009274828
ACTTGACTCCCTCTTT-1,11316,9906,0.0690133289184829,0.1603554292169398,0.3094789930151261,False,True,other,0.004025486849027399
AGAATTATGGATTCGA-1,9355,6958,0.891166579330794,-0.1685307929388881,0.7810222326478033,True,False,interface,0.007927700770692886
AGACATAGATCCTTCC-1,4414,12716,1.5756499310962673,0.3636817527796804,0.3041543343460248,True,True,tumor_core,0.07505739921763548
AGAGCGGGCTAATCAT-1,6192,10797,0.1879541603533228,-0.1685307929388881,-0.5538170632032166,False,False,other,0.002043264007238587
AGATACTCAAGATCGA-1,12107,8777,0.1461600537030836,-0.0806919906320253,0.4510715375802897,False,False,other,0.03113134154194071
AGATCGTGCATAAGAT-1,7188,7064,-0.1854996762854196,-0.3186922173012582,0.1247997764131402,False,False,other,0.006818068698724318
AGATGAGGGTTGCGAT-1,5810,6947,-0.7366561449948572,-0.0806919906320253,-0.6438876599609399,False,False,other,0.0008485629519005729
AGCACTACCTCACCAG-1,13485,8894,0.2127990581597838,0.5790692694360102,0.2012090775015858,False,True,immune_core,0.04484035328789332
AGCCCTAAGCGAAGTT-1,5995,10683,0.3058485098187841,-0.0806919906320253,-0.2352622908629604,False,False,other,0.013815643999313065
AGCCCTTCTAATCCGA-1,6402,6383,-0.0970018874975983,-0.1685307929388881,0.7817236264169599,False,False,other,0.004099307664078093
AGCGCGGGTGCCAATG-1,7777,7632,-0.0634073124317337,-0.1685307929388881,-0.5140651810807869,False,False,other,0.015195459307717226
AGCGTGGTATTCTACT-1,11906,10021,0.6578809102340706,0.072516626910077,0.8767686837517511,True,False,interface,0.11483729351948672
AGCTAGAAGCAGAAGT-1,7189,6838,-0.6089119442985699,-0.3186922173012582,-0.2450144770055839,False,False,interface,0.0336336605094198
AGCTATTTAATCCAAC-1,6195,9665,-0.5709600642613654,-0.1685307929388881,0.1991909735684553,False,False,interface,0.138015742785779
AGCTCTAGACGTTCCA-1,10529,9451,-0.0448154802250575,-0.1685307929388881,0.0340341146088443,False,False,other,0.019905588702350877
AGCTCTTCCCAGTGCA-1,6594,8081,-0.9102130427682324,-0.1685307929388881,-0.392139833989937,False,False,other,0.0026614743454809464
AGCTGAAGTAAACCAA-1,6987,8535,-0.1229228176248919,-0.3186922173012582,-0.7009424201875696,False,False,other,0.0006361130117472473
AGGACGCTCGATGTTG-1,6597,6949,-0.7751086914599419,-0.1685307929388881,-0.3488486682003632,False,False,other,0.0033885682612470425
AGGGAAACGAGGTACT-1,5610,7965,-0.7644446978163969,0.1878604252246749,-0.3706900911522298,False,True,immune_core,0.0013169329731156267
AGGGCAGCGGCGTGGT-1,4620,9660,-0.695858991905479,0.1878604252246749,-0.0965560934852636,False,True,immune_core,0.020373335870726286
AGGGCTGCAGTTACAG-1,9935,10695,-0.679175682227387,-0.1685307929388881,-0.7408673773203599,False,False,other,0.0013599139057225871
AGGGTCGATGCGAACT-1,10339,7074,2.2921694460494955,-0.0806919906320253,0.2932384949876736,True,False,interface,0.8760916803161579
AGGGTGCTCTCGAGGG-1,9747,7638,-0.3355272681175633,-0.1685307929388881,0.3305560273903598,False,False,interface,0.021428680379226312
AGGTACGATATTGCCA-1,5408,9436,-0.7370841933230395,-0.3186922173012582,-0.0047151138533226,False,False,other,0.003910880606704393
AGGTCGCGGAGTTACT-1,8175,6275,1.0155457611857357,-0.0806919906320253,0.7032728150268708,True,False,interface,0.004419056282255127
AGGTTACACCATGCCG-1,11527,5040,0.709126662583773,0.0299718126940325,0.1366320802401494,True,False,interface,0.015326138248505613
AGGTTTCACACACCTT-1,11117,10472,-0.314349783047907,1.3496062569136789,0.5815053350610491,False,True,interface,0.08386182386222447
AGTAGGAAGGAAGTTG-1,6203,6948,-0.5500906469536434,-0.3186922173012582,-0.3877288891227555,False,False,other,0.0002303622598302821
AGTCCCGCCTTTAATT-1,6399,7515,0.5029064986855748,0.56848891654684,-0.8770758336863531,True,True,tumor_core,0.021471614928886166
AGTGAGCCTCGCCGCC-1,8765,6390,1.400406259771288,-0.0806919906320253,0.3164161186672772,True,False,interface,0.025924341774912478
AGTGGCGGCAATTTGA-1,7778,7406,-0.1385090349881833,0.3938897761554021,-0.2076711038913097,False,True,immune_core,0.015024529917695225
AGTGTATTGCGCATTG-1,6399,7288,-0.5011246090624476,-0.077644797452293,-0.2076711038913097,False,False,interface,0.012938884082553425
AGTTAAGCGGTCCCGG-1,6197,8986,-0.2307101528610142,0.072516626910077,-0.3080520498675356,False,False,interface,0.0006989985644287605
AGTTACTCTATCGTGG-1,6003,7966,-0.6019798420147489,-0.3186922173012582,0.0817630829736333,False,False,other,0.0010142156181569143
AGTTTCGCAGGTCGGA-1,5404,11021,0.6628847022779014,0.56848891654684,0.4296878771300788,True,True,interface,0.0820766275374964
ATAAGTAGGATTCAGA-1,8372,6389,0.1919344620058539,-0.0806919906320253,0.2343700477126264,False,False,interface,0.015382266545708422
ATACCAGGCTAATAGA-1,4810,11811,-0.188173104590693,0.7292306937983803,-0.3992528774680579,False,True,other,0.03150563376006233
ATACGCCGGCGAAACC-1,10924,9226,-0.5603265922690062,1.0266021301110235,-0.1346438057421215,False,True,immune_core,0.07195387324221637
ATAGGCTAGCTTCGCA-1,7976,7067,-0.1007944384476451,-0.1685307929388881,-0.0524621785217124,False,False,other,0.0026518566418622306
ATAGTCTTTGACGTGC-1,4421,10452,0.3986227459124996,-0.0806919906320253,-0.4195702778703016,True,False,interface,0.03923276535272191
ATATCTCCCTCGTTAA-1,6791,8195,-0.5603265922690062,-0.3186922173012582,-0.1554123765973797,False,False,other,0.0011733881418057484
ATATGTCTCCCTAGCC-1,9945,7072,1.4911221056944008,0.072516626910077,1.2975183790119746,True,False,interface,0.010772139265881211
ATATTCCACATAGTGA-1,13090,9346,0.7555442028276275,0.31051685357931,0.9039095102609452,True,True,interface,0.05189229491766439
ATATTCCCACAGGTCA-1,5206,11360,-0.0894531037809699,-0.077644797452293,0.1514311816383824,False,False,interface,0.018319032208182637
ATCAGTAGGCAGGGAT-1,7578,8197,0.0384584873918539,-0.1685307929388881,-0.1528431244979383,False,False,other,0.0008824063936513763
ATCGGAGACAGACGGC-1,13286,9459,-0.2943020667000028,-0.1685307929388881,-0.1741997506196673,False,False,interface,0.06131302409930674
ATCGGCAAGCAGTCCA-1,6991,7177,-0.0656817430927566,-0.3186922173012582,0.1245428961771084,False,False,other,0.0028999000234619585
ATCGTTCACTTTCGCC-1,5020,7398,-0.689729219409629,-0.3186922173012582,-0.4143442896912094,False,False,other,0.00017954177538905534
ATCTCCCTGCAATCTA-1,6195,9891,0.4473076737967499,0.2226780512724472,0.1302775938710914,True,True,interface,0.008355652850306388
ATCTGCACCTCTGCGA-1,8765,6616,1.5059406422601858,0.3439116163345874,1.02842347588245,True,True,interface,0.03731851794012699
ATGCCGGTTGATGGGA-1,6789,8648,-0.7473201386384023,-0.3186922173012582,-0.2999684814822913,False,False,other,0.0027057179484400065
ATGCGACAGTCCCATT-1,9937,10015,-0.4817236613975811,-0.1685307929388881,-0.4086533772519417,False,False,other,0.006948328367212552
ATGGAGCAGGCCGTGA-1,10132,10582,-0.6518151777340295,0.072516626910077,-0.2672189327068563,False,False,other,0.015862412592965364
ATGGCTGGAAATGGCC-1,4823,7510,-0.6866310766454167,-0.3186922173012582,-0.8770758336863531,False,False,other,0.000137479313000891
ATTAATTCGGTCACTC-1,5799,10569,0.4920375046128222,-0.3186922173012582,-0.3225905605108817,True,False,interface,0.0321786088599281
ATTACAACTACCGGCC-1,5215,8190,-0.8828525382748751,-0.3186922173012582,-0.4850571245663564,False,False,other,0.0011194958864710002
ATTACTTACTGGGCAT-1,7386,6725,0.0301257358130676,0.9996178088883916,-0.6046589209543667,False,True,immune_core,0.07140113651769188
ATTAGATTCCTCAGCA-1,7978,6161,0.8382979692764468,-0.0183693685765179,0.3498766760320029,True,False,interface,0.007669226972399104
ATTAGGCGATGCTTTC-1,10330,10017,-0.0551478752124131,-0.1685307929388881,-0.3195760382128379,False,False,other,0.010079510919289264
ATTATCTCGACAGATC-1,4419,11131,0.3762687593905398,-0.0806919906320253,0.3790665074749644,True,False,interface,0.00920839526700371
ATTCAGGACCTATTTC-1,6991,6951,-0.2319601365507311,-0.3186922173012582,1.4221363808372032,False,False,interface,0.00400332698991927
ATTCGTGCTATCTCTT-1,11328,5605,0.5454956121198203,0.2135203284173103,-0.3647228044413546,True,True,interface,0.021624726636070027
ATTCTTCGTACTTATG-1,4821,8189,-0.695858991905479,-0.3186922173012582,-0.7009424201875696,False,False,other,0.0008210017965818835
ATTGACGTAACTCGGT-1,4619,9887,-0.4840000498844529,-0.0806919906320253,-0.4285255074555831,False,False,other,0.038331047094403485
ATTGATGAGTCCTAAC-1,9552,6845,0.8619637829348133,-0.0183693685765179,0.9926632075373176,True,False,interface,0.002318687376463942
ATTGTCGCAATACCTT-1,6002,8419,-0.882424489946693,-0.3186922173012582,0.0741634663609933,False,False,other,0.002718228813969384
ATTTCATTATTTCGCG-1,5803,9211,-0.6191044011927435,-0.3186922173012582,-0.2724449208859485,False,False,other,0.009455863263662366
CAAACTACGATAGAGA-1,5411,8531,-0.1820811704564481,-0.3186922173012582,0.6066240398028396,False,False,other,0.0013132723985271315
CAAACTATTGAGCTTC-1,5211,9549,-0.7850953947692635,0.2437283517930319,0.438472312727563,False,True,immune_core,0.0063471224794784025
CAAACTCGCGACGCCG-1,11919,5494,0.7369648710104878,-0.0183693685765179,0.4602177631792267,True,False,interface,0.015958422373849358
CAAATTGTCAGCAAGC-1,5602,10455,1.0402672389540426,-0.3186922173012582,-0.1783687084504282,True,False,interface,0.03740956408125944
CAACTATATCGAATGC-1,6000,9098,-0.7850953947692635,-0.3186922173012582,-0.691987190602288,False,False,interface,0.02472937576392568
CAAGAGGGCGGAGTAC-1,12104,9682,0.3306581384164775,0.2226780512724472,0.2896756580452678,False,True,interface,0.013963340660149384
CAAGCACCAAATGCCT-1,6587,10572,-0.3645331789677299,-0.3186922173012582,-0.66119053806514,False,False,other,0.0001582960444030036
CAAGGATCGCATGTTC-1,10920,10358,0.1316484046001217,-0.3186922173012582,-0.2307313677304406,False,False,interface,0.044621892938434306
CAAGTGAACTTTGGTT-1,4219,11923,-0.092170454138468,-0.3186922173012582,-0.2325199637531582,False,False,other,0.00028326256011741615
CAATCCCTATACCAGC-1,5412,8078,-0.6499910434609727,-0.3186922173012582,-0.560809592088914,False,False,other,0.0009192913114213914
CAATGCGAGAAGTATC-1,13682,8781,-0.3451638072164383,-0.1685307929388881,-0.0360896440231943,False,False,other,0.018122148302796143
CAATGGAATCTACATA-1,4822,7737,-0.7060949372208417,-0.3186922173012582,-0.8770758336863531,False,False,other,0.0004908589276796253
CAATGGTCGGCCTGGG-1,4220,11696,-0.5603265922690062,-0.077644797452293,-0.691987190602288,False,False,other,0.005398658808257759
CAATTTCGTATAAGGG-1,10328,10922,-0.9102130427682324,-0.1685307929388881,-0.3225905605108817,False,False,other,0.007118302153452623
CACATATTAGCAGGAT-1,12301,9796,1.2590212884866276,0.4291798404266109,0.099719877026848,True,True,interface,0.10924108596974504
CACATGATTCAGCAAC-1,10525,10810,0.1215517642234427,0.1288569917018705,-0.5140651810807869,False,False,interface,0.004276991863178347
CACATTCTTTCGATGG-1,6595,7855,-0.695858991905479,-0.077644797452293,-0.1861267027766857,False,False,other,0.005250327854349119
CACCATCGGAGGAGAC-1,5206,11133,0.6009413290510797,-0.3186922173012582,0.8172526487828146,True,False,interface,0.010917185083292794
CACCCACGAGGCAATT-1,6987,8309,-0.5603265922690062,-0.3186922173012582,-0.5239373454887487,False,False,other,0.0003166964726718919
CACCGATACACCGAGC-1,5017,8529,-0.6015517936865666,-0.3186922173012582,-0.2672189327068563,False,False,other,0.0010771648122732942
CACCGCCGACCAGCGA-1,4814,10453,1.2100394052288357,-0.1685307929388881,0.2754412798223661,True,False,interface,0.7829843791881417
CACCTCGATGGTGGAC-1,6588,10119,0.1906275886585962,0.2790184160642407,0.0098788409257392,False,True,interface,0.02068284116526944
CACGCGGAACTGTTGC-1,11324,6963,0.1177199919639106,-0.3186922173012582,1.1900212865614026,False,False,other,0.0019084383666902686
CACTACTCAGTTCTGT-1,4029,9545,-0.7648727461445791,-0.1685307929388881,-0.4761018949810748,False,False,other,0.0032434368784562107
CACTCAGCTCTTGAGG-1,5210,10002,0.295164342201943,-0.3186922173012582,-0.2672189327068563,False,False,other,0.26435298146588554
CACTCCTCTCGGTCGG-1,6003,8193,-0.3688504642566652,-0.1685307929388881,-0.4475088187227545,False,False,other,0.0004123411388610991
CACTCGAGCTGAACAA-1,12498,9683,0.9414136448047988,-0.077644797452293,0.9117102647592504,True,False,interface,0.031744429525494784
CAGACCTGTAAGTGTT-1,9158,6844,2.165147543205808,0.1288569917018705,0.2553105799759633,True,False,tumor_core,0.014136956636811854
CAGAGTGATTTAACGT-1,4815,10227,0.2807718556117752,1.7296212168479477,-0.1927680816307286,False,True,interface,0.8848870842884936
CAGCCGGGCCCTCTAT-1,5214,8417,-0.6101619279882868,-0.1685307929388881,-0.5538170632032166,False,False,other,0.001096666844505072
CAGCCTCTCCTCAAGA-1,6005,7287,-0.5709905859125511,-0.077644797452293,-0.3877288891227555,False,False,other,0.00031001910389771327
CAGGAAGACTTTATAT-1,5608,8418,-0.882424489946693,-0.3186922173012582,0.2434608063579762,False,False,other,0.0010192460293367114
CAGGCGCCATGCTAGG-1,12695,9797,0.4573107510335008,0.0299718126940325,0.2224007891687218,True,False,interface,0.01178632011794744
CAGTAACTATTTATTG-1,6795,6610,0.244277924682489,0.4790027857153967,0.9794875916614564,False,True,other,0.06782168627060552
CAGTACATTCTCTAAA-1,6993,6498,-0.5500906469536434,-0.1685307929388881,-0.28140015047123,False,False,interface,0.021969352733974042
CAGTAGCCCACGCGGT-1,7974,7746,-0.1450130889438221,-0.1685307929388881,-0.3254940654347812,False,False,other,0.007897673095911713
CAGTCGAGGATGCAAT-1,7976,6840,0.1936235783737089,-0.0183693685765179,0.6281999524178293,False,False,other,0.004252448057800513
CATAACGGACAGTCGT-1,10141,7413,2.170115794517978,0.4943895843924549,0.7837318822843642,True,True,tumor_core,0.1079526191500253
CATAGTACATTGAGAG-1,5999,9325,-0.319053286412798,0.1878604252246749,-0.5538170632032166,False,True,interface,0.05832634804200745
CATATACTACTGATAA-1,6599,6497,0.0893883786099491,-0.3186922173012582,0.92596650775147,False,False,other,0.018471363859474874
CATATTATTTGCCCTA-1,4818,9095,-0.4664474423782761,-0.1685307929388881,0.5081063104319229,False,False,other,0.0008000872199687466
CATCATCTACCCGGAC-1,5209,10228,0.0066297451406506,-0.077644797452293,0.0196310270683628,False,False,interface,0.014708446747514745
CATCTATCCCGTGTCT-1,6598,6723,-0.3299676722768258,0.072516626910077,-0.1683439632031691,False,False,other,0.009953635089583015
CATCTTACACCACCTC-1,10340,6847,1.8108613882900708,2.2228649368744264,0.5833515194628297,True,True,interface,0.8798887204291868
CATGAACCTCTTATCA-1,4027,10224,0.2029687639492603,-0.1685307929388881,0.1882624987680568,False,False,other,0.09153603564066957
CATGCATGGAGACCCT-1,4225,10112,-0.47376410456909,-0.3186922173012582,-0.3096017101973486,False,False,other,0.02579959669242297
CATGCGACCAGTTTAA-1,8173,6954,-0.0712812571467265,-0.3186922173012582,-0.1697078177915976,False,False,interface,0.00457520956867409
CATGCGTTAGACAGAA-1,5995,10909,0.7028823177445795,0.0299718126940325,-0.5647339638215764,True,False,interface,0.0023337811705698664
CATGCTGGCTCCAATT-1,5403,11247,-0.002483507321982,0.31051685357931,0.1876808721819021,False,True,interface,0.0391669005484046
CATGGGTATGCCTTAT-1,14076,8783,-0.5603265922690062,-0.3186922173012582,-0.8770758336863531,False,False,other,0.00013492142212681173
CATGGGTCGGGTGTGG-1,7184,8423,-0.1280954335651213,-0.1685307929388881,-0.8770758336863531,False,False,other,0.0003823842766215145
CATGGTAAGTAGCGTT-1,11907,9795,0.2660853200736596,0.7775718750689309,0.7872362486486685,False,True,interface,0.03926945207617236
CATTCACTGACAGCTA-1,4027,10451,-0.2476124172956788,-0.1685307929388881,0.750046135037561,False,False,interface,0.03907477413533067
CCAAGCGTAACTCGTA-1,9543,10014,-0.4149862956453528,-0.3186922173012582,-0.2285955920204958,False,False,other,0.0022632821805715
CCAATCGGTAGATCGA-1,5805,8532,-0.882424489946693,-0.077644797452293,-0.4475088187227545,False,False,other,0.001785025697091485
CCAATTACGGGTCGAG-1,6793,7516,0.6622333716490276,-0.0183693685765179,1.1607542648911342,True,False,tumor_core,0.02647136652241369
CCACCCAAGGAAAGTG-1,10332,9564,0.0355366674513192,0.2710192325429978,-0.1253195639015954,False,True,interface,0.011333414160494451
CCACGAGAAGAGAATC-1,6393,9552,-0.5515267253371261,1.4799898734365864,-0.66119053806514,False,True,interface,0.442558229908666
CCAGCCTGGACCAATA-1,10328,10696,-0.4335469332068301,-0.0806919906320253,-0.4280023643397269,False,False,other,0.00585121392069366
CCATAAACAACCCGAC-1,5802,9437,-0.0136612961469704,-0.3186922173012582,0.2947902669101513,False,False,interface,0.031219601559960158
CCATACCTTTACTTGT-1,8962,6504,0.7730115424898741,-0.3186922173012582,1.514694536464625,True,False,interface,0.027679841555813284
CCATAGGTTGGCGTGG-1,6585,11024,-0.6454058752278561,-0.3186922173012582,-0.7009424201875696,False,False,other,0.00039113055951880456
CCATCTCACCAGTGAA-1,10536,6961,1.055647460934701,-0.3186922173012582,0.2349108129082467,True,False,interface,0.46865102295398037
CCCAACCACACTAACA-1,4617,10566,0.2872496902800667,-0.1685307929388881,0.0067199346336368,False,False,other,0.03246382691031529
CCCAGAGGAGGGCGTA-1,7191,6159,-0.1935476358417774,0.338021849587045,0.0275620560973501,False,True,interface,0.01200826165764702
CCCGCAGGGCCCAAAG-1,5212,9096,-0.8828525382748751,-0.3186922173012582,0.7168851564479173,False,False,other,0.001663807549350497
CCCTGGTATGGGCGGC-1,4225,9885,-0.2066016128693727,-0.3186922173012582,-0.4507856211824146,False,False,other,0.009864518870563372
CCGACGTAAACACAAC-1,5612,7060,-0.5686512845151207,-0.3186922173012582,-0.4551774068518886,False,False,other,0.00034325885767952347
CCGAGAAGTCGCATAA-1,12117,5381,0.051787775782625,0.3636817527796804,-0.3398934386150817,False,True,interface,0.05082705010431326
CCGAGGGATGTTAGGC-1,4222,11017,0.4174407797132559,-0.1685307929388881,-0.227293975574066,True,False,interface,0.006697694979426555
CCGCACAAAGACCAAC-1,10135,9450,-0.1397338548162869,0.6445510087548251,-0.2518689508409434,False,True,interface,0.02893839081334849
CCGCCACCACAATCCA-1,3829,10563,-0.0845297805356886,1.4694095205474158,0.5674168246338357,False,True,interface,0.2689946561956832
CCGCCTGCGAATTGGT-1,6006,7061,-0.6464649056861009,-0.3186922173012582,-0.2700887637678236,False,False,other,0.00018684741783947154
CCGCTGGTGCCATTCA-1,4226,9659,-0.5603265922690062,-0.3186922173012582,-0.4176086068372232,False,False,other,0.006824698837034036
CCGTGGAACGATCCAA-1,7782,6047,1.0138749722788185,0.338021849587045,0.993720508438878,True,True,interface,0.01102493705397113
CCGTTACGTTAGAACA-1,6988,8082,-0.5440713309190963,-0.3186922173012582,0.1197092113369126,False,False,other,0.000344364104251364
CCTAAAGGCTGACGCT-1,5804,8758,-0.6191044011927435,-0.3186922173012582,-0.2155254977618283,False,False,other,0.0002446389323519078
CCTAAATTAACGGTTC-1,11314,10359,0.0863276207266376,0.1603554292169398,0.0656551219482102,False,True,interface,0.005392135265928414
CCTAACTAAGGCTCTA-1,7187,7517,-0.47376410456909,0.2790184160642407,-0.4143442896912094,False,True,immune_core,0.008738883023659565
CCTAGTTAGTCGCATG-1,5407,9889,0.0921254410860932,-0.3186922173012582,-0.3778567247147937,False,False,other,0.023018956679834317
CCTCACCTGAGGGAGC-1,8568,6502,0.93280182342186,0.4258606518939078,0.590790586597125,True,True,interface,0.02662407005116148
CCTCACCTTAGCATCG-1,8370,7068,0.6751762486702413,0.3013591307241731,1.4459097299585326,True,True,interface,0.04214353297676382
CCTCCCGACAATCCCT-1,4813,10906,0.7247846008364217,0.338021849587045,1.1171506324309015,True,True,tumor_core,0.015518625324456648
CCTCGAAGTGGACGGG-1,5997,10004,0.4304512557921812,0.072516626910077,-0.2429137212556618,True,False,interface,0.004433055706067594
CCTCGCGCGATATAGG-1,7187,7291,-0.3489563581664853,-0.1685307929388881,-0.4195702778703016,False,False,other,0.0038399309396751767
CCTCTGGCCTAGACGG-1,5999,9551,0.7420172149582217,0.7200729709432435,0.523497323077599,True,True,interface,0.08919291573748661
CCTGTCGCCCGTAAAT-1,10130,11035,-0.1385090349881833,-0.0806919906320253,-0.2700887637678236,False,False,other,0.0008271402887443301
CCTTTCAATGAAGAAA-1,7975,7293,-0.5981018483998672,0.338021849587045,-0.5837172750887476,False,True,immune_core,0.018645064129508632
CGAAACATAGATGGCA-1,5212,9322,-0.5440713309190963,-0.3186922173012582,1.308539188229696,False,False,other,0.004669491393641042
CGAACGCCCAGTGCCG-1,5800,10116,0.3810213961778884,0.2790184160642407,-0.3669398240964338,True,True,interface,0.005610773223484594
CGACATGCGATCTTCT-1,4616,10792,0.4570106351677722,-0.3186922173012582,0.853512243469578,True,False,interface,0.017409712560287744
CGACTCAGGATGTTAT-1,7579,7971,-0.6866310766454167,-0.3186922173012582,-0.560809592088914,False,False,other,0.0019071581229871627
CGAGATTTCGCTCGGG-1,11330,4926,0.8790795304232887,1.3266862985271828,2.337920129835397,True,True,interface,0.12195909777987972
CGAGCTGGGCTTTAGG-1,6390,10458,-0.2430206246699168,-0.3186922173012582,-0.7408673773203599,False,False,other,0.009361576805938207
CGAGGGACTGCGGTCG-1,10530,9225,-0.3542972336523671,-0.1685307929388881,-0.8770758336863531,False,False,other,0.020622702787704186
CGAGTTTATCGGACTG-1,10338,7526,0.2627306178642221,-0.3186922173012582,0.2795370371586596,False,False,interface,0.15258562343676774
CGATGGACCCTACGCC-1,7384,7178,0.0555830465698485,-0.3186922173012582,-0.5557787342362948,False,False,other,0.009664878292771817
CGCACGTGCGCTATCA-1,10734,6848,0.2938738728951992,-0.3186922173012582,-0.4677542464621564,False,False,interface,0.05779836137081396
CGCAGAAACATTTGCG-1,4614,11471,-0.1850510964372357,-0.077644797452293,0.0064255957071858,False,False,other,0.002792411935580065
CGCATCATGGCTTCAG-1,4820,8416,-0.7644446978163969,-0.1685307929388881,-0.66119053806514,False,False,other,0.002070660892654325
CGCATGGTGCGATGCT-1,10920,10584,0.1992565487894022,0.5790692694360102,-0.1425327752794358,False,True,interface,0.0634055226718437
CGCCCGCTTCCGTACA-1,6591,8987,-1.0281928348985283,-0.1685307929388881,-0.5140651810807869,False,False,other,0.007052065311663703
CGCCTCCCTCCTCTAT-1,11513,9794,0.4381116506394184,-0.0806919906320253,-0.1654576160157022,True,False,interface,0.005300626821422489
CGGAGCATGGCGATCC-1,10723,10471,1.202819246027537,-0.3186922173012582,-0.3104082069856605,True,False,interface,0.0736851893121953
CGGAGCTTATAACACC-1,5018,8303,-0.679175682227387,-0.3186922173012582,-0.4949292889743182,False,False,other,0.0010276575308662131
CGGCACCGTTAGCGCC-1,5216,7964,-0.7978339149063481,-0.3186922173012582,-0.66119053806514,False,False,other,0.0001915307229455812
CGGCAGGGTCGGGTTG-1,9353,7410,0.3166186875042541,0.4515205550865432,0.234769370631571,False,True,interface,0.002969140738748256
CGGCTGCAAGATTAAG-1,3830,10337,-0.7060949372208417,0.1288569917018705,-0.7408673773203599,False,False,interface,0.12065643262522135
CGGCTTTGTATGATAA-1,4614,11698,-0.1407928852745319,-0.077644797452293,-0.0720240294768508,False,False,other,0.008334512545082313
CGGTAGAGGTGCAGGT-1,7383,7631,-0.6293403465081063,-0.3186922173012582,-0.0545979542316571,False,False,other,0.029101987962507552
CGGTCTATCAACCCGT-1,6592,8760,-0.6870591249735989,-0.3186922173012582,-0.4086533772519417,False,False,other,0.0016892196920626611
CGGTGGGCTCCAGCCT-1,6007,6834,-0.5338353856037337,-0.3186922173012582,-0.1627152889059001,False,False,other,0.00045777124522231125
CGGTTATCCAACAGTG-1,8961,6956,-0.2965784551868746,0.072516626910077,0.500534236844219,False,False,interface,0.025133609804384702
CGGTTCAAGTAGGTGT-1,7779,6953,-0.1412209336027141,-0.3186922173012582,-0.2219892331264756,False,False,interface,0.03873752000948103
CGTAGCGAATTGTCAG-1,5604,10003,0.1827907539602069,-0.0806919906320253,-0.3195760382128379,False,False,interface,0.004965094965959311
CGTAGCGCCGACGTTG-1,4416,12037,-0.5603265922690062,-0.3186922173012582,-0.2219892331264756,False,False,other,0.005388205820971839
CGTCGGATAGTGTTGA-1,9748,7185,0.3995651557474658,0.2226780512724472,0.1580142494487509,True,True,interface,0.01544936848737764
CGTGACATTGGGTCGT-1,6001,8646,-0.9102130427682324,-0.3186922173012582,-0.560809592088914,False,False,other,0.0020325376562118666
CGTGCAGACTGGGACA-1,10922,9679,-0.6015517936865666,-0.1685307929388881,-0.4280023643397269,False,False,other,0.012793351286170993
CGTGCCCTCCCGAAGA-1,11514,9341,-0.0562023102341871,-0.0806919906320253,-0.2243453902446005,False,False,interface,0.008915318690704927
CGTTAGCTCACAACTG-1,5807,7853,-0.5500906469536434,-0.077644797452293,-0.7408673773203599,False,False,other,0.001314158323808362
CGTTGAGCGACCGTCG-1,11710,9681,-0.0942940080174857,0.666908071742873,-0.4761018949810748,False,True,interface,0.02264722901412641
CGTTTAAGCGGAGCAC-1,5600,11361,0.2007309125911965,-0.1685307929388881,-0.7408673773203599,False,False,interface,0.04311981697379648
CGTTTCACTTCGGGCG-1,6595,7629,-0.3009738907898313,-0.3186922173012582,-0.66119053806514,False,False,interface,0.0033563183292271517
CTAACGAAACTTGCTG-1,8959,7409,0.2956487699107995,0.072516626910077,0.7716426982213233,False,False,interface,0.0015225654160969098
CTAAGGGAATGATTGG-1,11709,9907,0.2265865316315738,-0.0806919906320253,0.5409748681469296,False,False,interface,0.01598646651701272
CTAATTCTCAGATATT-1,8372,6162,1.373047507826962,0.1603554292169398,0.2511983065131703,True,True,interface,0.009573440591547485
CTACGAACTAGGTCGA-1,4029,9772,-0.2409026097551878,-0.3186922173012582,-0.5647339638215764,False,False,other,0.003037206823980814
CTACGCCATTTCCGAT-1,5410,8983,-0.6019798420147489,-0.3186922173012582,0.0362511342639235,False,False,other,0.0013096850384279775
CTAGATTTACGACGGC-1,11316,9680,-0.4733795446620971,0.072516626910077,-0.3812229333715771,False,False,interface,0.02580923035060281
CTAGCATAGTATAATG-1,9738,10581,-0.8930884835902378,-0.0806919906320253,-0.8770758336863531,False,False,other,0.007821039643352788
CTAGCCGATGTTATGA-1,7583,6613,-0.0283345352900777,0.6343361501059249,0.2690523327836813,False,True,interface,0.04076865225693248
CTAGTATTCGGAATTA-1,5804,8985,-0.521775306015314,-0.3186922173012582,0.1445957231062573,False,False,other,0.0003790307229089113
CTAGTCACGTCTTAAG-1,10330,10243,-0.2200621801721613,0.1288569917018705,-0.3714707472289536,False,False,other,0.004118427244107868
CTATAAGAGCCAATCG-1,8174,6728,-0.0073339403230504,-0.1685307929388881,0.9211802359969494,False,False,other,0.009040507106269241
CTATCGGGTCTCAACA-1,9936,10242,-0.0021680504314714,0.3013591307241731,-0.2325199637531582,False,True,immune_core,0.006016907869956736
CTATGTCTATTGAAAC-1,5204,11813,0.3892616468509525,-0.1685307929388881,-0.0374237331582667,True,False,interface,0.01168588601211083
CTCAGTCACGACAAAT-1,7778,7179,-0.111199793523102,0.072516626910077,1.5739997356155533,False,False,other,0.004092324860942524
CTCATGGCTCACAATC-1,5601,10908,0.4681372827613849,-0.0806919906320253,0.4297566723638619,True,False,interface,0.009864476845542676
CTCGATATTTGCGAGC-1,7582,6839,0.2726714159348398,0.6445510087548251,0.2876236333475873,False,True,interface,0.0704650182331292
CTCGTTTCTAATGTTT-1,7387,6273,-0.1736748319137311,0.3013591307241731,0.0176626759635847,False,True,interface,0.008898859129253192
CTCTCACAATCGATGA-1,9345,10127,-0.6954309435772968,0.2226780512724472,-0.0309177774070884,False,True,immune_core,0.0035023780395883643
CTCTGTTTGAGGATTC-1,5801,9890,-0.1012130902137805,0.4258606518939078,0.1295995947413158,False,True,interface,0.003091600262497952
CTGAATTTATTGCCAG-1,7388,6046,0.3134666111983691,-0.3186922173012582,0.1019455966000977,False,False,interface,0.155926709313525
CTGACTGCGCAGCTCG-1,9159,6617,0.5148398692517169,0.072516626910077,0.0332481722463894,True,False,interface,0.005175588853397246
CTGCACAACTACATAT-1,12892,9458,0.5183830141523513,0.2226780512724472,0.2492730699732074,True,True,interface,0.028274709412829196
CTGCCTAGCCACCAAG-1,4622,8981,-0.610840368536952,-0.3186922173012582,-0.1294885217323564,False,False,other,0.0007411117258538435
CTGCGGTAGTCACGTG-1,5020,7624,-0.8411992885291324,-0.1685307929388881,-0.5647339638215764,False,False,other,0.00020945034253880374
CTGCGTTACGATATAA-1,6201,7854,-0.1345416477134088,-0.3186922173012582,0.0558077369918278,False,False,other,0.000638690461440058
CTGGCGACATAAGTCC-1,6395,8873,-0.695858991905479,-0.3186922173012582,-0.308923711067573,False,False,other,0.0009848268922673154
CTGGGTAGGCAGTTAA-1,11515,9115,-0.1384915442644849,0.3668572183711035,-0.4551774068518886,False,True,immune_core,0.0037739816274844815
CTGGTAACGAGCTCTT-1,8763,7069,0.5923730177222011,-0.077644797452293,0.22803920920546,True,False,interface,0.004188729073344335
CTGGTCCTAACTTGGC-1,4420,10678,0.5949731093715298,-0.3186922173012582,-0.1528431244979383,True,False,interface,0.007933686905547565
CTGTGCAGGGTAGGTC-1,11315,10133,-0.0148105326948035,-0.1685307929388881,-0.3778567247147937,False,False,interface,0.010757216565205221
CTTAACTTCGAAGTAC-1,5207,10907,0.286165616080893,0.338021849587045,0.995631056263356,False,True,interface,0.012530890968933756
CTTAGTAGGCCTACAG-1,9356,6505,1.0606848366511077,0.9063321854288776,0.655746131766661,True,True,interface,0.03889808787782005
CTTCTTACGTCGTATA-1,5797,11248,0.1089838407440384,-0.1685307929388881,-0.7408673773203599,False,False,interface,0.044808425943536456
CTTGACCCGAAAGATA-1,4811,11585,-0.0186493488466561,-0.077644797452293,-0.0524621785217124,False,False,interface,0.0038048265218347337
CTTGTGCTCACCGATT-1,7384,7405,0.1195871747972604,-0.077644797452293,0.0979274956086545,False,False,other,0.026782231786166576
CTTTACCGAATAGTAG-1,12895,8553,-0.3862429063788412,-0.3186922173012582,0.1623454391855344,False,False,other,0.011428813382149608
GAAACAGCCATGCAGT-1,5600,11135,1.458084449379394,-0.3186922173012582,0.140140983484262,True,False,interface,0.09981276087577871
GAAACTCTAATGAAGG-1,5604,9776,0.1461600537030836,0.0633589040549401,-0.5239373454887487,False,False,interface,0.0070709120388416135
GAAATCGCGCGCAACT-1,6587,10345,-0.0608332679175372,-0.3186922173012582,-0.8770758336863531,False,False,interface,0.0038117779711702754
GAAATTAGCACGGATA-1,6597,7176,-0.1359098266123735,-0.1685307929388881,0.3944746594718773,False,False,other,0.0025382525112366207
GAATATTCGGAGTCCC-1,5608,8644,-0.5725273203041532,-0.3186922173012582,-0.096311507387165,False,False,other,0.0008543482117549687
GAATGTATGGCAGGTC-1,6004,7740,-0.1718888555160877,-0.3186922173012582,-0.2375508216057775,False,False,other,0.000995574289231425
GAATGTGGTCCGGATT-1,11515,8888,-0.679175682227387,-0.3186922173012582,-0.4086533772519417,False,False,other,0.011231843599434249
GAATTATAGTGAAAGG-1,9739,10354,-0.4996375302760206,-0.0806919906320253,-0.7408673773203599,False,False,other,0.010965053743680347
GACCCGTCGCCGGCTA-1,4812,11359,-0.0073774287442396,-0.3186922173012582,0.2363272687087921,False,False,other,0.0019231353885945607
GACCGTCAGGTCGTGA-1,5607,8871,-0.2859302480963047,-0.3186922173012582,0.3744671061653712,False,False,other,0.0005105435556229044
GACGGTCAATAGAAGC-1,8961,6730,0.3057016107207008,-0.0806919906320253,0.7666387896735889,False,False,interface,0.014640597566164334
GACTACAATTGCTCGT-1,4622,8755,-0.5690793328433028,-0.3186922173012582,0.3474367253408074,False,False,other,0.0026567466752117825
GACTCGCGGGAATGAC-1,8566,7182,0.2728252655532877,-0.3186922173012582,-0.1153119763907691,False,False,interface,0.011752931696398815
GACTGCACCAGCCCAG-1,12106,9003,0.3086802914011252,0.0299718126940325,-0.1159190641177115,False,False,interface,0.06104251498850132
GAGATCTTCCATGACA-1,11908,9342,0.0034326138369401,0.9702781136473456,-0.1627152889059001,False,True,interface,0.06197082309793104
GAGGTACATCCATCTT-1,5406,10342,0.2574732272173259,-0.1685307929388881,0.4018975500457358,False,False,interface,0.0028843734286797262
GATATGCGGTAGCCAA-1,6792,7742,-0.3375060576266578,0.1288569917018705,-0.7408673773203599,False,False,other,0.02025041254244121
GATATTGAGATTGGCG-1,9749,6732,1.1298396737378904,-0.077644797452293,0.3275645951371659,True,False,interface,0.01826430427914037
GATATTTCCTACATGG-1,6397,7968,-0.6464649056861009,-0.3186922173012582,0.3240093068132336,False,False,other,0.0011813878235995415
GATCCGGGAATTAACA-1,10725,9791,-0.2363174415220711,0.0299718126940325,0.2874110317056915,False,False,other,0.007660903107918879
GATCCTAAATCGGGAC-1,8369,7294,0.852014929927172,-0.3186922173012582,0.5486691385735687,True,False,interface,0.03892107155270949
GATCGTGACTGATATC-1,10528,9904,-0.0148105326948035,0.6257794731492304,-0.125532658882912,False,True,immune_core,0.02742327474067909
GATCTTGGAGGGCATA-1,11709,10134,-0.0903696630041246,0.1878604252246749,0.6296079063131977,False,True,interface,0.03374079899169912
GATGCTGTATTTCATC-1,11513,9567,0.4111706290403591,-0.3186922173012582,-0.4575335639700135,True,False,interface,0.013131947967817678
GATGGTGCCCTAGGCA-1,5015,9209,-0.5547364747770831,-0.1685307929388881,0.3886002876193327,False,False,other,0.0022917090672664817
GATGTCGGTCAACTGC-1,4816,9774,-0.8828525382748751,0.8658767011875986,-0.0199061636053395,False,True,immune_core,0.15478350760989956
GATGTGTTGTCACAAG-1,4227,9206,-0.8930884835902378,-0.3186922173012582,-0.4575335639700135,False,False,other,0.00029436374976787015
GATTCCGCGTTTCCGT-1,6196,9438,0.6210450885749117,0.412022934050231,-0.5937420203360068,True,True,interface,0.1594247839042851
GATTCGACGGTTCACG-1,11118,10019,0.1647777795900203,-0.3186922173012582,0.0226455493664065,False,False,interface,0.01584116885575922
GATTGACACTCTGCTC-1,4025,10904,-0.2787252458987582,-0.1685307929388881,-0.2602165993598618,False,False,interface,0.038119794344213184
GCAAACCCTACATTAT-1,12501,8778,0.2814022057941857,0.072516626910077,-0.2518689508409434,False,False,other,0.016121463784883844
GCAACCACCAGACCGG-1,5808,7626,-0.2970194702850603,-0.3186922173012582,-0.2026402460386904,False,False,other,0.001372818395275744
GCAACGGCTAGTTATG-1,11526,5266,0.5880389419586292,-0.0183693685765179,0.120131951309927,True,False,interface,0.02700849473878465
GCACAAACGAGGCGTG-1,12117,5155,0.3589009127825884,0.31051685357931,0.2743110489795674,True,True,interface,0.02451698633500618
GCACAAGTGTCGGAAG-1,5010,10793,0.3520325636312194,-0.1685307929388881,0.6723997017573874,True,False,interface,0.01418177957414142
GCAGGTAGAGTATGGT-1,6596,7402,-0.2778280849952374,-0.3186922173012582,-0.358720832608325,False,False,interface,0.007839146285535151
GCCAACCATTTCCGGA-1,8176,6049,0.7314721316129512,0.1028641964856221,1.5953660234256706,True,False,interface,0.006415810419280264
GCCAATAGGGCATCTC-1,7978,6388,0.4529226387624169,-0.0806919906320253,0.4466586791714669,True,False,interface,0.011289151659082619
GCCAGGAGTAACCGAT-1,7185,7970,-0.5338353856037337,0.2226780512724472,-0.1404054223507162,False,True,immune_core,0.0014073275161799678
GCCAGGCGTTCGCATG-1,4822,7963,-0.882424489946693,-0.3186922173012582,-0.66119053806514,False,False,other,0.0010142034984571085
GCCATATTGCACACAG-1,7382,7857,-0.4366450759710424,-0.3186922173012582,-0.4466166633516537,False,False,other,0.0011584825816704119
GCCTATTTGCTACACA-1,4612,12377,0.7555476454926862,-0.3186922173012582,0.4932882464766575,True,False,tumor_core,0.034870367181780396
GCGAGTTCTGCAAAGA-1,9934,10921,-0.0478897473512448,0.0299718126940325,-0.5538170632032166,False,False,other,0.003647300872399838
GCGATTCTGGAAGCAG-1,5014,9661,-0.882424489946693,-0.3186922173012582,-0.5979109781667677,False,False,other,0.05187911161034054
GCGATTGTTAACGTTA-1,10332,9337,-0.7644446978163969,-0.1685307929388881,-0.2515204327567623,False,False,interface,0.030967267691782836
GCGCATCCAGTCAGCA-1,8763,7295,0.8054242740309253,-0.3186922173012582,-0.0166346681319451,True,False,interface,0.007279988697140073
GCGCCGTTCCACGATA-1,11116,10698,-0.2381981729401337,-0.1685307929388881,-0.413684235104561,False,False,interface,0.05312602166835768
GCGCGTCATTGGTACA-1,14273,8670,-0.6954309435772968,-0.3186922173012582,-0.3243557545390206,False,False,other,0.0018094765510022121
GCGCTAATTGAATAGA-1,9739,10128,-0.3211071457546227,-0.1685307929388881,-0.1927680816307286,False,False,other,0.0022825230240828723
GCGCTGATCCAGACTC-1,6397,8194,-0.6960777122603344,-0.3186922173012582,-0.3488486682003632,False,False,other,0.0009030104121716355
GCGGAGAGGGAGAACG-1,12105,9229,0.4760920126415073,-0.3186922173012582,0.3430097758168376,True,False,other,0.293071511863
GCGGTGAACTGCGCTC-1,6990,7403,-0.6518151777340295,-0.1685307929388881,0.8635005526048103,False,False,interface,0.0057578124307690395
GCGTCGAAATGTCGGT-1,6389,10684,0.2552163260009069,-0.1685307929388881,-0.8770758336863531,False,False,other,0.0006609212435652173
GCGTGGTACTGGGTTA-1,9945,7299,1.448188662293308,0.072516626910077,1.1020338982213032,True,False,interface,0.014088976694785373
GCTACGACTTATTGGG-1,11511,10246,0.1893200230800003,0.1603554292169398,0.3823281815497705,False,True,interface,0.007292952085019284
GCTAGTAGAGCTTGTA-1,10722,10697,0.4529416051830942,0.2226780512724472,0.6102589192254128,True,True,interface,0.027216114578778247
GCTCATTACTGCATGT-1,5611,7512,0.7621251638804087,-0.077644797452293,-0.3706900911522298,True,False,tumor_core,0.005201771901590119
GCTCCGCTCGCTTCAG-1,11329,5379,1.0543889291978643,0.9580731976124764,-0.2207066224831815,True,True,interface,0.047343305063804464
GCTCGCTCATGTCCAA-1,11128,6850,-0.1596063392305247,-0.3186922173012582,0.7416835619725285,False,False,other,0.0003906594918526984
GCTGCACGGTTTCTTA-1,11119,9793,-0.5113605543778103,0.072516626910077,-0.2004396393127075,False,False,other,0.025700396136798708
GCTGCTACTGCGTAGC-1,13089,9572,1.450259236019114,0.0299718126940325,0.1246241401222428,True,False,interface,0.1595500777122395
GCTGTTGCTACCGAAC-1,10732,7301,-0.4506714923848247,-0.3186922173012582,0.1818545366397699,False,False,interface,0.18208889443802204
GCTTGGATCGATTAGG-1,9157,7070,0.5087772905162445,-0.077644797452293,0.004289819997241,True,False,interface,0.009466101768885434
GCTTTCAGAGGAGGTG-1,9551,7298,0.9289227881860456,-0.0806919906320253,0.4386950363053591,True,False,interface,0.0033523172293281173
GGAAAGTGCCCATGCC-1,6989,7856,-0.4423468001387101,-0.1685307929388881,0.5780969060177347,False,False,other,0.001467506075175246
GGAAGCTCGCTTACAG-1,5214,8643,-0.6798541227760522,-0.1685307929388881,-0.7408673773203599,False,False,other,0.0018225760844130317
GGAATAACCTCAAGAA-1,4221,11244,0.3739659405611947,-0.3186922173012582,-0.2141642343839927,True,False,tumor_core,0.010398717496955532
GGAGACGACACCTTTG-1,11511,10473,0.0526478937341773,-0.3186922173012582,-0.5140651810807869,False,False,other,0.018666232820699714
GGAGGATTGAAAGGAG-1,4423,9773,-0.882424489946693,-0.3186922173012582,-0.3687284201191514,False,False,other,0.016424553833226888
GGATCAAAGGACGAGG-1,4219,12149,-0.0951342648033523,-0.3186922173012582,-0.4086533772519417,False,False,other,0.00137376062074006
GGATCATCCCGTACGC-1,6401,6609,-0.8930884835902378,0.4943895843924549,-0.3678319794675346,False,True,immune_core,0.01922709598839049
GGCAAGGCGAAATAGC-1,11905,10248,-0.2006854917104505,1.0311265765009838,-0.3104082069856605,False,True,interface,0.21096582926456936
GGCATATCGGTTCTGC-1,6395,8647,-0.6122157873301116,-0.3186922173012582,-0.4176086068372232,False,False,other,0.0006287717524784869
GGCTAAAGGGCGGGTC-1,6795,6837,-0.4049690706848456,-0.1685307929388881,-0.1067052648896686,False,False,interface,0.005594309373475429
GGCTCGCGTTGAGGTA-1,9156,7523,0.5270771114153263,-0.1685307929388881,0.120131951309927,True,False,interface,0.003958665149450885
GGCTGAAATAGCAAAG-1,12697,9118,1.9214125089392016,0.8973751387026679,0.3554474779640597,True,True,interface,1.2332933265455817
GGGCGTCCACTGGCTC-1,6199,8533,-0.2306157173544034,0.0633589040549401,0.1206443651560342,False,False,other,0.0038613853553517586
GGGCTGCCTAGGGCGA-1,9542,10241,-0.7648727461445791,-0.3186922173012582,-0.2515204327567623,False,False,other,0.004877008078256085
GGGTCGTGGCAAGTGT-1,7979,5935,0.9762521707394348,-0.0806919906320253,0.9688231684396372,True,False,interface,0.014450785088488724
GGGTGGTCCAGCCTGT-1,4421,10226,-0.2031880132146497,-0.077644797452293,0.2485689990178806,False,False,interface,0.07741967869469023
GGGTGTTTCAGCTATG-1,6193,10344,-0.1352332894337944,-0.1685307929388881,-0.5937420203360068,False,False,interface,0.009043141359933093
GGTAAATGTGCGTTAC-1,5213,8870,-0.2589820053781544,-0.077644797452293,0.0972954613587165,False,False,other,0.0018894238549307266
GGTAGTGCTCGCACCA-1,9740,9902,-0.6019798420147489,-0.1685307929388881,-0.5140651810807869,False,False,other,0.007600532964196504
GGTCGGATAAACGGCG-1,7582,7066,-0.4648216313646334,0.6563277188537028,0.0608214371080143,False,True,immune_core,0.046002713657547496
GTAAGGATTTGTCGGA-1,5012,10341,-0.3299676722768258,-0.3186922173012582,-0.3104082069856605,False,False,interface,0.2740902159215091
GTAATAAAGGGCTCCC-1,9159,6391,0.1746573941989591,0.2135203284173103,1.1374787954902408,False,True,interface,0.030721034054326996
GTACACTTACCTGAAG-1,10131,10808,-0.5686512845151207,0.1317920557858521,-0.4280023643397269,False,False,other,0.004793590094014939
GTACGCTTCATTGCAC-1,12103,9909,1.0341780105903264,1.3097844207874996,1.5441768919776175,True,True,interface,0.24061751273996787
GTACGTTTGCCCGTCA-1,11708,10360,-0.2682631142485452,-0.1685307929388881,0.7733194938580085,False,False,interface,0.05521833277963406
GTACTCCTGGGTATGC-1,8174,6501,1.1197441790647265,-0.0806919906320253,0.1330717347609549,True,False,tumor_core,0.00622820827180993
GTAGACAACCGATGAA-1,4417,11810,0.1685532126884563,-0.3186922173012582,-0.7299504767020001,False,False,other,0.0018176303907260715
GTAGCGGCTATACACT-1,10724,10244,0.3464305037910574,-0.1685307929388881,-0.2325199637531582,False,False,interface,0.005367859166684487
GTAGGTGATCCGTGTA-1,6394,9099,-0.2970065035150568,-0.0806919906320253,-0.4575335639700135,False,False,interface,0.005524673237274733
GTAGTCGCGGGAATCA-1,12697,8892,0.1612340523648776,-0.3186922173012582,-0.0671952880129883,False,False,interface,0.1719525630503293
GTCAAGCGGACTCGGG-1,10726,9339,0.236702344401137,-0.0806919906320253,-0.4280023643397269,False,False,other,0.04329424954879037
GTCACAAAGTTTCCAA-1,4812,11132,0.3524298439093418,-0.077644797452293,0.4455910327148987,True,False,interface,0.00419257617431669
GTCAGTTGTGCTCGTT-1,4816,10000,-0.3271554495138652,0.9615322847766876,-0.4677542464621564,False,True,immune_core,0.2231020294863113
GTCATTAGAGCGAACG-1,10329,10469,-0.197587348946238,0.5699115465808733,-0.5076792035949468,False,True,immune_core,0.02279912017888065
GTCCCAACGTAAAGTA-1,9543,9788,-0.2907379454744686,-0.1685307929388881,-0.3388487024046837,False,False,other,0.0019773594281807627
GTCCCGCGACGTTATG-1,14470,8784,-0.5213472576871319,-0.3186922173012582,-0.5937420203360068,False,False,other,0.00020314953624210981
GTCCTTCTAGTGGGTT-1,5016,8756,0.310731704153412,-0.0806919906320253,-0.5557787342362948,False,False,other,0.005424119225947479
GTCGCGTAACCCGTTG-1,10726,9565,-0.5709905859125511,0.1603554292169398,-0.8770758336863531,False,True,immune_core,0.016017222457529512
GTCGGATGTAGCGCGC-1,6393,9326,-0.0162616664916498,-0.3186922173012582,-0.1825874191095416,False,False,interface,0.08425683437164258
GTCGTATTGGCGTACA-1,6793,7290,-0.6682891594387951,-0.077644797452293,-0.2999684814822913,False,False,interface,0.006520169926520314
GTCGTTATTCGCTTAT-1,12105,9456,-0.4149862956453528,-0.0183693685765179,-0.0881369338786073,False,False,interface,0.04785857304780195
GTCTTAGTACAGCCGG-1,5409,9210,-0.882424489946693,-0.1685307929388881,-0.024306225813924,False,False,other,0.0018791929601941107
GTCTTGTAGCTATTCA-1,11723,5380,-0.2358987897559357,-0.0806919906320253,-0.5837172750887476,False,False,interface,0.04563052035257994
GTGAAACGGCGCCACC-1,7776,8085,-0.5500906469536434,-0.3186922173012582,-0.3547964608756628,False,False,other,0.00176062680323833
GTGAAGATTTCAAGTG-1,7190,6385,-0.2302981254875241,-0.1685307929388881,0.0340341146088443,False,False,other,0.03151456168938369
GTGAGGACACTTAAGG-1,11120,9340,-0.4627155510185521,2.8894682205633244,-0.3016660723816954,False,True,immune_core,0.5076474339266008
GTGAGGAGCGGTTGAG-1,5609,8192,-0.6866310766454167,-0.3186922173012582,-0.4176086068372232,False,False,other,0.0005402484078765494
GTGATGCACAACATCT-1,5415,7172,-0.646892954014283,-0.1685307929388881,-0.4475088187227545,False,False,other,0.0004904318385609066
GTGCAACAAATGTGGC-1,5798,11022,0.8491877349924811,0.3668572183711035,-0.165337637750364,True,True,tumor_core,0.03967620384967147
GTGCACGAAAGTGACT-1,6391,10005,0.879406144663452,0.1603554292169398,-0.5647339638215764,True,True,interface,0.04399213873842905
GTGCCTCAGTGTACGG-1,5217,7511,-1.0281928348985283,-0.3186922173012582,-0.5348542461071085,False,False,other,0.003593247258596983
GTGCGACAGGGAGTGT-1,10143,6733,1.710367095048079,0.2135203284173103,-0.2076711038913097,True,True,interface,0.011914236511653247
GTGGAACCTACATGCG-1,6001,8872,-0.7978339149063481,-0.3186922173012582,-0.0555025949164041,False,False,other,0.0008903919178524837
GTGGTGGCCAAGTGAA-1,11909,9116,-0.3762562030695197,-0.0806919906320253,0.3162743969830455,False,False,interface,0.08134225178136127
GTGTTACTATGCGTCC-1,11120,9566,-0.4840000498844529,-0.3186922173012582,-0.2724449208859485,False,False,other,0.08254824344599473
GTTAAAGTAGGACTGG-1,12698,8665,-0.2465533868374339,-0.3186922173012582,-0.1514880048647174,False,False,other,0.016200378424156104
GTTAACTATGTTGTCA-1,11525,5492,1.3594353959485124,0.072516626910077,0.8226601395171688,True,False,interface,0.038674921527205426
GTTAGAGTGTGCCGCT-1,4423,9546,-0.7644446978163969,-0.3186922173012582,-0.0965560934852636,False,False,other,0.004135470193827661
GTTATCACCTTCTGAA-1,4221,11470,0.1725522718288581,-0.077644797452293,0.050813849597188,False,False,other,0.0051007217723634925
GTTCGGATCGGGAACA-1,11722,5606,0.91877988744171,0.2226780512724472,0.1579211327327725,True,True,interface,0.001330166470756349
GTTGAGTCCCGCCGGT-1,13287,9233,0.2317587563247476,0.072516626910077,0.5859501356848743,False,False,interface,0.02332213468629298
GTTGGATTCAGTGGCT-1,6203,7175,-0.4047503503299899,-0.1685307929388881,-0.8770758336863531,False,False,other,0.0003997715225655608
GTTTCTGCAGTCTCCC-1,10922,9905,0.2575708951973851,0.5200658359132059,0.1778544747360038,False,True,immune_core,0.015163781986134712
GTTTGGCCCAAGTTAT-1,11318,9001,-0.4376798472261317,-0.3186922173012582,-0.4475088187227545,False,False,other,0.12433922972242051
TAAAGCTGCAATAGGG-1,6400,7062,-0.366020257754157,-0.1685307929388881,0.1625061822768205,False,False,other,0.00047064526038447326
TAACATACAATGTGGG-1,10527,10130,0.0697800423455412,-0.0183693685765179,0.0972071105736605,False,False,other,0.009420320418370749
TAACCGCCCGCAGTGC-1,4808,12491,1.9004272300953784,0.0299718126940325,0.1533902096002528,True,False,interface,0.04765835042915187
TAACCTACCGTCCGAG-1,9553,6619,0.5248551690386785,0.2710192325429978,0.3578036350821846,True,True,interface,0.011027915940671307
TAATAAACAAGGAGAT-1,6398,7741,-0.2430206246699168,-0.3186922173012582,-0.4761018949810748,False,False,interface,0.0013710496629852317
TAATCGATCCGTACGT-1,7974,7519,-0.8411992885291324,-0.3186922173012582,-0.7408673773203599,False,False,other,0.022058832030185944
TAATTGGAATCGGGAA-1,6403,6156,-0.366020257754157,-0.3186922173012582,0.4511597130650396,False,False,other,0.0005170177267691647
TACCAATAAAGTACCA-1,13880,8669,-0.7644446978163969,-0.1685307929388881,-0.1451916941052369,False,False,other,0.006131139398380633
TACCAGCTAGGTTTAA-1,5208,10681,0.5725485653841919,-0.1685307929388881,0.1778544747360038,True,False,interface,0.009113783572169737
TACCGCGGACTTGCAG-1,9551,7071,0.6367824798357292,-0.1685307929388881,0.7844470190921243,True,False,interface,0.011927375433061825
TACTGCAATCAATTAC-1,7386,6499,0.2668558956592959,-0.3186922173012582,-0.4195702778703016,False,False,other,0.035382852340403795
TACTTTACTGAGCCGG-1,8960,7183,0.2197055050131661,0.3938897761554021,0.0108888924643977,False,True,interface,0.007531883288647212
TAGAATTAAGGGCAAC-1,5014,9435,-0.8828525382748751,-0.3186922173012582,0.9493320316415472,False,False,other,0.017533330445189146
TAGATCCGAAGTCGCA-1,5013,9888,-0.6866310766454167,-0.1685307929388881,0.3822931615897479,False,False,other,0.25216465139333316
TAGCGTTGGGTCTTAC-1,10526,10357,-0.1167016395970128,0.4289078450736401,0.3827616579392673,False,True,interface,0.019336009868519324
TAGGCATGTTACGCCA-1,7578,8424,-0.5503093673084989,-0.1685307929388881,-0.5538170632032166,False,False,other,0.0013328904042496312
TAGGGAGCTTGGGATG-1,10142,7186,0.2241316496301713,-0.3186922173012582,0.3876022683370352,False,False,interface,0.12318640920117584
TAGGTCGCCGGAACTG-1,9355,6731,0.8134219341579446,-0.0183693685765179,0.0907011548224822,True,False,interface,0.013047614415243205
TAGGTTCGAGTTCGTC-1,9935,10468,-0.8930884835902378,-0.3186922173012582,-0.7299504767020001,False,False,other,0.01668920552743232
TAGTCTGTGACGTTGC-1,7584,6386,-0.1985551521612135,-0.1685307929388881,-0.3315457900961632,False,False,interface,0.14865186417857423
TAGTTAAGATAGGATA-1,5410,8757,-0.6195324495209257,-0.1685307929388881,0.951103921485205,False,False,other,0.0009006591762884339
TATATCCCTGGGAGGA-1,10142,6960,2.1835777669909273,0.572723294347444,0.2962303448486878,True,True,interface,0.19555903638673575
TATATTCGCGTCGATA-1,4616,11018,1.263725383015739,-0.1685307929388881,0.7772587950911708,True,False,interface,0.04765888972800711
TATCACAGCACGGGCA-1,3829,10790,-0.6682891594387951,0.7855710585901738,0.1029103171508614,False,True,interface,0.18228312347161724
TATCACCCAACCGACC-1,7780,6727,0.8731669538979541,0.072516626910077,0.2342296812334285,True,False,interface,0.07094020286798636
TATCACTTCGAGTAAC-1,6401,6836,-0.6270639580212344,-0.3186922173012582,0.499709737261941,False,False,other,0.017680138355555035
TATCGATCTATGCATA-1,7382,8084,-0.3709424814739034,-0.3186922173012582,-0.2672189327068563,False,False,other,0.0006163664414669981
TATGTCAAGACCGACT-1,6989,7630,0.0524518986559872,-0.3186922173012582,-0.5140651810807869,False,False,interface,0.014488939780734489
TATTACCATCCTGCTT-1,10536,7187,1.1979272981326765,1.1414898385303005,0.6377093145138376,True,True,tumor_core,0.5823149590811186
TATTCAATTCTAATCC-1,9741,9675,-0.5440713309190963,-0.3186922173012582,-0.413684235104561,False,False,other,0.008501166449965656
TATTCGTGCCAGAATA-1,9737,10807,-0.8930884835902378,-0.1685307929388881,-0.7408673773203599,False,False,other,0.003619534095540619
TATTTATACCGAGTAG-1,6197,9212,0.6789766765656579,0.2710192325429978,0.4194475606880791,True,True,interface,0.11624674701646572
TCACAGGGAATCGCAA-1,12303,9117,-0.2016532949254259,0.5365244552199657,0.245036800738798,False,True,interface,0.10106187819473907
TCACTACGACCAATGC-1,5612,7286,-0.4058730431827201,-0.3186922173012582,-0.5557787342362948,False,False,other,0.0013827515852460584
TCACTCGTGCAACGGC-1,6005,7514,-0.3245814049996687,-0.3186922173012582,-0.5557787342362948,False,False,other,0.0016147667154607869
TCAGACGCTATAGAAG-1,12497,9910,0.1893200230800003,0.2135203284173103,-0.2429137212556618,False,True,interface,0.01727933661216628
TCATCCCAGAGGGTGG-1,5406,10115,-0.0662195351946943,0.1288569917018705,-0.1953373337301701,False,False,other,0.007763163901906983
TCATGCAGGTTCTCAT-1,6593,8534,-0.5269467717411017,0.4183274921844698,-0.1464571470120982,False,True,immune_core,0.00624825606201464
TCATTTAAGTCTCCGA-1,9946,6846,1.784085388995685,-0.0806919906320253,0.9308156832856034,True,False,interface,0.026207611412826497
TCCAGAGCACCGGTTC-1,10921,10132,0.2235887574203652,-0.077644797452293,-0.3605538466105938,False,False,interface,0.003946024899446581
TCCATTGTGACCTCGT-1,4620,9434,-0.5793152781586656,-0.1685307929388881,0.6397220577575803,False,False,other,0.001075646219843865
TCCCGTGTGCAATTTG-1,11712,9002,-0.248040465623861,-0.3186922173012582,-0.3796453207375113,False,False,other,0.004609775475935727
TCCCTTAGATTACTCG-1,6593,8308,-0.3795724195183875,0.072516626910077,-0.5448618336179349,False,False,other,0.003443508173647757
TCCGATAATTGCCATA-1,6586,10798,-0.1064686970858123,-0.3186922173012582,-0.691987190602288,False,False,other,0.00035177052105173036
TCCGCTGTCATCCCGG-1,12303,8891,0.1705667377612245,-0.1685307929388881,-0.2724449208859485,False,False,interface,0.04841558719232648
TCCGGCCTAGCGTACA-1,8567,6955,1.2915526926420169,-0.0806919906320253,0.3551181190775861,True,False,interface,0.02792830062181785
TCCTACATCCACGGCC-1,12107,8550,-0.6960777122603344,-0.0806919906320253,-0.3315457900961632,False,False,other,0.5332020253273022
TCCTCGGGCTGGGCTT-1,10923,9452,-0.5607546405971883,0.6257794731492304,0.2165535055934679,False,True,immune_core,0.04806354019578902
TCCTCTGGCCCATTAG-1,5018,8077,-0.7644446978163969,0.4183274921844698,-0.5557787342362948,False,True,immune_core,0.0025156987719101276
TCCTGCCAACTGGAGA-1,5413,7851,-0.7648727461445791,0.2135203284173103,-0.3288411148938573,False,True,immune_core,0.008012496118237285
TCCTTCAGTGGTCGAA-1,5997,10230,-0.0972522797180812,0.2226780512724472,0.1518066935137961,False,True,interface,0.011467795166852458
TCGATAGGCTAGTCGC-1,4611,12603,1.2773879743275829,-0.0806919906320253,0.0981776354807839,True,False,interface,0.012765419109578402
TCGCAAAGATGCATTT-1,12301,9570,0.6898051619415606,0.5138431771420505,0.3066241023511914,True,True,interface,0.012363443977875121
TCGCACCAGGAGGCAG-1,12894,9005,0.0103139109891527,0.1603554292169398,0.3481052622295623,False,True,interface,0.11399450847783228
TCGCTAAACCGCTATC-1,6791,7969,-0.7473201386384023,-0.3186922173012582,-0.0766524721648401,False,False,other,0.0025484411947610673
TCGGAATGACCATCAA-1,4227,9433,0.3507839347170364,-0.1685307929388881,0.634851933579967,False,False,other,0.003279862448770984
TCGGGTGAAACTGCTA-1,5008,11699,0.5200986714467273,-0.1685307929388881,-0.2665588781202079,True,False,interface,0.014255666506383704
TCGGTCCCTGACTCCA-1,5019,7850,-0.8411992885291324,-0.3186922173012582,-0.4551774068518886,False,False,other,0.0002703747530757346
TCGTCTTAGGCGTTAA-1,13486,8668,-0.4909321521682738,0.2226780512724472,0.0303141374955407,False,True,immune_core,0.006813947421781172
TCGTGTACTATGGATG-1,12302,9343,-1.0281928348985283,-0.3186922173012582,-0.8770758336863531,False,False,interface,0.5198958258807781
TCGTTCGTTATTATGT-1,5010,11020,0.2531407849246387,-0.077644797452293,1.7031257454605775,False,False,interface,0.0029949954901673926
TCTAGGTGGCGACGCT-1,8764,6843,0.712971010346042,0.1603554292169398,1.5957681792234708,True,True,interface,0.019361679273538757
TCTCCCTGGGCAGCGT-1,13682,9008,-0.7542522409222233,0.3938897761554021,0.5409758374726964,False,True,immune_core,0.02238704931186289
TCTCGAACGAGGTCAC-1,5414,7399,-0.9102130427682324,-0.3186922173012582,-0.5448618336179349,False,False,other,0.0012817271855632573
TCTCGACGTATCGCCG-1,11920,5267,1.0924400295613197,0.3439116163345874,1.439205038076406,True,True,interface,0.025105779028091645
TCTGAATTCCGTACAA-1,9747,7411,0.9638271320678956,-0.0183693685765179,0.4266058522423181,True,False,interface,0.005097419540430115
TCTGATGTATTCTGTC-1,13092,8666,0.2201665775654548,-0.0183693685765179,0.5995783930194207,False,False,other,0.005399630538262501
TCTGCCAGAAACTGCA-1,11121,9113,-0.6960777122603344,0.6317039160450814,-0.211595475623972,False,True,immune_core,0.22858851217973114
TCTGGGAACCTTTGAA-1,10930,6962,-0.2202519128023214,-0.1685307929388881,-0.1697078177915976,False,False,other,0.0033990662502108916
TCTTACCGGAACTCGT-1,7186,7743,-0.6015517936865666,-0.3186922173012582,0.2886434447442828,False,False,other,0.006635415495504879
TCTTCCCATGGGCACA-1,9354,7184,0.6502882552848439,0.1603554292169398,-0.2352622908629604,True,True,interface,0.0013708420037084174
TCTTCGAATAGACGTT-1,10724,10018,0.3241781483926585,-0.0806919906320253,-0.0430616787378285,False,False,other,0.01442959741258684
TCTTGATGCGTAGCGA-1,9345,10353,-0.7644446978163969,-0.3186922173012582,-0.4551774068518886,False,False,other,0.001901208114008699
TCTTTAAGACTATGAA-1,9749,6959,1.6548841100679736,0.2226780512724472,0.857667230229073,True,True,interface,0.01358614775267202
TCTTTCTCTTAAGGAG-1,4425,9094,-0.679175682227387,-0.1685307929388881,-0.0667803077568783,False,False,other,0.002153964610060854
TGAAACTTATGCAAGC-1,5210,9775,-0.561195890097091,-0.3186922173012582,0.6543294217093985,False,False,other,0.07754480404930886
TGACACTTCTCTTTGC-1,6205,6495,-0.232534287134071,-0.1685307929388881,0.4433548461899491,False,False,other,0.0015240845089895486
TGACGATGCACTAGAA-1,10338,7300,0.7487604407938184,-0.3186922173012582,0.3812668627330317,True,False,interface,0.27066917413287167
TGAGATCAAATACTCA-1,4419,10905,0.4316919969875,0.5200658359132059,0.3622145799493662,True,True,tumor_core,0.03324871178323683
TGAGATTAGGCCCTAA-1,6202,7401,-0.5213472576871319,-0.3186922173012582,-0.3778567247147937,False,False,interface,0.004019916795043279
TGAGCTTTAATGACGC-1,6790,8421,-0.4089669796108058,-0.3186922173012582,-0.0644701186396189,False,False,other,0.003171052774270103
TGATCTACGCTGATCT-1,6204,6722,-0.4161059856939206,-0.3186922173012582,0.1614399222288532,False,False,other,0.00494900516514295
TGCACGAGTCGGCAGC-1,4223,10565,0.3704668284549274,-0.1685307929388881,-0.8770758336863531,True,False,interface,0.01764365993587661
TGCCATTACTAAAGAA-1,7185,8196,-0.6024078903429311,-0.3186922173012582,-0.5140651810807869,False,False,other,0.000508103468607647
TGCCCGTACCGTTAAA-1,11907,9568,0.1732068151189828,0.1317920557858521,0.5534338518972705,False,False,other,0.0195189946657516
TGCCTTGGCCAGGCAA-1,13288,8780,-0.1128962702212616,0.1603554292169398,-0.0744777061504452,False,True,immune_core,0.006854439974743179
TGCGGTGAAATTTCAT-1,5405,10568,0.122693038851037,-0.3186922173012582,-0.2017233112160102,False,False,interface,0.0222474507169116
TGCGTTTGTTGACACT-1,11317,9454,0.0424119484188145,-0.0806919906320253,-0.5076792035949468,False,False,interface,0.1508300892543892
TGCTGTTGAAGAACTC-1,10526,10583,-0.0659821097442148,-0.0806919906320253,-0.0115680406334151,False,False,interface,0.020320380739730592
TGGAACCACTGACACA-1,7780,6500,0.2255509414725257,0.666908071742873,0.7372132701176092,False,True,interface,0.16894580454446573
TGGAATATCCTTGACC-1,7585,5934,1.2836767154423538,-0.3186922173012582,0.2802751582613839,True,False,interface,0.15058037254342488
TGGACTGTTCGCTCAA-1,10331,9790,-0.6518151777340295,-0.3186922173012582,-0.6046589209543667,False,False,interface,0.03376594154891883
TGGAGCTAAAGTTCCC-1,4224,10338,0.2937129265993804,0.1878604252246749,0.1392328234563729,False,True,other,0.006656104460453893
TGGCAAACTAAATTAC-1,12893,9232,0.6735302148705252,1.331449425225724,-0.0586057342483206,True,True,interface,0.29330366795644375
TGGCAACTCGCGCGCC-1,7381,8310,-0.5618743306457562,-0.3186922173012582,-0.66119053806514,False,False,other,0.00022822232155873587
TGGGCACAAACAGAAC-1,4610,12830,0.0869115000097028,-0.3186922173012582,-0.3294482026207997,False,False,interface,0.02246123708754289
TGGGCACGTTCTATGG-1,5998,9777,0.320405021931981,-0.0806919906320253,0.1704156459851982,False,False,interface,0.030229613413831836
TGGGTAAGGTTCCCGC-1,5606,9097,-0.695858991905479,-0.3186922173012582,-0.560809592088914,False,False,other,0.001172976620686045
TGGTATCGCATCCCAA-1,4618,10339,0.5165959206535296,0.072516626910077,0.9916667496268506,True,False,interface,0.2327914888961502
TGGTATCGGTCTGTAT-1,4418,11357,0.4730446361087064,-0.3186922173012582,-0.0904254646214244,True,False,tumor_core,0.0059994080024380805
TGGTTCAACGGGTAAT-1,12892,9685,0.2407133165983598,0.1603554292169398,0.3118269532880124,False,True,interface,0.019271051881028733
TGGTTGGAGGATCCTG-1,5216,7738,-0.9102130427682324,-0.3186922173012582,-0.8770758336863531,False,False,other,0.0019740686050585964
TGTATCCTTATTCCAT-1,5006,12378,-0.2202519128023214,-0.0183693685765179,-0.5937420203360068,False,False,interface,0.012524298612239256
TGTCCCGACATAGCAC-1,5205,11586,-0.2530233489339304,-0.3186922173012582,-0.4466166633516537,False,False,interface,0.00622953159890957
TGTCTACAGTTTCTGT-1,5204,12039,-0.3577562250983654,-0.3186922173012582,-0.3687284201191514,False,False,interface,0.030555391463681834
TGTTTAATACTTCATC-1,4818,9321,-0.3866709547070234,-0.3186922173012582,1.471414098436154,False,False,other,0.003659032300911688
TTAAACCGGTAGCGAC-1,4612,12150,0.2083118559529485,-0.3186922173012582,-0.7299504767020001,False,False,other,0.013846833876273959
TTAAACTCGAATTCAT-1,9157,7297,0.7200549922515294,0.1603554292169398,0.5671454983450948,True,True,interface,0.0030548411150403236
TTAACGTCGCAAGACC-1,5007,11925,0.3705076560008867,-0.0183693685765179,0.0405196472665972,True,False,interface,0.013667950218075568
TTAAGCCGACAACTTC-1,5606,9324,-0.3670644878590218,-0.3186922173012582,0.4496446147141256,False,False,other,0.007461796385777674
TTAATTTCAGACGCGG-1,6391,10231,0.0434886181319955,-0.3186922173012582,-0.2325199637531582,False,False,interface,0.004493869779899362
TTACAGACCTAAATGA-1,8172,7180,-0.1736748319137311,0.2710192325429978,-0.2665588781202079,False,True,interface,0.027573669901352033
TTACCCATTGCCGGGT-1,6396,8420,-0.4423468001387101,-0.3186922173012582,-0.2135571466570502,False,False,other,0.0015218412234119046
TTACGGATGGTTCGAG-1,9550,7524,0.7155568497051003,0.2226780512724472,0.5813678924394169,True,True,interface,0.015993492394518232
TTACTAAAGGACTTTA-1,12499,9231,0.3341731732002365,1.804549762061467,0.3251152548232215,False,True,interface,1.185581782626912
TTAGACACGATCGTTG-1,6199,8307,-0.1431454662495762,-0.3186922173012582,0.293237433727665,False,False,other,0.005121366713222374
TTAGACGAGTCACCTC-1,12500,9004,0.6307857463568035,-0.077644797452293,0.7711837181480636,True,False,interface,0.24935186865257258
TTAGCTAATACGATCT-1,7385,6952,-0.2202519128023214,0.1603554292169398,0.5158194891049219,False,True,immune_core,0.002686222983707071
TTAGCTGATTTGCCGT-1,10535,7414,-0.1352332894337944,-0.3186922173012582,0.2713199286761023,False,False,interface,0.289038172922879
TTATATACGCTGTCAC-1,10528,9678,-0.3760069610634785,0.56848891654684,-0.6046589209543667,False,True,immune_core,0.029372219209085133
TTATTAGAGCGTGTTC-1,12103,10135,-0.2182380458991045,0.2710192325429978,0.1533902096002528,False,True,interface,0.07327757861199746
TTCAAAGTCTCTAGCC-1,9938,9563,-0.2381981729401337,-0.0806919906320253,-0.5538170632032166,False,False,interface,0.009185912752336666
TTCAAGCCGAGCTGAG-1,5605,9550,-0.6186763528645614,-0.077644797452293,-0.1149682242375103,False,False,other,0.004604702666204585
TTCAATTAGCCATAAT-1,4424,9320,-0.6397550981456099,-0.3186922173012582,-0.0781121886313482,False,False,other,0.0010067255727207968
TTCCAATCAGAGCTAG-1,7581,7292,-0.5412907800217633,0.9913284141679304,-0.0498116824771364,False,True,immune_core,0.03569079974588527
TTCCGCAGAGAAATAT-1,7189,6612,-0.431692203057212,-0.1685307929388881,-0.4285255074555831,False,False,interface,0.025893364239701705
TTCCGGTATCTGTGTC-1,11133,5039,0.3750245264548613,0.0299718126940325,0.0634803559338154,True,False,interface,0.10814545840369029
TTCGCTATCTGACGTG-1,6992,6724,0.4024030682557604,-0.3186922173012582,0.1588391790126297,True,False,other,0.036399335054121795
TTCGGCAACCCGCTGA-1,6200,8080,-0.4648216313646334,-0.3186922173012582,-0.1156604944749501,False,False,other,0.0002209399937802967
TTCGGGACTAATCGCG-1,10134,9903,-0.4189536829201273,-0.3186922173012582,-0.4946903532814136,False,False,interface,0.015882993234776283
TTCGTAATCCCAGCGG-1,5412,8304,-1.0281928348985283,-0.0806919906320253,-0.2724449208859485,False,False,other,0.002378201567282339
TTCGTTCAACGAAGTT-1,7584,6160,1.2946223901685985,-0.0806919906320253,-0.1200880219484725,True,False,interface,0.13829890048655605
TTCTGACCGGGCTCAA-1,13289,8554,0.0605571210633195,-0.3186922173012582,0.1344963045302046,False,False,other,0.011288002806528528
TTCTTTGGTCGCGACG-1,7781,6274,1.134420227248023,1.162880361379636,1.34963399983331,True,True,interface,0.2579567891472775
TTGAATTCACGTGAGG-1,10733,7075,-0.064584112309553,-0.3186922173012582,-0.2724449208859485,False,False,interface,0.0917417162658416
TTGACGATTCAGCACG-1,4809,12264,0.698523328530551,-0.0806919906320253,-0.125532658882912,True,False,interface,0.01678702939827638
TTGATGTGTAGTCCCG-1,7776,7858,-0.6464649056861009,-0.3186922173012582,-0.5448618336179349,False,False,other,0.005426805938402201
TTGCCAAGCAGAACCC-1,11723,5153,2.104477221056534,0.1573082360372076,0.9497611320015616,True,True,interface,0.060249895721723394
TTGCGTGAACGCTTAG-1,5809,7173,-0.5103015239195655,0.1288569917018705,-0.3173645723317895,False,False,other,0.0010277172877798365
TTGCTGGCCGGGCTTC-1,4621,9207,-0.398731034295443,-0.3186922173012582,0.1415180877599297,False,False,other,0.002222654477353685
TTGGATCGACTTCTGG-1,5009,11246,-0.2258525770707329,-0.3186922173012582,0.4604597502156474,False,False,other,0.005414008546114555
TTGGCCTAGAATTTCG-1,6198,8759,-0.6191044011927435,-0.3186922173012582,0.1097016238260862,False,False,other,0.0031842898382538334
TTGTATCACACAGAAT-1,5408,9663,-0.7751086914599419,-0.1685307929388881,0.1885382373002042,False,False,other,0.005885939897276208
TTGTTTGTGTAAATTC-1,4415,12263,-0.1178583380353169,-0.1685307929388881,-0.3016660723816954,False,False,other,0.02133387971816024
