node_id,x,y,region,tumor_score,immune_score,stroma_score,coexact_energy,exhaustion_score,state
0,15315.0,7128.0,tumor_enriched,0.52071412222726,-0.0576196194589138,0.0162163025992256,1.3137451988748228e-11,-0.0288098097294569,MIXED
1,15709.0,9905.0,stroma_enriched,0.1998610687255859,-0.0481210899353027,1.2575868988037109,7.131107625753661e-11,-0.02406054496765135,STROMA
2,15512.0,8632.0,other,0.3623131724766322,-0.0094814862310886,0.3277795246669225,2.924433081491283e-12,-0.0047407431155443,MIXED
3,11286.0,8967.0,other,0.1510137557983397,-0.062582839012146,0.9838514055524552,1.2616936729186323e-10,-0.031291419506073,STROMA
4,14702.0,10480.0,other,0.6231376157488142,-0.0729999923706054,1.3377227292742049,2.049547465132513e-10,-0.0364999961853027,TUMOR
5,11689.0,8737.0,other,-0.0732085772923059,-0.037622171908617,0.6629868262154716,2.1694784894546608e-10,-0.0188110859543085,STROMA
6,12899.0,7584.0,other,-0.0046524919782364,-0.0058369173407554,0.4212610353742326,2.2710382644217795e-11,-0.0029184586703777,MIXED
7,11081.0,10239.0,other,0.5024107905796595,-0.0863966827392578,0.7395320783342635,1.2032187963032918e-11,-0.0431983413696289,STROMA
8,9070.0,10002.0,interface_like,0.0612879507882255,0.2327325196266174,1.1299202074323382,8.841243833956718e-10,0.1163662598133087,STROMA
9,14711.0,7242.0,other,0.1540945870535714,-0.098737564086914,0.6088554109845842,3.179706239361946e-12,-0.049368782043457,STROMA
10,13097.0,8857.0,stroma_enriched,0.0684661701747351,-0.0265263755917549,1.8154153769356864,3.048518695792513e-13,-0.01326318779587745,STROMA
11,12897.0,8278.0,other,-0.0575070299421036,-0.0180528401732444,0.2658399091448103,2.6315945237364628e-11,-0.0090264200866222,MIXED
12,9477.0,8153.0,stroma_enriched,-0.0140684427533831,0.1626672471761703,1.9888186100551055,6.688724276365398e-11,0.08133362358808514,STROMA
13,13296.0,9667.0,stroma_enriched,0.3279727826799665,0.0302743769884109,1.9272356087820872,4.7170322647309486e-11,0.01513718849420545,STROMA
14,9475.0,8847.0,other,0.3946950149536132,-0.0834876022338867,1.7342077200753343,8.576123592328181e-10,-0.04174380111694335,STROMA
15,9277.0,7806.0,stroma_enriched,0.1754367719377789,0.4977548990249634,1.323689695085798,1.7881370767121708e-10,0.2488774495124817,STROMA
16,14104.0,8281.0,other,-0.01108003616333,0.029294384598732,0.4887891224452428,3.916290842696662e-11,0.014647192299366,MIXED
17,12896.0,8741.0,stroma_enriched,-0.1301591873168945,0.0457264459133148,1.8494578443254743,1.172976095336825e-11,0.0228632229566574,STROMA
18,15714.0,8286.0,stroma_enriched,0.1326757158551896,-0.0770940780639648,1.393865007672991,9.922115434919276e-12,-0.0385470390319824,STROMA
19,12292.0,8855.0,other,0.2536022131783622,-0.0836816482543945,0.2184629331316268,3.041678759565819e-11,-0.04184082412719725,MIXED
20,9276.0,8268.0,interface_like,-0.0837850352696011,0.1867400773763656,1.0357887595040458,8.05062125630447e-10,0.0933700386881828,STROMA
21,13705.0,7355.0,other,0.5089441135951451,-0.0651279220581054,1.0120568084716797,6.312177372543967e-11,-0.0325639610290527,STROMA
22,12698.0,7468.0,other,0.0370364488874161,0.0831914680004119,0.4200274930681501,1.5602245774177474e-10,0.04159573400020595,MIXED
23,13706.0,6893.0,other,0.3239174543108258,-0.1050643539428711,0.9514628873552596,2.429228034423052e-10,-0.05253217697143555,STROMA
24,15914.0,8633.0,stroma_enriched,0.2128581782749721,-0.0672968444824218,1.3715648324149,1.0088304110978644e-11,-0.0336484222412109,STROMA
25,13697.0,10130.0,other,0.5612975093296595,0.0243296959400177,0.6672936575753349,4.7263813030776235e-11,0.01216484797000885,STROMA
26,15717.0,7130.0,tumor_enriched,0.5227965109688895,0.0177481504082679,0.2769238226754325,5.340367214505759e-11,0.00887407520413395,MIXED
27,11088.0,7695.0,other,0.0019626181466239,0.0831380341053009,0.8893021501813615,3.399140768484229e-10,0.04156901705265045,STROMA
28,13901.0,9090.0,interface_like,0.5231325639997209,0.0672897872924804,0.891005962916783,1.8661774330013696e-09,0.0336448936462402,STROMA
29,12492.0,9433.0,interface_like,0.4227108110700335,0.1122064328193664,1.18519957951137,2.080759446227366e-09,0.0561032164096832,STROMA
30,15508.0,10020.0,other,0.5667409787859237,-0.0583168716430664,1.124481598990304,1.1367745663648403e-10,-0.0291584358215332,STROMA
31,15514.0,7938.0,tumor_enriched,0.4176798684256417,-0.0940108337402343,0.0654012434823172,1.0501576150809485e-11,-0.04700541687011715,MIXED
32,12089.0,9432.0,interface_like,0.4804202107020787,0.0003607346415519,1.3054981340680802,2.5144478897646496e-10,0.00018036732077595,STROMA
33,12296.0,7236.0,stroma_enriched,0.0887003271920341,0.4108894639015197,1.3547402845110212,2.799849061252954e-09,0.20544473195075985,STROMA
34,12093.0,8045.0,interface_like,0.1208489445277622,0.078316281914711,1.115150593348912,2.7920076080151806e-09,0.0391581409573555,STROMA
35,11087.0,7926.0,interface_like,0.2521312822614396,0.0546914850473403,1.052240894862584,1.7234344009970322e-10,0.02734574252367015,STROMA
36,5048.0,9297.0,other,-0.8193652643476215,-0.0690702590942382,0.5037081364222936,1.684205430275319e-09,-0.0345351295471191,MIXED
37,16919.0,8983.0,other,0.1713172367640905,-0.0674274368286132,0.565762814113072,1.3513022763466916e-11,-0.0337137184143066,MIXED
38,10681.0,9544.0,other,0.593037610735212,-0.0487883244156837,1.014864649091448,2.1452815850345768e-10,-0.02439416220784185,STROMA
39,11290.0,7349.0,other,0.3355776487077986,-0.0048475138545036,0.3543441608973913,6.583065882960417e-11,-0.0024237569272518,MIXED
40,12491.0,9665.0,interface_like,0.3666625922066824,0.1637284545898437,1.0317866897583008,1.0792687810890484e-08,0.08186422729492185,STROMA
41,13502.0,7702.0,other,0.0255711419241768,-0.0189768359065055,1.0998490578787667,2.9846716797677323e-12,-0.00948841795325275,STROMA
42,17325.0,7597.0,other,0.7133933094569616,-0.0688929595947265,0.8917727007184709,5.852915205548541e-11,-0.03444647979736325,TUMOR
43,11892.0,7928.0,interface_like,0.4619948741367883,0.0771173748970031,1.1902085603986468,2.998239973253307e-09,0.03855868744850155,STROMA
44,9874.0,10235.0,stroma_enriched,0.0081537682669503,0.1095270633697509,1.5118948909214565,1.1631495041434834e-10,0.05476353168487545,STROMA
45,13699.0,9205.0,other,-0.0442733028956823,-0.0807798843383789,1.1322726712908064,2.3084915736781323e-10,-0.04038994216918945,STROMA
46,14505.0,8976.0,other,0.1125916344778878,-0.0243464589118957,0.9592627552577428,6.689364063694994e-11,-0.01217322945594785,STROMA
47,16521.0,7594.0,other,0.0413293457031249,-0.0732969360351562,0.7803455788748604,7.091968649994054e-11,-0.0366484680175781,STROMA
48,12497.0,7583.0,other,0.1554491642543249,0.0002023549079895,0.9889499827793664,3.8969866774478887e-10,0.00010117745399475,STROMA
49,15910.0,10021.0,other,0.0095676694597516,0.0410381120443344,0.9393937301635742,2.3024411332840054e-10,0.0205190560221672,STROMA
50,8869.0,9654.0,stroma_enriched,0.007821489061628,0.2009078664779663,1.5061558314732144,4.596566437240147e-11,0.10045393323898315,STROMA
51,10885.0,8504.0,other,0.246927146911621,-0.1300603942871094,0.5656662259783064,2.0088929947997e-11,-0.0650301971435547,MIXED
52,12088.0,9895.0,stroma_enriched,0.2702974646432059,0.0634812450408935,1.9071548352922711,4.974915200560404e-10,0.03174062252044675,STROMA
53,9071.0,9539.0,stroma_enriched,0.0802808543613977,0.2285588335990905,1.7917412349155972,9.749298451728335e-10,0.11427941679954524,STROMA
54,14507.0,8051.0,other,0.1518790326799666,-0.0836487579345703,1.1119163404192245,1.8942228860755975e-11,-0.04182437896728515,STROMA
55,13704.0,7587.0,other,-0.0346670695713586,0.0390457480549812,0.9698332486833844,3.3084332345591217e-11,0.0195228740274906,STROMA
56,12692.0,9781.0,interface_like,0.4378130340576172,0.0185008876323699,1.6559415653773717,5.085055577436173e-09,0.00925044381618495,STROMA
57,12094.0,7813.0,stroma_enriched,0.2855903679983955,0.0286958247423172,1.4749234880719866,2.1071995487460428e-10,0.0143479123711586,STROMA
58,8871.0,8961.0,stroma_enriched,-0.3440904344831195,0.6414863781929017,1.5256780024937222,3.1155264285258135e-09,0.32074318909645083,IMMUNE_ACTIVE
59,16317.0,8403.0,other,0.2855729293823241,-0.0854618453979492,0.5213263811383928,8.352988177936549e-11,-0.0427309226989746,MIXED
60,10482.0,8734.0,stroma_enriched,0.0938590621948243,0.0063961952924728,1.5278518785749162,1.5404718310483813e-11,0.0031980976462364,STROMA
61,14300.0,10248.0,interface_like,0.6343122318812779,0.1166973713636398,0.857864281790597,2.768211658203127e-09,0.0583486856818199,TUMOR
62,13701.0,8743.0,other,0.0167722266060965,0.0580296155214309,0.7943857628958566,5.514559791619886e-11,0.02901480776071545,STROMA
63,11890.0,8622.0,interface_like,0.2686234555925642,0.1074063961505889,0.8420800999232703,5.936878335623363e-10,0.05370319807529445,STROMA
64,10686.0,7694.0,other,-0.4173120716639927,0.0694111919403076,0.78349244253976,3.512698249803138e-09,0.0347055959701538,STROMA
65,9476.0,8615.0,stroma_enriched,0.2596554946899414,0.507490309715271,1.5385455976213729,5.771828626810101e-09,0.2537451548576355,STROMA
66,8868.0,10348.0,stroma_enriched,0.1805988420758928,0.1838754057884216,1.3244741439819336,3.866438293339848e-11,0.0919377028942108,STROMA
67,13905.0,7703.0,other,0.1040894535609655,-0.1119142913818359,0.7685966328212194,5.3071789291821206e-11,-0.05595714569091795,STROMA
68,9873.0,10698.0,interface_like,0.4381007276262556,-0.0582603492736816,1.5868255397251674,8.679999548794953e-10,-0.0291301746368408,STROMA
69,12497.0,7352.0,other,0.0315453720092773,-0.101088134765625,0.2626280430385045,1.512465561866092e-09,-0.0505440673828125,MIXED
70,14511.0,6895.0,stroma_enriched,0.1639447293962752,-0.0944364929199218,1.39414304460798,9.033595909004956e-12,-0.0472182464599609,STROMA
71,10684.0,8388.0,other,0.1036501475742883,-0.1187935485839843,1.0448354067121233,3.590676625049069e-11,-0.05939677429199215,STROMA
72,15112.0,7706.0,other,0.136932487487793,-0.0272483470141887,0.139093905857631,6.469318278823262e-12,-0.01362417350709435,MIXED
73,12090.0,9201.0,other,0.1584796197073799,0.0188571173548698,0.8534845897129603,1.4936151332160198e-10,0.0094285586774349,STROMA
74,11492.0,7234.0,other,0.2707537078857422,-0.0034555686712264,0.8683180618286133,1.8384734943767783e-09,-0.0017277843356132,STROMA
75,15110.0,8400.0,other,0.1997959300449916,-0.018790220528841,0.7430678176879882,1.030555458692493e-12,-0.0093951102644205,STROMA
76,9471.0,10466.0,interface_like,0.3362690462384904,0.0981059042215347,1.065147247314453,3.959563327088616e-09,0.04905295211076735,STROMA
77,14305.0,8398.0,interface_like,-0.1928898484366279,0.1072637320756912,1.033286416190011,2.8068966892778483e-10,0.0536318660378456,STROMA
78,12900.0,7353.0,other,0.0398372050694055,-0.0061386744976043,-0.2202835518973214,5.0999487876044904e-11,-0.00306933724880215,MIXED
79,15109.0,8862.0,other,0.2565092359270369,-0.0737323455810546,0.5908682087489537,1.573831447636615e-11,-0.0368661727905273,MIXED
80,15106.0,10019.0,tumor_enriched,0.8710304205758228,-0.0043705362081527,0.1430922971452985,1.9953455676721038e-10,-0.00218526810407635,TUMOR
81,16516.0,9213.0,other,0.0833803830827986,-0.0688903198242187,1.1466677965436662,1.2716622902791064e-11,-0.03444515991210935,STROMA
82,15909.0,10483.0,interface_like,0.5897810145786829,0.3585939972400665,1.1001661246163503,1.5933823430009314e-08,0.17929699862003326,STROMA
83,14704.0,9555.0,other,0.3744080189296179,-0.0631539421081543,0.3915694427490234,1.1781263824452712e-10,-0.03157697105407715,MIXED
84,15510.0,9095.0,interface_like,0.3952114922659737,0.1284330738782882,1.5092026955740794,8.933191738164426e-10,0.0642165369391441,STROMA
85,11287.0,8505.0,other,0.2447731617518835,-0.0283318490386009,0.6766912351335799,7.998991067217706e-11,-0.01416592451930045,STROMA
86,9880.0,7923.0,stroma_enriched,-0.3780384404318673,0.3664927611351013,1.273771171569824,8.415422061500381e-10,0.18324638056755066,STROMA
87,14504.0,9208.0,stroma_enriched,0.1651047951834541,-0.0553293419778347,1.3834903281075612,4.628925118261161e-11,-0.02766467098891735,STROMA
88,12895.0,9203.0,other,0.0969425528390066,0.0420134379863739,0.9522371183122909,1.5018807073231107e-10,0.02100671899318695,STROMA
89,9273.0,9193.0,stroma_enriched,0.2230658013480049,0.1831457960605621,1.7394184221540177,1.0131998954548084e-10,0.09157289803028106,STROMA
90,8870.0,9423.0,stroma_enriched,0.0179093933105469,0.1163516665697097,2.3025904955182757,3.1984471742623775e-10,0.05817583328485485,STROMA
91,10481.0,8965.0,stroma_enriched,0.0730794198172433,0.0073226214051246,1.2384741755894253,1.0626737813758896e-11,0.0036613107025623,STROMA
92,16520.0,7826.0,other,0.4032702255249023,0.025601512312889,0.7582648468017578,2.2276432653309614e-11,0.0128007561564445,STROMA
93,16314.0,9559.0,other,0.1246524729047502,-0.1057679214477539,0.3367793982369559,6.731299086412044e-10,-0.05288396072387695,MIXED
94,15314.0,7360.0,other,0.1679943847656249,-0.080895263671875,0.7139828545706612,3.191189146325015e-12,-0.0404476318359375,STROMA
95,15715.0,7823.0,stroma_enriched,0.3040981129237585,-0.0042316960692405,1.309768785749163,2.8767761872676394e-12,-0.00211584803462025,STROMA
96,10883.0,9198.0,other,0.0272031566074915,-0.0483235079944133,0.6863183975219727,3.981627192582202e-11,-0.02416175399720665,STROMA
97,15308.0,9441.0,interface_like,0.6047976793561662,0.0549292672872543,1.4774480874197824,1.1311484181092227e-09,0.02746463364362715,TUMOR
98,13903.0,8165.0,other,0.1533199746268136,0.0307249453663825,0.5520206178937639,1.8676067266383585e-11,0.01536247268319125,MIXED
99,11686.0,9662.0,other,0.3817358943394251,-0.041026389837265,0.3003863198416573,1.7088619013887681e-12,-0.0205131949186325,MIXED
100,12293.0,8392.0,other,-0.1432270213535853,-0.0317100783586502,0.5339819008963448,1.16623676764413e-10,-0.0158550391793251,MIXED
101,11687.0,9431.0,other,-0.0251442173549107,-0.0387003935277462,0.6617644555228097,2.5703914692491055e-11,-0.0193501967638731,STROMA
102,14508.0,7820.0,other,0.0086659567696707,-0.0152799682021141,0.965644018990653,1.9818859436614678e-11,-0.00763998410105705,STROMA
103,15107.0,9325.0,other,0.4777790069580079,-0.069599365234375,1.3306897572108676,3.80808053487494e-10,-0.0347996826171875,STROMA
104,13500.0,8395.0,other,0.0078093120029993,-0.0969923934936523,0.6301869910103934,3.968021087731385e-11,-0.04849619674682615,STROMA
105,13900.0,9322.0,other,0.4092552076067244,-0.0220161535739898,1.233584611075265,1.6176575518084108e-10,-0.0110080767869949,STROMA
106,10283.0,7693.0,stroma_enriched,-0.159855853489467,-0.0412457733154296,1.423694512503488,2.618465380883295e-10,-0.0206228866577148,STROMA
107,13301.0,7817.0,other,0.0550550678798131,-0.0227428595423698,0.6743684496198381,5.2400811035625524e-12,-0.0113714297711849,STROMA
108,14906.0,9440.0,stroma_enriched,0.344035143171038,-0.0894500350952148,1.2344157682146344,8.425015185690449e-11,-0.0447250175476074,STROMA
109,13907.0,7009.0,stroma_enriched,-0.0798083577837263,-0.0142653471827507,1.319645184108189,3.222938069937634e-11,-0.00713267359137535,STROMA
110,10872.0,12898.0,stroma_enriched,-0.2321345520019531,0.2617665731906891,1.8190528542654856,1.5751097030199463e-10,0.13088328659534454,STROMA
111,10478.0,10121.0,tumor_enriched,0.6196574565342494,0.0665521913766861,0.2257020241873604,1.2160814130134419e-10,0.03327609568834305,TUMOR
112,13902.0,8859.0,other,-0.0039993885585241,-0.0863833618164062,0.748309816632952,5.512531471938593e-10,-0.0431916809082031,STROMA
113,13099.0,8163.0,other,-0.1592072187151227,-0.0426680702269077,1.1121850912911548,3.1951504351026106e-11,-0.02133403511345385,STROMA
114,9272.0,9656.0,interface_like,0.4520252554757256,0.0199505053758621,1.3833125632149832,1.2383717525279744e-08,0.00997525268793105,STROMA
115,16513.0,10369.0,tumor_enriched,0.6418329075404576,-0.061593635559082,0.2690128571646554,2.2865017250811212e-09,-0.030796817779541,TUMOR
116,17121.0,8868.0,other,0.5821422958374023,-0.0846185607910156,0.6986803436279296,1.52506621119457e-11,-0.0423092803955078,STROMA
117,12496.0,7814.0,stroma_enriched,0.1705136762346542,-0.0977303314208984,1.7526145608084545,9.187922938231419e-10,-0.0488651657104492,STROMA
118,16715.0,10023.0,other,0.0123150798252649,0.1266661245822906,0.7274718965802873,1.2415061192786123e-09,0.0633330622911453,STROMA
119,8871.0,9192.0,stroma_enriched,0.12966557094029,0.3852863941192627,1.4657124764578686,1.4037321487678567e-09,0.19264319705963134,STROMA
120,10076.0,9889.0,other,0.3363140760149274,-0.0575859289169311,1.216489334106445,3.3320248978631413e-11,-0.02879296445846555,STROMA
121,14708.0,8399.0,stroma_enriched,0.1574160003662108,0.0614809167385101,1.632748064313616,2.53405830984417e-11,0.03074045836925505,STROMA
122,16514.0,10138.0,other,0.2528550011771066,0.2179748117923736,0.9252931758335656,4.892594355062839e-09,0.1089874058961868,STROMA
123,10882.0,9429.0,other,0.2390390014648438,-0.0795007858276367,0.3801088278634208,8.265404920527186e-11,-0.03975039291381835,MIXED
124,12697.0,7931.0,other,0.2671045521327428,-0.010466649711132,0.5979457201276506,1.6371757878434407e-11,-0.005233324855566,MIXED
125,13298.0,8973.0,other,0.0230063193184988,-0.039193380922079,0.8192655072893416,1.0579879167217964e-12,-0.0195966904610395,STROMA
126,15711.0,9211.0,other,0.4600745664324079,-0.0494076309204101,0.9300844355991909,1.8743101145666311e-10,-0.02470381546020505,STROMA
127,15709.0,10136.0,tumor_enriched,0.8043425151279994,-0.0380898551940918,0.7197399847848075,1.1589369687667695e-09,-0.0190449275970459,TUMOR
128,14505.0,8745.0,other,0.2189515795026506,-0.107133804321289,0.3485609381539482,6.058326402491775e-11,-0.0535669021606445,MIXED
129,9275.0,8499.0,stroma_enriched,0.036833438873291,0.3236711590290069,1.7161120169503348,4.1760531891544375e-10,0.16183557951450345,STROMA
130,14307.0,7935.0,other,0.251363776070731,-0.0639833790063858,0.9331133379255022,1.7294484872977916e-11,-0.0319916895031929,STROMA
131,9475.0,9078.0,stroma_enriched,0.0950285066877093,-0.0646492691040039,1.4544082151140487,1.6789125484567944e-10,-0.03232463455200195,STROMA
132,6058.0,7565.0,other,-0.6932947540283203,0.4482044024467468,0.8961074120657784,2.276027794585844e-09,0.2241022012233734,STROMA
133,16917.0,9677.0,tumor_enriched,0.5769321768624442,-0.057480369567871,0.5207558822631836,5.545056889989958e-10,-0.0287401847839355,MIXED
134,15510.0,9326.0,other,0.2538946969168526,-0.0650436096191406,1.1279515620640348,2.5904439367871613e-10,-0.0325218048095703,STROMA
135,15915.0,8402.0,other,0.2892604010445732,0.0349993011951446,0.8452702930995397,7.880665654988577e-12,0.0174996505975723,STROMA
136,11689.0,8506.0,other,-0.0619436754499163,-0.1025471878051757,0.8842361613682337,2.1707634601486755e-10,-0.05127359390258785,STROMA
137,10881.0,9891.0,other,0.5072175107683454,-0.0163481152057647,0.6991476385934012,9.43042851035847e-12,-0.00817405760288235,STROMA
138,5048.0,9066.0,other,-0.1614398765563964,0.2609375309944153,0.9243175833565848,1.218975556678499e-09,0.13046876549720765,STROMA
139,9677.0,8500.0,interface_like,0.4197856739589147,-0.0638025779724121,1.9237792096819195,1.2071104627848502e-08,-0.03190128898620605,STROMA
140,16111.0,10137.0,other,0.0917767551967075,-0.0351491661071777,0.4148590196881975,7.976446583722301e-09,-0.01757458305358885,MIXED
141,13499.0,8858.0,other,0.2561704799107143,-0.1021063003540039,0.9672121102469308,3.4741574003431635e-11,-0.05105315017700195,STROMA
142,11485.0,9777.0,other,0.3318916593279157,-0.095721923828125,0.7984164428710937,1.0032366460322266e-11,-0.0478609619140625,STROMA
143,15114.0,7012.0,other,0.2106145259312219,-0.0990102157592773,0.8967227554321289,4.378863891195599e-11,-0.04950510787963865,STROMA
144,17324.0,8059.0,other,0.5682981491088868,-0.0677480316162109,0.6471426282610213,1.1510804826842528e-10,-0.03387401580810545,STROMA
145,16317.0,8634.0,other,0.34809997013637,-0.073278694152832,1.091055199759347,3.649194430853668e-10,-0.036639347076416,STROMA
146,11281.0,10586.0,tumor_enriched,0.6188376944405691,0.0501674585342407,0.4657815987723214,1.2158573587287564e-10,0.02508372926712035,TUMOR
147,14099.0,10363.0,interface_like,0.2689377975463867,0.1036299098730087,0.9744516372680664,1.4776052943613823e-09,0.05181495493650435,STROMA
148,11489.0,8159.0,other,-0.0119362095424107,-0.030796881198883,0.8119070652553014,6.366340014745646e-11,-0.0153984405994415,STROMA
149,13098.0,8394.0,other,0.1289381408691405,-0.010586569070816,0.8410437665666853,5.0183009639325454e-12,-0.005293284535408,STROMA
150,10280.0,8849.0,other,0.0788014439174107,-0.0430734608769416,1.1007481493268694,2.0029965783015595e-11,-0.0215367304384708,STROMA
151,13101.0,7238.0,other,0.0325357328142439,-0.0852342224121093,0.1694693047659737,1.6113963295184502e-10,-0.04261711120605465,MIXED
152,9675.0,9425.0,stroma_enriched,0.3190024566650391,0.0061356809139251,1.7802395738874162,1.475727758586539e-10,0.00306784045696255,STROMA
153,8466.0,9885.0,stroma_enriched,0.0626851599557059,0.2166642529964447,1.7657677786690846,2.0786798571011743e-11,0.10833212649822235,STROMA
154,14704.0,9786.0,tumor_enriched,0.6472977556501116,-0.0268957590460777,0.2088460295540946,2.3617059075182344e-10,-0.01344787952303885,TUMOR
155,11690.0,8275.0,other,0.076569606236049,-0.0411362844407558,0.5535394396100725,1.0468914142023919e-10,-0.0205681422203779,MIXED
156,13703.0,8049.0,other,0.1535996900285994,-0.0377065732777118,0.3001169967651367,3.753250218810799e-12,-0.0188532866388559,MIXED
157,9876.0,9310.0,other,0.2461763163975305,0.0281979774236679,0.9173328508649552,3.927310250808579e-11,0.01409898871183395,STROMA
158,13503.0,7470.0,other,0.2066281509399414,-0.0442972932755947,0.924354030064174,1.3115802043697626e-11,-0.02214864663779735,STROMA
159,7066.0,6990.0,stroma_enriched,-0.7358710077830724,0.5328719158172608,2.233999611990793,8.874827547075389e-11,0.2664359579086304,STROMA
160,10075.0,10120.0,other,0.3211289542061941,0.0292553483247756,0.7604815728323799,7.448986671100044e-11,0.0146276741623878,STROMA
161,11892.0,8160.0,other,0.1928046907697405,-0.0484343667924404,0.836481225149972,2.675360635444491e-10,-0.0242171833962202,STROMA
162,12490.0,10127.0,stroma_enriched,-0.0934696442740303,0.1214420541524887,1.8619619206019808,6.494891052820149e-10,0.06072102707624435,STROMA
163,14708.0,8167.0,other,0.1180636433192663,-0.0209375106096267,0.7029863085065569,5.346814495717059e-12,-0.01046875530481335,STROMA
164,8869.0,9886.0,stroma_enriched,0.1290383366176062,0.2103843789100647,1.5482490539550782,4.543592424200177e-11,0.10519218945503235,STROMA
165,11082.0,9776.0,tumor_enriched,0.6616258021763393,-0.0498418751955032,0.2106656347002302,9.515570522856413e-12,-0.0249209375977516,TUMOR
166,12092.0,8276.0,other,-0.0819601004464285,0.0384384698867797,0.8920823451450892,6.977504002124971e-10,0.01921923494338985,STROMA
167,10682.0,9081.0,other,-0.2346441650390625,-0.061895012229681,1.1959625407627652,5.1893072691132005e-11,-0.0309475061148405,STROMA
168,7267.0,7106.0,stroma_enriched,-0.4713064609255109,0.1488269814252853,2.1504988425118583,1.1451153523374218e-10,0.07441349071264265,STROMA
169,13903.0,8396.0,other,0.1732005964006697,-0.0112224184274673,0.7681106676374162,1.3495298134918784e-11,-0.00561120921373365,STROMA
170,14501.0,10364.0,other,0.5049860000610351,0.1281126632690429,0.5071120125906807,1.6614284820990667e-10,0.06405633163452144,MIXED
171,10077.0,9427.0,other,0.3177986907958985,-0.0440113459825515,0.7128462382725306,3.054538412784461e-11,-0.02200567299127575,STROMA
172,10879.0,10354.0,tumor_enriched,0.8420963614327568,-0.0874157104492187,0.504672737121582,4.994167837592368e-11,-0.04370785522460935,TUMOR
173,10679.0,10006.0,other,0.4306198719569616,0.0172660895586013,0.4967359760829382,1.8631110702760928e-11,0.00863304477930065,MIXED
174,14106.0,7588.0,other,0.321821071079799,-0.0982298431396484,0.3709377506801061,8.270827783534037e-12,-0.0491149215698242,MIXED
175,5249.0,9413.0,stroma_enriched,-0.4206707545689174,-0.0080292568206787,1.2587404305594307,8.273045883607089e-11,-0.00401462841033935,STROMA
176,13504.0,7239.0,interface_like,0.1255944497244698,0.0277922990322113,1.1232057135445732,4.675412771316033e-11,0.01389614951610565,STROMA
177,11288.0,8274.0,other,0.0968814250401086,-0.056237639516592,0.3735126822335379,5.02045294784575e-12,-0.028118819758296,MIXED
178,7268.0,6875.0,stroma_enriched,-0.3472726127079555,0.269215927362442,2.0280695452008928,1.6085445587316522e-10,0.134607963681221,STROMA
179,8873.0,8498.0,stroma_enriched,0.0793569592067173,0.3667909994125366,1.8202804456438335,3.0338454295217023e-10,0.1833954997062683,STROMA
180,9679.0,8038.0,stroma_enriched,-0.4142417635236467,0.1338450988531112,2.040261328560965,5.029239839105999e-10,0.0669225494265556,STROMA
181,16722.0,7479.0,interface_like,0.108119659423828,0.1234724172353744,1.0539265060424805,5.876808305476006e-10,0.0617362086176872,STROMA
182,9675.0,9194.0,other,0.1280660683768135,0.1900506939888,0.9553679656982422,5.137827487720997e-11,0.0950253469944,STROMA
183,14907.0,9209.0,other,0.2234835052490233,-0.0530941387414932,0.9856551252092636,4.9332442537094414e-11,-0.0265470693707466,STROMA
184,14100.0,9900.0,other,-0.1542211805071149,-0.0540055770874023,1.0767611258370535,1.911277547429048e-10,-0.02700278854370115,STROMA
185,12290.0,9548.0,other,0.4862595803397043,0.0029940468668937,0.7193339157104492,2.7851130197001335e-10,0.00149702343344685,STROMA
186,13299.0,8510.0,other,0.3565892246791295,-0.0641044857501983,0.3596612494332449,6.584288247514689e-11,-0.03205224287509915,MIXED
187,17120.0,9099.0,other,0.3141725376674107,-0.018840114057064,0.2317132541111536,3.3924643722400484e-11,-0.009420057028532,MIXED
188,12090.0,8970.0,other,0.2585537120274135,-0.0197637644708156,0.530250118800572,8.12068847766504e-12,-0.0098818822354078,MIXED
189,15306.0,10135.0,stroma_enriched,-0.0388349369594028,0.0882480385303497,1.3731376429966518,1.8708140325376744e-10,0.04412401926517485,STROMA
190,12092.0,8507.0,other,0.3264991651262556,-0.0837316284179687,0.910645648411342,2.687167888372054e-10,-0.04186581420898435,STROMA
191,9478.0,7922.0,stroma_enriched,-0.1923586000714984,0.1117935863733291,2.741848793029785,1.4037739185059635e-10,0.05589679318666455,STROMA
192,13499.0,9089.0,other,0.034780055454799,-0.0346105366647243,0.3103990936279297,5.000485234114538e-11,-0.01730526833236215,MIXED
193,11284.0,9430.0,other,0.051634417942592,-0.0463768532574176,0.0675342396327427,6.1009192452633346e-12,-0.0231884266287088,MIXED
194,16517.0,8751.0,interface_like,0.4509983444213867,0.0364227492213249,1.225505578177316,1.1329761144853484e-09,0.01821137461066245,STROMA
195,8673.0,7919.0,stroma_enriched,-0.3675268936157226,-0.0505461235046386,1.5266433824811665,3.213457302161878e-09,-0.0252730617523193,STROMA
196,8875.0,7804.0,interface_like,0.0683289555140904,0.3825630340576172,1.0112875638689314,8.769786867438972e-09,0.1912815170288086,STROMA
197,10682.0,8850.0,other,0.2398767416817802,-0.0032531556487083,0.9520287159511022,6.148522895256183e-12,-0.00162657782435415,STROMA
198,13302.0,7354.0,stroma_enriched,-0.0001794106619699,-0.0898688659667968,1.2181451198032924,3.0896123839951056e-11,-0.0449344329833984,STROMA
199,15914.0,8865.0,other,0.4532143947056359,-0.0731036148071289,1.3106682913643972,3.18017470830906e-12,-0.03655180740356445,STROMA
200,5856.0,8143.0,other,-0.5418768692016601,-0.0264192657470703,0.9409521647862024,5.06925991047159e-10,-0.01320963287353515,STROMA
201,13697.0,9899.0,other,0.3898418154035294,0.0214575330615043,0.6915150124686105,2.0870180169220814e-10,0.01072876653075215,STROMA
202,12893.0,9666.0,stroma_enriched,-0.0772727748325892,-0.0049975379705429,1.279740175519671,8.239471792449795e-10,-0.00249876898527145,STROMA
203,11284.0,9661.0,other,0.3634850093296595,-0.0823587341308593,0.5848769106183732,9.547820800861472e-12,-0.04117936706542965,MIXED
204,14103.0,8744.0,stroma_enriched,-0.1350571305411201,-0.0506934563815593,1.6371478598458424,9.158962482436615e-11,-0.02534672819077965,STROMA
205,9473.0,9541.0,interface_like,0.0630168533325195,0.025459666609764,1.1745637130737303,2.0798089889231303e-09,0.012729833304882,STROMA
206,16112.0,9675.0,other,0.1776405715942381,-0.0555962409973144,0.7169557625906807,1.8553966389626166e-09,-0.0277981204986572,STROMA
207,17121.0,8637.0,tumor_enriched,0.5263280487060547,-0.0426192135512828,0.4212772696358817,3.786250350444943e-12,-0.0213096067756414,MIXED
208,14904.0,10134.0,other,0.4199997929164343,-0.0418751411437988,0.9393003136771064,1.9612132025379543e-10,-0.0209375705718994,STROMA
209,10881.0,9660.0,tumor_enriched,0.3984640284946985,-0.0472395170629024,0.1919203894478934,1.3340114949760556e-11,-0.0236197585314512,MIXED
210,9881.0,7692.0,other,0.2896232986450195,-0.0273302497863769,0.4785326222011022,2.867434161825734e-10,-0.01366512489318845,MIXED
211,15106.0,9787.0,tumor_enriched,0.7897348567417688,-0.107495849609375,0.1438188280378068,8.212412647085969e-11,-0.0537479248046875,TUMOR
212,17119.0,9330.0,tumor_enriched,0.4226030349731445,-0.0213815653324127,0.1264416176932198,6.976430427719969e-11,-0.01069078266620635,MIXED
213,13497.0,9552.0,stroma_enriched,0.2421853092738561,0.0117966219782829,1.2499351174490796,8.325456768610105e-11,0.00589831098914145,STROMA
214,13702.0,8280.0,other,0.2403875459943498,0.0420353049635887,0.7635307965959822,2.423987046514814e-11,0.02101765248179435,STROMA
215,10279.0,9080.0,other,0.0207362474714005,-0.0977726287841797,1.044480727059501,3.0301303678426517e-11,-0.04888631439208985,STROMA
216,5858.0,7449.0,immune_enriched,-0.27196533203125,0.5379958152770996,0.4358300290788922,8.265603975369947e-10,0.2689979076385498,MIXED
217,10885.0,8272.0,stroma_enriched,0.3194405255998884,-0.018044755578041,1.2938550785609653,3.8331050194735296e-11,-0.0090223777890205,STROMA
218,14107.0,7356.0,other,0.2552979605538505,-0.0926281051635742,0.2030885968889509,6.3272098153596825e-12,-0.0463140525817871,MIXED
219,9875.0,9773.0,stroma_enriched,-0.0944399370465958,-0.0779113336205482,1.9981400190080916,5.7715332111526625e-11,-0.0389556668102741,STROMA
220,16922.0,7827.0,other,0.3199081584385461,0.0285231266617774,0.4871078273228235,5.5293986601219514e-11,0.0142615633308887,MIXED
221,16518.0,8519.0,interface_like,0.2133325958251952,0.0823890956640243,1.1044586399623326,1.217515964516744e-09,0.04119454783201215,STROMA
222,13094.0,9782.0,stroma_enriched,0.1597509329659598,0.2570855937004089,2.1366632298060826,3.593785768619978e-10,0.12854279685020445,STROMA
223,10079.0,8964.0,stroma_enriched,-0.0638248879568916,-0.026499721288681,1.7245294189453126,2.6254436169141105e-11,-0.0132498606443405,STROMA
224,14308.0,7473.0,other,0.2281392342703683,-0.0860404357910156,0.1874874632699149,8.501652589788442e-13,-0.0430202178955078,MIXED
225,12694.0,9087.0,other,0.2684314182826453,-0.0941852188110351,1.080348788670131,8.139268702438955e-11,-0.04709260940551755,STROMA
226,9271.0,9887.0,stroma_enriched,-0.0244205311366489,0.1064573023319244,1.5983779907226563,2.4554071687970055e-09,0.0532286511659622,STROMA
227,11285.0,9199.0,other,0.2717137908935547,-0.1086146011352539,1.0555961881365097,5.173642022646385e-11,-0.05430730056762695,STROMA
228,8667.0,10232.0,stroma_enriched,-0.0783767018999372,0.2476168332099914,1.4862062290736606,2.465069032094112e-11,0.1238084166049957,STROMA
229,10477.0,10353.0,tumor_enriched,0.5430248369489397,-0.0616868640482425,0.0200942720685687,2.8064906664782223e-11,-0.03084343202412125,MIXED
230,16117.0,8056.0,tumor_enriched,0.4082447052001954,-0.0843334426879882,0.3282960510253906,8.799198356952156e-12,-0.0421667213439941,MIXED
231,17325.0,7828.0,other,0.2615122876848494,-0.0704071578979492,0.3727765492030553,1.3186038293647738e-10,-0.0352035789489746,MIXED
232,16922.0,8058.0,stroma_enriched,0.0038572910853795,0.0218574342131614,1.4181156267438615,5.66810705418419e-10,0.0109287171065807,STROMA
233,15313.0,7822.0,other,0.1777437155587333,-0.0838134613037109,1.0358003725324356,4.69212394186327e-12,-0.04190673065185545,STROMA
234,13502.0,7933.0,other,0.0591685049874441,-0.0314692750871181,0.7057979856218611,5.5463195880738686e-12,-0.01573463754355905,STROMA
235,10276.0,10237.0,other,0.3064950016566685,-0.0780723851323127,0.9737165233067104,1.821878485863704e-11,-0.03903619256615635,STROMA
236,14903.0,10365.0,other,-0.0860176249912807,-0.0295844230651855,0.7102684129987443,1.9178530980361958e-10,-0.01479221153259275,STROMA
237,10282.0,8155.0,other,-0.1424410820007324,0.0821514238119125,1.063643079485212,7.637432790942347e-11,0.04107571190595625,STROMA
238,10887.0,7810.0,other,0.2960261644635882,0.0560736471414566,0.5675769805908203,1.018926228372577e-09,0.0280368235707283,MIXED
239,15308.0,9672.0,other,0.6971203395298549,-0.0395719680786132,0.8045618384225028,8.995816728224226e-11,-0.0197859840393066,TUMOR
240,13703.0,7818.0,other,0.1120705086844306,0.0094605401158332,0.6542567770821708,7.91902367282152e-12,0.0047302700579166,STROMA
241,11087.0,8157.0,other,0.200387453351702,-0.0388081957101821,0.6658981704711914,9.212429848781908e-11,-0.01940409785509105,STROMA
242,15108.0,9094.0,other,0.0957749121529716,-0.0253972023129463,0.3670741162981307,2.1301056607817555e-10,-0.01269860115647315,MIXED
243,11083.0,9545.0,other,0.231551775251116,-0.08297119140625,0.704037960597447,2.3118311978673757e-11,-0.041485595703125,STROMA
244,11086.0,8389.0,other,0.1430605152675084,-0.0596440622508525,0.7002346202305384,1.6606891152653755e-11,-0.02982203112542625,STROMA
245,9271.0,10118.0,stroma_enriched,0.1688989584786551,0.2122101836204528,1.3757613481794084,7.11278311350701e-10,0.1061050918102264,STROMA
246,10684.0,8156.0,other,0.2571682575770788,-0.022607012450695,0.9671793093000138,2.094981153085481e-10,-0.0113035062253475,STROMA
247,9072.0,9077.0,stroma_enriched,0.2903977748325892,0.1074814883470535,1.881874313354492,1.508540153589563e-09,0.05374074417352675,STROMA
248,13902.0,8628.0,stroma_enriched,-0.0654120690482003,0.0003555495738983,1.3091447939191545,1.3466975562859226e-11,0.00017777478694915,STROMA
249,14912.0,7359.0,other,0.1183563940865652,-0.1017980728149414,0.3617472185407365,4.921979785710296e-12,-0.0508990364074707,MIXED
250,9677.0,8732.0,stroma_enriched,-0.0190535926818847,-0.0957712860107421,1.279400040762765,4.151673483301454e-09,-0.04788564300537105,STROMA
251,12895.0,8972.0,other,0.1577687290736609,-0.0171799422502517,1.1148138536725725,1.3813067423571199e-11,-0.00858997112512585,STROMA
252,17124.0,7712.0,tumor_enriched,0.7744350923810686,0.0553972665071487,0.7361923762730189,1.4308794449428283e-10,0.02769863325357435,TUMOR
253,9274.0,8731.0,stroma_enriched,-0.0498939677647182,-0.0478856925964355,2.0061995479038783,1.0368431598034742e-09,-0.02394284629821775,STROMA
254,14905.0,9902.0,tumor_enriched,0.5478525979178293,0.0478029260039329,0.4109067807878768,5.3946151223596645e-11,0.02390146300196645,MIXED
255,12692.0,9549.0,stroma_enriched,-0.2439618056161063,0.0126595481038093,1.6681738717215404,3.800805874540592e-09,0.00632977405190465,STROMA
256,16315.0,9328.0,other,0.1351000976562499,-0.0678588104248046,0.4826001576014929,2.264678566553628e-11,-0.0339294052124023,MIXED
257,14706.0,8861.0,stroma_enriched,0.1057303510393414,0.0337702506780624,1.6069605909075055,4.608962093965094e-11,0.0168851253390312,STROMA
258,14910.0,8052.0,other,0.3366423906598772,-0.0152940205335617,0.6172680936540876,3.3359891668353066e-12,-0.00764701026678085,STROMA
259,16917.0,9908.0,stroma_enriched,0.0935549708775111,-0.0456369132995605,1.253648109436035,2.4084789661153414e-10,-0.02281845664978025,STROMA
260,14307.0,7704.0,other,0.215056517464774,-0.0214771438837051,0.577172143118722,4.2413191821764884e-12,-0.01073857194185255,MIXED
261,8064.0,9884.0,stroma_enriched,-0.0511474527631485,0.3959036891460419,1.7936207798549106,4.227726492197116e-11,0.19795184457302095,STROMA
262,14303.0,9323.0,other,0.5244643129621234,-0.0149353643655777,0.7306146948678153,2.1852264552552667e-11,-0.00746768218278885,STROMA
263,16718.0,9098.0,other,0.1053926903860908,-0.0556979942321777,1.0669503566196985,2.1600031474750393e-11,-0.02784899711608885,STROMA
264,11890.0,8853.0,other,0.1710352379935127,-0.0108099346160888,0.3404532623291015,2.2826346571381358e-11,-0.0054049673080444,MIXED
265,8669.0,9538.0,stroma_enriched,0.2763421957833427,0.2483433780670166,1.974586944580078,1.2342281519087035e-10,0.1241716890335083,STROMA
266,5050.0,8372.0,other,-0.5629273986816407,-0.0510662879943847,0.2147481863839286,7.174369413231065e-10,-0.02553314399719235,MIXED
267,13094.0,10013.0,stroma_enriched,0.1139618355887277,0.0504642313122749,1.341974836077009,3.4666382080625366e-11,0.02523211565613745,STROMA
268,12295.0,7930.0,interface_like,0.3248599406651087,0.1073019564151764,1.2068278121948244,2.116068418433583e-09,0.0536509782075882,STROMA
269,13097.0,8626.0,stroma_enriched,-0.0709383010864257,-0.0499420983791351,1.3693657084873747,1.5891645951643412e-11,-0.02497104918956755,STROMA
270,10278.0,9543.0,other,0.2942631585257393,0.0411027015447616,0.8580895287649972,1.4371499382007506e-11,0.0205513507723808,STROMA
271,16519.0,8288.0,other,0.2355198233468192,-0.0265939846038818,0.950360254560198,1.253595258678533e-10,-0.0132969923019409,STROMA
272,16716.0,9792.0,other,0.0724952043805803,-0.0548714294433593,0.8438671221051897,1.1297480338726835e-09,-0.02743571472167965,STROMA
273,12898.0,8047.0,other,0.2905891581944055,-0.0535648235380649,0.6574024200439453,1.329230147030916e-11,-0.02678241176903245,STROMA
274,10887.0,7579.0,interface_like,-0.0260945892333983,0.2478927874565124,1.041880166190011,6.7116469434841394e-09,0.1239463937282562,STROMA
275,10683.0,8619.0,other,0.1800254876273019,-0.0332051482796669,0.9364482280186244,6.3002432917466416e-12,-0.01660257413983345,STROMA
276,11886.0,10010.0,interface_like,0.6113051387241908,0.0179323839545249,1.0727262006487166,2.420588828359306e-09,0.00896619197726245,TUMOR
277,17122.0,8405.0,other,0.5029971694946289,-0.0098961194753646,0.7873597390311105,4.5429339968200326e-11,-0.0049480597376823,STROMA
278,14510.0,7126.0,other,0.2038468933105468,-0.0897239532470703,0.7101046316964286,7.267509527872973e-12,-0.04486197662353515,STROMA
279,14106.0,7819.0,other,0.3386350686209542,-0.1014900360107421,0.2458212552751814,1.3891598615387296e-11,-0.05074501800537105,MIXED
280,9473.0,9772.0,stroma_enriched,0.011123559134347,0.1674631922245025,1.5636709485735212,5.327999700165257e-10,0.08373159611225126,STROMA
281,11282.0,10355.0,other,0.3560170418875557,0.0437732995152473,0.7114033344813756,7.994659198295888e-11,0.02188664975762365,STROMA
282,14502.0,10133.0,other,0.5011163711547851,0.0370970393419265,0.5310901641845703,4.0754327165746575e-10,0.01854851967096325,MIXED
283,12291.0,9086.0,other,0.3880650275094168,-0.0756561508178711,-0.155150579724993,9.023299330795588e-11,-0.03782807540893555,MIXED
284,12495.0,8277.0,other,0.2506480080740791,-0.0250271050333976,0.6219797406877791,9.034548938412843e-12,-0.0125135525166988,STROMA
285,12297.0,7004.0,interface_like,0.3897439793178014,0.5252719674110413,1.5808597564697269,1.0274823121701716e-08,0.26263598370552066,STROMA
286,11084.0,9314.0,stroma_enriched,-0.2257767568315777,-0.0801888580322265,1.324378520420619,1.491423064190931e-10,-0.04009442901611325,STROMA
287,13096.0,9088.0,stroma_enriched,0.2969350160871233,-0.0222656548321247,1.66173097882952,1.5442031178530814e-12,-0.01113282741606235,STROMA
288,10879.0,10585.0,other,0.4398479080200195,-0.0948617858886718,0.7354269899640764,2.8543955355811163e-11,-0.0474308929443359,STROMA
289,13701.0,8512.0,stroma_enriched,0.0438569314139229,-0.0814529342651367,1.2410237993512834,1.3723464269670224e-11,-0.04072646713256835,STROMA
290,14102.0,8975.0,other,-0.3247791399274554,0.0719034652709961,1.0779143415178574,1.3141088220333415e-09,0.03595173263549805,STROMA
291,14911.0,7590.0,other,0.3449942888532364,-0.1015733184814453,0.5768546785627092,1.1898473449885031e-11,-0.05078665924072265,MIXED
292,15913.0,9096.0,other,0.1667023086547852,-0.0741961669921875,0.6575889260428293,8.261525536058893e-12,-0.03709808349609375,STROMA
293,15310.0,8747.0,interface_like,0.2470571681431361,0.0259013845920562,1.1675994219098773,5.954594419770745e-11,0.0129506922960281,STROMA
294,14503.0,9670.0,interface_like,0.500194309779576,0.1274014251232147,1.4890281459263393,2.1412684692857878e-10,0.06370071256160735,STROMA
295,9070.0,9771.0,stroma_enriched,-0.0193643733433312,0.432309330701828,1.264622007097517,1.201960160158313e-09,0.216154665350914,STROMA
296,15509.0,9789.0,other,0.3374685832432338,-0.0652956848144531,1.1618120193481445,3.168258143437632e-11,-0.03264784240722655,STROMA
297,12691.0,10012.0,stroma_enriched,-0.1792575808933804,0.0857882580757141,2.17283926827567,6.088405723224821e-10,0.04289412903785705,STROMA
298,10681.0,9313.0,interface_like,0.2303471592494421,0.0465105652809143,1.0270272173200334,3.3377247328491373e-10,0.02325528264045715,STROMA
299,14908.0,8746.0,other,0.4439021410260881,-0.084835823059082,1.1381778826032365,2.7828782256009838e-11,-0.042417911529541,STROMA
300,10888.0,7347.0,other,0.4450015095302038,-0.0741527557373046,0.8789086423601423,3.014157022766801e-09,-0.0370763778686523,STROMA
301,9073.0,8846.0,stroma_enriched,-0.523389026096889,0.1350506483316421,1.2453617640904016,1.658740480796434e-09,0.06752532416582105,STROMA
302,11684.0,10356.0,interface_like,0.4787271281651086,-0.0495042915344238,1.5425431823730469,1.7420165278914796e-10,-0.0247521457672119,STROMA
303,15311.0,8516.0,other,0.217442169189453,-0.0408157750666141,0.4351166316441126,2.457435956885465e-12,-0.02040788753330705,MIXED
304,16320.0,7478.0,other,0.084285648890904,-0.0594679794311523,0.6748328454153878,1.2582334126625591e-10,-0.02973398971557615,STROMA
305,10275.0,10699.0,interface_like,0.2638680703299385,0.0695253771543502,0.947290758405413,1.2488358303820907e-09,0.0347626885771751,STROMA
306,15513.0,8170.0,other,0.1538830457414899,-0.0740812072753906,0.4322545732770646,6.539384484224979e-12,-0.0370406036376953,MIXED
307,12695.0,8624.0,other,0.1333734348842077,-0.0336439504623413,0.6555552673339844,3.5382711149314096e-12,-0.01682197523117065,STROMA
308,15514.0,7707.0,other,0.3103677422659736,0.0271384868621826,0.7632939147949219,1.5832997883396718e-11,0.0135692434310913,STROMA
309,14105.0,8050.0,other,0.147887682233538,-0.0079602751731872,0.1935424750191825,1.3910296387787796e-11,-0.0039801375865936,MIXED
310,11491.0,7465.0,other,0.1169740676879882,0.0586874266862869,0.4471138599940709,1.1579001370296994e-10,0.02934371334314345,MIXED
311,12892.0,10128.0,other,0.3982969393048967,-0.0998054733276367,1.7950931876046314,2.474428993339192e-10,-0.04990273666381835,STROMA
312,11289.0,7811.0,interface_like,0.2009864316667831,0.0942296897172927,1.0524023818969723,5.048293946162736e-10,0.04711484485864635,STROMA
313,16318.0,7941.0,other,0.2020064217703683,-0.0626032600402832,0.4708458982195174,4.276020403307302e-12,-0.0313016300201416,MIXED
314,12696.0,8393.0,other,0.1459210804530553,-0.0604904419779777,0.8897252328055245,5.591572356201996e-12,-0.03024522098898885,STROMA
315,13905.0,7471.0,other,0.0954936000279016,-0.1123013458251953,0.5519186074393135,5.4191890090326056e-11,-0.05615067291259765,MIXED
316,8072.0,7108.0,stroma_enriched,-0.4713363701956612,0.491519784450531,2.9934111404418946,2.0012913877921828e-11,0.2457598922252655,STROMA
317,16920.0,8752.0,other,0.3029830551147461,-0.0137558694481849,0.7637217821393694,1.9594239325938117e-11,-0.00687793472409245,STROMA
318,15712.0,8980.0,other,0.2213418143136161,-0.0680343551635742,0.4217815835135323,2.3302888138805827e-11,-0.0340171775817871,MIXED
319,14705.0,9324.0,other,0.185278810773577,-0.0866677474975586,0.4148013578142439,7.514061959173198e-11,-0.0433338737487793,MIXED
320,14908.0,8515.0,other,0.240485943385533,0.0363180163502693,0.9718338993617468,1.8788818128387336e-11,0.01815900817513465,STROMA
321,11484.0,10009.0,tumor_enriched,0.845311677115304,-0.0589826278686523,0.7873590632847376,4.1421080800516446e-11,-0.02949131393432615,TUMOR
322,14912.0,7127.0,other,0.2764041355678015,-0.0985236663818359,0.2086736624581473,1.0767848905871276e-11,-0.04926183319091795,MIXED
323,16312.0,10253.0,interface_like,0.3595343344552176,0.1708424069881439,0.7038544137137277,1.5495293719919373e-08,0.08542120349407195,STROMA
324,11887.0,9778.0,other,0.3045621490478516,-0.0783171844482421,0.7352658571515764,4.3346683355666167e-10,-0.03915859222412105,STROMA
325,8264.0,10231.0,stroma_enriched,0.2717206736973352,0.24225341796875,1.5114228493826731,3.7448571036103806e-10,0.121126708984375,STROMA
326,7863.0,9767.0,stroma_enriched,-0.1886151613507952,0.3361927952766418,1.3869160134451732,2.701278923538247e-11,0.1680963976383209,STROMA
327,10080.0,8270.0,stroma_enriched,-0.2332208633422852,0.0470871762037277,1.5417329951695034,2.9566910988327576e-10,0.02354358810186385,STROMA
328,9879.0,8385.0,stroma_enriched,-0.5686950288500106,0.2409679310321807,1.5579376656668529,3.073189238616114e-09,0.12048396551609035,STROMA
329,14702.0,10249.0,other,0.3460928344726562,0.0843020695447921,0.5407701873779297,3.0085435004577715e-10,0.04215103477239605,MIXED
330,11085.0,8620.0,other,0.1472305188860212,-0.1199307174682617,0.903875846862793,1.4677544140423413e-10,-0.05996535873413085,STROMA
331,15716.0,7361.0,other,0.3215489741734094,-0.0702209014892578,0.43611328125,1.4040330991587113e-12,-0.0351104507446289,MIXED
332,9673.0,10119.0,stroma_enriched,0.2623162841796875,0.1828639178276062,1.5689965384347095,3.2395115091712483e-10,0.0914319589138031,STROMA
333,16313.0,10022.0,interface_like,0.8198168236868721,0.0956023092269897,1.2933981377737864,3.3009031958677615e-08,0.04780115461349485,TUMOR
334,10886.0,8041.0,other,0.1854497964041572,0.0552484700679779,0.6888168661934989,9.834000088461362e-11,0.02762423503398895,STROMA
335,10482.0,8503.0,other,0.1165040860857282,0.0679615120887756,0.9479513113839286,3.022714547732884e-11,0.0339807560443878,STROMA
336,17119.0,9562.0,interface_like,0.4764131600516182,0.1352351546287536,0.9170733370099748,1.0144919034382867e-09,0.0676175773143768,STROMA
337,15515.0,7476.0,other,0.3571742085048131,-0.072778953552246,0.949457026890346,2.5494082349921353e-12,-0.036389476776123,STROMA
338,11894.0,7235.0,stroma_enriched,-0.1820583016531807,0.2623706457614899,1.64563234601702,2.546462645166859e-09,0.13118532288074494,STROMA
339,13700.0,8974.0,other,-0.2596981539045061,-0.0099242509007453,0.8929391806466239,3.2509994029449867e-10,-0.00496212545037265,STROMA
340,13883.0,15566.0,other,-0.1076660306113106,-0.0108916902542114,0.7070188794817244,5.845923991025283e-09,-0.0054458451271057,STROMA
341,16719.0,8636.0,other,0.2120458166939871,-0.0103450961112976,0.740430417742048,2.18119567203438e-10,-0.0051725480556488,STROMA
342,16721.0,7942.0,stroma_enriched,0.3219451958792549,-0.0666590728759765,1.232141647338867,5.5514763657536616e-11,-0.03332953643798825,STROMA
343,15511.0,8863.0,interface_like,0.2366934313092912,0.0511805990934371,1.1687651171003068,6.252080860505178e-11,0.02559029954671855,STROMA
344,9674.0,9657.0,interface_like,0.147226115635463,0.0360116795301437,1.1583787264142718,2.7489430563303576e-10,0.01800583976507185,STROMA
345,14108.0,7125.0,other,0.194571691240583,-0.0663147331178188,-0.2143526812962123,5.486653386880747e-12,-0.0331573665589094,MIXED
346,9674.0,9888.0,stroma_enriched,0.1780689784458704,0.1426455919742584,1.5728545161655971,1.64761749046518e-10,0.0713227959871292,STROMA
347,12894.0,9434.0,interface_like,0.3928190285818917,0.0495463037490844,0.9762866374424524,2.0693398429043028e-10,0.0247731518745422,STROMA
348,15915.0,8171.0,other,0.0869883946010046,0.0364726042747497,0.6659090423583984,1.3735189787077976e-11,0.01823630213737485,STROMA
349,10479.0,9659.0,other,0.3165993554251534,-0.045157997071743,0.3818329402378626,1.092647970654929e-11,-0.0225789985358715,MIXED
350,10478.0,9890.0,tumor_enriched,0.7391962868826729,-0.0578322824835777,0.5590920421055384,2.7369856498771494e-11,-0.02891614124178885,TUMOR
351,16311.0,10485.0,tumor_enriched,1.2542091587611606,-0.047497501373291,0.9349618203299386,6.3572992035713785e-09,-0.0237487506866455,TUMOR
352,15918.0,7246.0,other,0.545776585170201,-0.0472682914733886,0.6430951254708427,1.2556024542319052e-11,-0.0236341457366943,STROMA
353,13300.0,8048.0,other,0.0672324589320592,0.0578292214870452,0.914935041155134,1.2710572685147428e-11,0.0289146107435226,STROMA
354,16918.0,9446.0,other,0.2930783408028738,-0.0567766571044921,0.5774911444527763,3.459683343635923e-11,-0.02838832855224605,MIXED
355,11089.0,7232.0,other,0.4622257505144391,-0.0915806121826171,0.49509765625,7.448389295173034e-10,-0.04579030609130855,MIXED
356,15516.0,7013.0,other,0.6315687724522181,-0.0777142486572265,0.8531516974312919,2.4993848230160518e-11,-0.03885712432861325,TUMOR
357,8467.0,9653.0,stroma_enriched,-0.0763553510393414,0.2587650170326233,2.051099875313895,1.8503513489871797e-11,0.12938250851631164,STROMA
358,17323.0,8290.0,other,0.4336510031563896,-0.0372490846216678,0.5438985606602259,2.8496573178063273e-10,-0.0186245423108339,MIXED
359,16920.0,8520.0,other,0.1433845247541154,0.0345213017463684,0.5591610063825334,1.5449455986218568e-11,0.0172606508731842,MIXED
360,9272.0,9424.0,interface_like,0.0763870920453753,0.2454573500156402,1.0719881548200334,1.0453516023346933e-08,0.1227286750078201,STROMA
361,9679.0,7807.0,stroma_enriched,-0.0185149329049246,0.1584495000839233,1.966956127711705,2.5805781211527324e-10,0.07922475004196165,STROMA
362,10480.0,9196.0,other,0.1190717479160852,0.0567440785169601,0.9311402838570731,1.3675451928364956e-10,0.02837203925848005,STROMA
363,15911.0,9790.0,other,0.3749275044032506,-0.0866790924072265,0.6735961260114397,3.2838373644283966e-10,-0.04333954620361325,STROMA
364,13705.0,7124.0,other,0.1975959832327707,-0.0033905838727951,0.930276015145438,3.0560441743279804e-11,-0.00169529193639755,STROMA
365,9074.0,8614.0,stroma_enriched,-0.0753734643118722,0.2567191746234893,1.6592234911237442,1.5103590973127423e-10,0.12835958731174466,STROMA
366,11490.0,7696.0,other,-0.0365142931256974,-0.0186971287131309,0.9999116352626256,3.469951859684869e-10,-0.00934856435656545,STROMA
367,16319.0,7709.0,other,0.3788682338169642,-0.0821623382568359,0.4748221261160714,2.7406366466428276e-11,-0.04108116912841795,MIXED
368,13095.0,9551.0,stroma_enriched,-0.1195858056204659,-0.0553468589782714,1.4975586373465404,2.450897939384498e-10,-0.0276734294891357,STROMA
369,17123.0,7943.0,tumor_enriched,1.0123940331595285,-0.0790262451171875,0.9698626000540596,3.1695855250183755e-10,-0.03951312255859375,TUMOR
370,10884.0,8735.0,stroma_enriched,0.1300311442783899,0.0055981659889221,1.2677464948381698,1.4687640494583755e-11,0.00279908299446105,STROMA
371,13102.0,7007.0,interface_like,0.1405799484252929,0.2211735835075378,1.1623143986293245,5.484022550570641e-10,0.1105867917537689,STROMA
372,10078.0,9195.0,stroma_enriched,-6.191798618848665e-05,0.0590410472154617,1.6469529833112444,2.1214087255002222e-11,0.02952052360773085,STROMA
373,13100.0,7700.0,other,0.0177697208949498,-0.0516282904446125,0.18095004762922,1.7450643934526697e-12,-0.02581414522230625,MIXED
374,14703.0,10018.0,interface_like,0.44437561580113,0.0642443211078643,0.9411475808279854,3.28941934692127e-10,0.03212216055393215,STROMA
375,16111.0,10368.0,other,1.0063902882167273,-0.0651176376342773,1.3231640951974053,7.179819286630649e-09,-0.03255881881713865,TUMOR
376,15104.0,10481.0,other,0.0306307465689522,-0.0243043670654296,1.2142972128731864,1.1390957435395947e-10,-0.0121521835327148,STROMA
377,10279.0,9311.0,other,0.2910918535505022,-0.0170137886404991,0.8260507093157088,4.177862986050771e-11,-0.00850689432024955,STROMA
378,10483.0,8271.0,other,0.2451163428170339,0.1012075495719909,0.6212012808663505,4.4829814025436597e-11,0.05060377478599545,STROMA
379,12495.0,8046.0,other,0.1170249502999443,-0.0515843748748302,0.9177583585466658,9.765118905530168e-11,-0.0257921874374151,STROMA
380,13095.0,9319.0,other,0.1866609355381556,-0.0311877639889717,1.0807292883736743,3.5876920823790266e-11,-0.01559388199448585,STROMA
381,16921.0,8289.0,other,0.5300701032366073,-0.0665951309204101,1.2186116518293106,9.427071203544708e-11,-0.03329756546020505,STROMA
382,12493.0,8971.0,other,0.3802270126342773,-0.0313732733726501,0.3696192823137556,3.484192750937863e-11,-0.01568663668632505,MIXED
383,10883.0,8966.0,other,0.0703552573067802,-0.0340503257513046,1.036285460335868,7.79132076087753e-12,-0.0170251628756523,STROMA
384,15713.0,8748.0,other,0.3569320079258509,-0.0064218196868896,1.1822323935372487,5.412510572198463e-12,-0.0032109098434448,STROMA
385,8674.0,7688.0,stroma_enriched,0.1302223205566406,-0.0528760375976562,1.420656193324498,3.984233995196824e-09,-0.0264380187988281,STROMA
386,16519.0,8057.0,other,0.1855373982020787,-0.0055966292023658,0.7346497126988001,7.311437532110949e-12,-0.0027983146011829,STROMA
387,14309.0,7010.0,other,0.047134769984654,-0.1073648376464843,1.1281401988438198,2.2483023711457718e-11,-0.05368241882324215,STROMA
388,8474.0,7110.0,other,-0.1159156336103167,-0.0126491260528564,1.2017515454973493,3.7132283926902055e-10,-0.0063245630264282,STROMA
389,10476.0,10584.0,other,0.2914228984287805,-0.0254295134246349,0.789752927507673,3.150830838932095e-10,-0.01271475671231745,STROMA
390,15710.0,9673.0,other,0.5380456270490374,-0.061165714263916,0.7029157366071428,1.1978917809111016e-10,-0.030582857131958,STROMA
391,11286.0,8736.0,interface_like,0.2092430659702844,0.0730302911996841,1.0294305910382953,5.3000508112729e-10,0.03651514559984205,STROMA
392,16318.0,8172.0,other,0.0748288781302315,0.0096480833888053,0.7301091057913643,1.0019519740986447e-11,0.00482404169440265,STROMA
393,15313.0,7591.0,other,0.1285724530901228,-0.0880064010620117,0.6902674974714006,8.980749178290605e-12,-0.04400320053100585,STROMA
394,16717.0,9329.0,other,0.3854383523123605,-0.0681940231323242,-0.0047768102373395,4.4876966895794686e-11,-0.0340970115661621,MIXED
395,10678.0,10469.0,tumor_enriched,0.5833276203700475,-0.0654139730632305,0.0221020862034388,1.643272251707136e-11,-0.03270698653161525,MIXED
396,11686.0,9894.0,other,0.4806555393763951,-0.0201764751672744,0.9149617058890206,4.6483412354070405e-11,-0.0100882375836372,STROMA
397,15713.0,8517.0,stroma_enriched,0.1828347233363561,-0.0717251434326171,1.4055510275704517,8.283465251385501e-12,-0.03586257171630855,STROMA
398,15113.0,7244.0,other,0.1450747517177038,-0.0388494663834571,0.3810080501011439,8.076441278234986e-12,-0.01942473319172855,MIXED
399,12094.0,7582.0,stroma_enriched,-0.0260733958653041,0.2805470032691955,1.5319691576276506,8.691273806624652e-11,0.14027350163459776,STROMA
400,17529.0,6556.0,other,-0.0570488139561242,-0.0771943206787109,0.6508972930908203,1.4591424938062828e-10,-0.03859716033935545,STROMA
401,14302.0,9554.0,other,0.5309702519008093,-0.0386593088507652,0.7995799582345144,1.2788841270181707e-10,-0.0193296544253826,STROMA
402,15111.0,7937.0,other,0.2485480717250279,-0.0812041854858398,0.3510807309831892,2.9454619395979346e-12,-0.0406020927429199,MIXED
403,8668.0,9770.0,stroma_enriched,0.0472367095947265,0.2368704130649566,1.61342529296875,1.1031242340029626e-11,0.1184352065324783,STROMA
404,8669.0,9307.0,stroma_enriched,-0.5385292339324951,0.3299842412471771,1.727816478184291,3.314109985227469e-10,0.16499212062358856,STROMA
405,8874.0,8036.0,stroma_enriched,-0.1509898866925921,0.1657625517845153,1.6164339338030134,6.610869454076133e-10,0.08288127589225765,STROMA
406,13899.0,9784.0,interface_like,0.4561691175188338,-0.0182172678112983,1.4666680036272322,4.0491916222652646e-10,-0.00910863390564915,STROMA
407,10677.0,10700.0,other,0.5665384238106863,-0.0006085482835769,0.7305093056815011,3.543526018797476e-11,-0.00030427414178845,STROMA
408,14509.0,7357.0,other,0.2130100740705216,-0.035941963404417,0.6516322435651506,1.7536878344723066e-12,-0.0179709817022085,STROMA
409,8872.0,8729.0,stroma_enriched,-0.2386550712585449,0.2094048449993133,1.6179159000941683,1.6530787551031348e-10,0.10470242249965665,STROMA
410,15306.0,10366.0,other,0.1839726666041784,-0.0476513023376464,0.6483314950125558,1.5487627917681843e-10,-0.0238256511688232,STROMA
411,11483.0,10240.0,other,0.6572537612915039,-0.0722499084472656,1.0621048518589564,4.2192744449817656e-11,-0.0361249542236328,TUMOR
412,10276.0,10468.0,other,0.3761109488351004,-0.0663004187047481,0.4142951692853654,1.1003705130718158e-10,-0.03315020935237405,MIXED
413,12897.0,8509.0,other,0.1496046338762555,-0.0269338647723197,0.8038808386666434,3.3150047433872644e-12,-0.01346693238615985,STROMA
414,9074.0,8383.0,stroma_enriched,0.3367547389439173,-0.0460577964782714,1.542739622933524,8.221110328210934e-10,-0.0230288982391357,STROMA
415,11888.0,9547.0,other,0.2008235495431083,-0.0831964721679687,0.3580904824393136,1.3240388859412095e-10,-0.04159823608398435,MIXED
416,8272.0,7456.0,stroma_enriched,-0.1135953181130545,-0.069818748474121,1.4262464305332727,9.696274501552023e-11,-0.0349093742370605,STROMA
417,15309.0,9210.0,stroma_enriched,0.0292950957162039,0.0619667679071426,1.3416910117013112,2.085545224333395e-09,0.0309833839535713,STROMA
418,16114.0,9212.0,other,0.095238137926374,-0.0862652130126953,1.2049488830566406,4.949969969102718e-12,-0.04313260650634765,STROMA
419,9474.0,9309.0,other,0.2432804434640066,-0.0851536178588867,1.1215064893450055,2.0504894270967268e-10,-0.04257680892944335,STROMA
420,11488.0,8390.0,other,0.1957806614467077,-0.1090154724121093,0.6336261803763253,7.250416728026834e-11,-0.05450773620605465,STROMA
421,11085.0,8851.0,stroma_enriched,0.0820300783429825,0.0715796974897384,1.434088374546596,6.428287051634448e-11,0.0357898487448692,STROMA
422,14907.0,8977.0,other,0.3072896466936385,-0.0492582115232944,0.7697235597882951,1.1190054883928196e-11,-0.0246291057616472,STROMA
423,12293.0,8623.0,other,-0.1271924700055802,-0.0251696944236755,1.2035727092197963,1.5938021218515563e-11,-0.01258484721183775,STROMA
424,10079.0,8733.0,other,0.3829428809029715,-0.0949344863891601,0.4602557264055525,1.3373179290054203e-10,-0.04746724319458005,MIXED
425,12095.0,7351.0,stroma_enriched,0.0651317133222306,0.6004270429611206,1.465442919049944,7.744664311127404e-10,0.3002135214805603,IMMUNE_ACTIVE
426,14910.0,7821.0,other,0.3597937556675501,0.0121208295822143,0.4485929489135742,1.0091379582547172e-11,0.00606041479110715,MIXED
427,16720.0,8404.0,tumor_enriched,0.561162943158831,-0.0782505569458007,0.3834011023385184,9.474008196816051e-11,-0.03912527847290035,MIXED
428,11487.0,9084.0,other,0.0001445225306919,-0.0101557350158691,0.7594427054268974,3.200703682374598e-11,-0.00507786750793455,STROMA
429,10082.0,7808.0,stroma_enriched,-0.6314929894038609,0.2122388632297516,1.6850094495500838,1.0094320979578066e-09,0.1061194316148758,STROMA
430,9676.0,8963.0,other,0.3284188733782087,-0.001271440565586,0.9834859194074358,1.0319375050367971e-10,-0.000635720282793,STROMA
431,8873.0,8267.0,stroma_enriched,-0.1007573890686035,0.4025713722705841,1.9355434962681364,2.4864489016122003e-10,0.20128568613529205,STROMA
432,13906.0,7240.0,other,0.3796042742047991,2.1914958953858643e-05,0.7008317674909319,2.1698094135591577e-11,1.0957479476929322e-05,STROMA
433,16116.0,8518.0,other,0.3902056448800224,-0.0715615997314453,0.6516949680873327,2.046582969881092e-11,-0.03578079986572265,STROMA
434,10081.0,8039.0,stroma_enriched,0.152304845537458,-0.0936050720214843,1.277065887451172,7.700561453211305e-11,-0.04680253601074215,STROMA
435,14102.0,9206.0,other,0.2499558040073939,-0.0169216915369033,1.0079608699253626,9.158544503018982e-11,-0.00846084576845165,STROMA
436,11485.0,9546.0,other,0.3355541447230747,-0.0467206173837184,0.3345776585170201,6.962344206563479e-12,-0.0233603086918592,MIXED
437,11490.0,7927.0,other,0.4899585941859654,-0.0374089512825012,0.6933878326416015,2.2303257694559518e-10,-0.0187044756412506,STROMA
438,14303.0,9091.0,stroma_enriched,0.102314567565918,0.0784994710683822,1.5505809892926896,1.9928703362902753e-11,0.0392497355341911,STROMA
439,16515.0,9676.0,stroma_enriched,0.182158693586077,-0.0725264663696289,1.398909034729004,2.6399701476961134e-09,-0.03626323318481445,STROMA
440,6260.0,7450.0,other,0.2544610023498534,-0.033889533996582,1.197973600115095,6.786251358620618e-10,-0.016944766998291,STROMA
441,15111.0,8169.0,other,0.0656346184866769,-0.0694564437866211,0.6141385596139091,2.0853069748097573e-12,-0.03472822189331055,STROMA
442,15312.0,8054.0,other,-0.0140396281651087,-0.0650953979492187,0.8244599424089705,2.0968232336607512e-12,-0.03254769897460935,STROMA
443,10484.0,7809.0,stroma_enriched,-0.2404290798732212,0.2633713500499725,1.3785808345249722,2.4273773494533455e-10,0.13168567502498624,STROMA
444,11282.0,10124.0,other,0.0994207273210798,-0.0881566925048828,0.5756630543300084,1.072432872044394e-10,-0.0440783462524414,MIXED
445,14711.0,7011.0,interface_like,0.315273333958217,0.0135270077586173,1.1997814014979769,5.0900742112923455e-11,0.00676350387930865,STROMA
446,15507.0,10482.0,other,0.4069710023062569,-0.0537489700317382,1.1205922045026506,1.9119404910104704e-09,-0.0268744850158691,STROMA
447,13498.0,9320.0,interface_like,0.4411259242466516,0.0502677323818206,1.1531172943115235,2.012533187642544e-10,0.0251338661909103,STROMA
448,11290.0,7580.0,other,0.0862024579729352,-0.0812483215332031,0.7546644701276506,1.6207026982081311e-10,-0.04062416076660155,STROMA
449,13904.0,7934.0,other,-0.0844938005719866,0.118678677201271,0.8496754837036132,4.187714663082059e-11,0.0593393386006355,STROMA
450,13099.0,7932.0,other,0.2158650861467634,-0.0586791289150714,0.0164901706150599,2.489932588265988e-11,-0.0293395644575357,MIXED
451,10483.0,8040.0,stroma_enriched,-0.1421067646571568,0.0771766229867935,1.4500433186122348,2.1504510298413935e-11,0.03858831149339675,STROMA
452,12096.0,7120.0,stroma_enriched,0.0125120326450891,0.6805909266471862,1.515232216971261,1.4617175689857693e-08,0.3402954633235931,IMMUNE_ACTIVE
453,13300.0,8279.0,other,-0.0638896042960031,0.0975933513641357,0.8642678451538086,5.2434361937189085e-11,0.04879667568206785,STROMA
454,14506.0,8514.0,other,0.0024566159929548,-0.0215630608797073,0.6191541508265905,1.4809219212628303e-10,-0.01078153043985365,STROMA
455,11688.0,8969.0,other,0.2919051688058036,-0.0528897029459476,0.7475789097377233,4.378182973178827e-11,-0.0264448514729738,STROMA
456,15715.0,8055.0,other,0.2227451433454239,-0.0972910461425781,0.2839104897635323,5.5746153156680715e-12,-0.04864552307128905,MIXED
457,11886.0,10241.0,other,0.4407634626116072,-0.0757594757080078,1.2792729949951172,1.000069629890566e-09,-0.0378797378540039,STROMA
458,16313.0,9791.0,interface_like,0.6513777705601282,0.238975738286972,1.3904064396449498,1.6232527458657626e-08,0.119487869143486,TUMOR
459,9672.0,10582.0,stroma_enriched,-0.0299190521240233,0.1349040951728821,1.6491148376464844,7.398880692316914e-10,0.06745204758644105,STROMA
460,12698.0,7699.0,other,0.008264263698033,-0.0674580553770065,0.96701908656529,5.370295184032997e-11,-0.03372902768850325,STROMA
461,13296.0,9435.0,stroma_enriched,0.2028879329136439,-0.0769766082763671,1.527020241873605,1.5200337875205244e-10,-0.03848830413818355,STROMA
462,16515.0,9444.0,other,-0.22935179574149,0.0796259754896163,0.6888876015799386,2.8322359645732923e-11,0.03981298774480815,STROMA
463,11888.0,9316.0,other,0.3531070327758789,-0.0128949088454246,0.5713752801077706,2.4248565210459743e-11,-0.0064474544227123,MIXED
464,10281.0,8386.0,other,-0.0019736916678292,-0.0671669327616691,0.2653862762451172,2.5491676506833256e-10,-0.03358346638083455,MIXED
465,8265.0,10000.0,stroma_enriched,-0.207559495653425,0.4189865674972534,1.6437364305768694,3.1145653201646834e-11,0.2094932837486267,STROMA
466,10686.0,7463.0,other,-0.2182298714773994,-0.0748056030273437,0.8637339673723494,2.131641177181547e-09,-0.03740280151367185,STROMA
467,12492.0,9202.0,tumor_enriched,0.4872547313145228,-0.0558450070023536,0.4742621449061803,4.911088584422482e-10,-0.0279225035011768,MIXED
468,12893.0,9897.0,stroma_enriched,0.3540544019426619,0.1422188599109649,2.0186358533586777,3.3523213777814687e-10,0.07110942995548244,STROMA
469,4237.0,11376.0,immune_enriched,0.0267972087860107,0.3273124067783355,0.0945543575286865,5.3360909457745186e-11,0.16365620338916775,MIXED
470,17123.0,8174.0,interface_like,0.5922769274030413,0.0184391443133354,1.0812410191127233,7.232378280692445e-10,0.0092195721566677,STROMA
471,17118.0,9793.0,other,0.2109508459908622,-0.0354523468017578,1.0153184727260045,2.1102677059694567e-10,-0.0177261734008789,STROMA
472,9878.0,8617.0,stroma_enriched,0.2167088263375418,0.0651776446104049,1.4547007969447543,6.86859182819323e-10,0.03258882230520245,STROMA
473,7050.0,12771.0,other,-0.2069189262390136,-0.0206918926239013,0.6355367020198277,3.61134775633231e-10,-0.01034594631195065,STROMA
474,14707.0,8630.0,stroma_enriched,-0.2576929582868305,0.2925283317565917,1.5922554997035434,7.206846055372788e-11,0.14626416587829585,STROMA
475,16118.0,7824.0,other,0.215013907296317,-0.0933279876708984,0.0582755742754254,1.106335845024392e-11,-0.0466639938354492,MIXED
476,7669.0,7107.0,stroma_enriched,-0.43280549458095,0.4456412692070007,1.3022450147356306,5.4384066291689066e-11,0.22282063460350035,STROMA
477,16720.0,8173.0,other,0.1702484130859374,-0.0932525253295898,0.9437450844900948,9.465130934204706e-11,-0.0466262626647949,STROMA
478,14108.0,6894.0,other,-0.2607559694562639,-0.0530320325791835,1.124638317653111,4.9563163597853756e-11,-0.02651601628959175,STROMA
479,10277.0,9774.0,other,0.5040193394252233,-0.0841068038940429,0.6478341129847937,2.2265726991970167e-11,-0.04205340194702145,STROMA
480,10075.0,10352.0,other,0.3757959256853376,-0.0271878042817115,0.4962396730695451,6.384377935365744e-11,-0.01359390214085575,MIXED
481,14101.0,9669.0,other,0.5406331362043109,-0.0051632826924324,1.0923655428205217,2.425764148595527e-10,-0.0025816413462162,STROMA
482,13303.0,7123.0,other,0.1279189790998185,-0.0862624053955078,0.6926905114310128,1.5557939407931664e-10,-0.0431312026977539,STROMA
483,11687.0,9200.0,other,0.2332086290631974,-0.0194894736111164,1.0993606294904437,1.9282400065286228e-11,-0.0097447368055582,STROMA
484,14099.0,10131.0,other,-0.2022151456560407,-0.0656988983154296,0.6878877312796456,5.849803730415224e-10,-0.0328494491577148,STROMA
485,12494.0,8739.0,other,0.3151937920706613,-0.088280044555664,0.945143105643136,1.4567013589110932e-11,-0.044140022277832,STROMA
486,13900.0,9553.0,other,0.2381731796264647,-0.0679106216430664,0.4668688038417272,1.3176508542917784e-11,-0.0339553108215332,MIXED
487,11084.0,9082.0,stroma_enriched,0.12764525277274,0.1180153186321258,1.4548279244559152,1.3541082521932899e-10,0.0590076593160629,STROMA
488,10476.0,10815.0,interface_like,0.4951874051775251,0.0171802020668983,1.1989746420724048,1.0746275609091668e-09,0.00859010103344915,STROMA
489,10277.0,10005.0,other,0.3028098024640764,0.0763681879043579,0.6282059260777064,1.2928544592345063e-10,0.03818409395217895,STROMA
490,13295.0,9898.0,stroma_enriched,-0.0405534635271345,0.2910279219150543,2.1424395533970424,1.7670347377591072e-11,0.14551396095752714,STROMA
491,16116.0,8287.0,other,0.2754413877214705,-0.0218370317816734,0.5076589148385184,7.34891422440788e-12,-0.0109185158908367,MIXED
492,16119.0,7362.0,other,0.622619002205985,-0.0992742691040039,0.6486693681989397,7.984606092346507e-11,-0.04963713455200195,TUMOR
493,6462.0,7335.0,stroma_enriched,-0.1675703225816999,0.0,1.9644076538085935,1.0504669893851803e-10,0.0,STROMA
494,14909.0,8284.0,other,0.3318148749215261,-0.0439191800355911,0.5438993671962195,6.795479421392479e-12,-0.02195959001779555,MIXED
495,16919.0,9214.0,other,0.0745300647190638,-0.0723724670410156,0.7772978264944894,2.8983924069764177e-11,-0.0361862335205078,STROMA
496,12898.0,7816.0,other,0.1049613843645369,-0.1031804275512695,0.463334481375558,1.3110853605242684e-11,-0.05159021377563475,MIXED
497,9878.0,8848.0,stroma_enriched,-0.0436019352504186,-0.0597933276593685,1.373825672694615,6.117488133230429e-11,-0.02989666382968425,STROMA
498,8063.0,10115.0,stroma_enriched,-0.2211762292044503,0.5512751150131225,1.465246080671038,3.74548683815013e-10,0.27563755750656127,STROMA
499,12289.0,10011.0,other,0.3891397966657366,-0.0992294616699218,2.2046649387904576,2.8054130305975065e-10,-0.0496147308349609,STROMA
500,14509.0,7589.0,other,0.3084575653076171,-0.0989331970214843,0.9930965096609932,4.466667814076181e-12,-0.04946659851074215,STROMA
501,14301.0,9785.0,interface_like,0.3178503526960099,0.0649145554304122,0.9420307976858956,2.0493022186215624e-10,0.0324572777152061,STROMA
502,9274.0,8962.0,stroma_enriched,-0.0546040316990443,0.2242651898860931,1.5782425362723216,1.8247417669549772e-10,0.11213259494304655,STROMA
503,16716.0,9561.0,other,0.3618483516148156,-0.0696924133300781,0.1168214743477957,3.9148254683738313e-11,-0.03484620666503905,MIXED
504,10074.0,10583.0,stroma_enriched,0.3731241553170341,-0.102599250793457,1.219038009643555,3.2836989766158336e-10,-0.0512996253967285,STROMA
505,12289.0,9780.0,other,0.3599376678466797,-0.0804827804565429,1.1863816779000418,7.587812157040933e-10,-0.04024139022827145,STROMA
506,14304.0,8860.0,stroma_enriched,-0.1107515335083006,0.0079700313806533,1.4471165575299945,5.832894581275264e-11,0.00398501569032665,STROMA
507,13301.0,7585.0,other,-0.063444971357073,0.0073923448324203,0.3645651190621513,6.719567720246309e-12,0.00369617241621015,MIXED
508,16112.0,9906.0,stroma_enriched,0.2807011413574218,-0.0610402679443359,1.2424716459001814,7.4232027840211145e-09,-0.03052013397216795,STROMA
509,10680.0,9775.0,tumor_enriched,0.5970263072422572,-0.0450018751025199,0.3444252177647181,1.5105735491758832e-11,-0.02250093755125995,MIXED
510,9471.0,10234.0,interface_like,0.561927217755999,0.0133390926718711,1.504378880092076,6.170891489941778e-09,0.00666954633593555,STROMA
511,8667.0,10001.0,stroma_enriched,-0.0682053674970354,0.2408981375694275,1.4301715196881974,1.983493169342443e-11,0.12044906878471374,STROMA
512,9472.0,10003.0,stroma_enriched,-0.0196116801670618,-0.0411793247461318,2.1760206821986605,2.280137239425774e-09,-0.0205896623730659,STROMA
513,9075.0,8152.0,stroma_enriched,-0.1632407978602817,-0.0534875259399414,1.942913464137486,1.643445193055603e-09,-0.0267437629699707,STROMA
514,12087.0,10126.0,stroma_enriched,0.2589019448416574,0.1754260721206665,1.6449462236676895,2.3464269441043872e-09,0.08771303606033325,STROMA
515,9072.0,9308.0,stroma_enriched,-0.0522023827689033,0.2076351878643035,1.8396967860630584,1.4687373096809342e-09,0.10381759393215174,STROMA
516,15917.0,7708.0,other,0.0846538216727119,-0.0342400771677494,0.654551407950265,2.7353660775629532e-11,-0.0171200385838747,STROMA
517,14305.0,8629.0,other,-0.0508136803763252,0.0401526366472244,1.0103816550118585,2.1355449963755493e-11,0.0200763183236122,STROMA
518,10679.0,10238.0,tumor_enriched,0.7954207175118582,-0.0162035579681396,0.1498607199532645,7.56198713482436e-11,-0.0081017789840698,TUMOR
519,14905.0,9671.0,other,0.3428653608049665,-0.082878189086914,-0.1017513820103236,9.357428659631648e-11,-0.041439094543457,MIXED
520,11692.0,7581.0,other,0.2596361814226424,0.0004578514695167,1.079038816179548,1.1053443961867847e-10,0.00022892573475835,STROMA
521,11283.0,9892.0,tumor_enriched,0.7518167822701591,-0.0747328033447265,0.5073293031964983,3.459346261048961e-11,-0.03736640167236325,TUMOR
522,9876.0,9542.0,stroma_enriched,0.1880880791800363,0.0522847371101379,1.7689333888462613,9.321134730430352e-11,0.02614236855506895,STROMA
523,16923.0,7595.0,other,0.1773020444597517,-0.0739704360961914,0.8088382884434291,3.4696459774604035e-11,-0.0369852180480957,STROMA
524,11891.0,8391.0,other,0.2658115495954241,-0.1022663879394531,0.2574893024989537,2.5157547893486295e-10,-0.05113319396972655,MIXED
525,15107.0,9556.0,tumor_enriched,0.5908874620710101,-0.0558147964477539,0.164020549229213,1.3438105547895619e-10,-0.02790739822387695,MIXED
526,4647.0,8602.0,tumor_enriched,1.4200934110369,0.0,0.906999784197126,1.874632027221887e-09,0.0,TUMOR
527,15716.0,7592.0,other,0.4026772471836635,-0.0018756708502769,1.0753489685058597,8.473070418797296e-12,-0.00093783542513845,STROMA
528,16114.0,8981.0,stroma_enriched,0.0581966454642158,-0.0868135986328125,1.3499345779418943,8.656906217601017e-13,-0.04340679931640625,STROMA
529,8473.0,7572.0,stroma_enriched,-0.3098364094325474,-0.0353615493774414,1.6997029822213308,4.758015550501153e-10,-0.0176807746887207,STROMA
530,10281.0,8618.0,other,0.2760178920200891,-0.104290542602539,0.2755105917794364,1.0677346007578111e-10,-0.0521452713012695,MIXED
531,16714.0,10254.0,other,-0.1729400634765625,-0.0425176696777343,0.2909897886003767,9.536740207496926e-10,-0.02125883483886715,MIXED
532,8466.0,10116.0,stroma_enriched,0.1210142135620118,0.2157649312019348,1.559841112409319,1.6959574276691374e-11,0.1078824656009674,STROMA
533,14504.0,9439.0,other,0.3513832310267857,-0.0086162055134773,0.7469831521170479,1.0498185571555056e-10,-0.00430810275673865,STROMA
534,9069.0,10233.0,stroma_enriched,0.3549544579642159,0.2330855739116668,1.2860427529471263,4.0499455944802864e-10,0.1165427869558334,STROMA
535,11089.0,7464.0,other,0.3275149427141461,-0.0793193130493164,0.4608761869158064,7.12455468231153e-10,-0.0396596565246582,MIXED
536,13501.0,8164.0,other,-0.0504422160557336,0.0397849869728088,0.6704987171718053,2.1106492080379046e-11,0.0198924934864044,STROMA
537,11693.0,7350.0,other,0.3962497547694616,0.0371053034067153,0.916817387172154,1.2502398552182758e-10,0.01855265170335765,STROMA
538,12291.0,9317.0,tumor_enriched,0.4806807109287805,-0.0761988067626953,0.2347295924595422,4.548430004861083e-10,-0.03809940338134765,MIXED
539,13500.0,8627.0,other,0.2360530362810409,0.0817690331935882,0.8477513286045618,5.525499771473136e-11,0.0408845165967941,STROMA
540,10283.0,7924.0,stroma_enriched,0.0530872481209891,-0.0477348861694335,1.6566527121407644,9.781010058061272e-11,-0.02386744308471675,STROMA
541,16115.0,8750.0,stroma_enriched,0.3239867891584123,-0.092178970336914,1.324504361833845,1.0518417477886e-11,-0.046089485168457,STROMA
542,9672.0,10350.0,stroma_enriched,-0.3229292161124093,0.0781385006904602,2.301286272321428,1.194782334597284e-09,0.0390692503452301,STROMA
543,11691.0,8043.0,other,0.3236119188581194,-0.1233033752441406,0.3258639090401786,5.07468098867488e-10,-0.0616516876220703,MIXED
544,12296.0,7467.0,stroma_enriched,-0.103742844717843,0.1522502801418304,1.3254959923880445,8.82629046743813e-10,0.0761251400709152,STROMA
545,15312.0,8285.0,other,0.275493883405413,0.028905891418457,0.9149569538661412,1.3711772604667482e-11,0.0144529457092285,STROMA
546,15917.0,7477.0,tumor_enriched,0.6252455084664481,0.0269015774130821,0.1410360636029923,5.7317197030301726e-11,0.01345078870654105,TUMOR
547,8672.0,8151.0,stroma_enriched,0.0179321479797363,0.2659102575778961,2.080456913539342,2.789427651667624e-10,0.13295512878894805,STROMA
548,14104.0,8513.0,other,0.0693678719656807,-0.0173104823827743,0.8111466108049665,2.4194296746743134e-11,-0.00865524119138715,STROMA
549,15910.0,10252.0,tumor_enriched,1.010204097202846,0.1253901268243789,0.7643316159929548,3.389626008499778e-09,0.06269506341218944,TUMOR
550,12900.0,7122.0,other,0.1936924198695593,-0.0048703098297119,0.8105486461094447,2.5008542364101877e-10,-0.00243515491485595,STROMA
551,11691.0,7812.0,tumor_enriched,0.872700298854283,-0.0559847297668457,0.1347898633139474,1.095996454792803e-09,-0.02799236488342285,TUMOR
552,11889.0,9085.0,other,0.2273271506173271,-0.1063806610107421,0.239526593344552,1.7045251218487083e-11,-0.05319033050537105,MIXED
553,9068.0,10464.0,stroma_enriched,-0.0164576203482491,0.2273334963321686,1.3853514208112443,2.0576127357916467e-10,0.1136667481660843,STROMA
554,13101.0,7469.0,other,-0.0804662867954797,0.0063874305486679,1.197475793021066,1.0934692243118924e-11,0.00319371527433395,STROMA
555,13504.0,7008.0,tumor_enriched,0.5824230739048548,-0.1051992416381835,0.2906932067871094,7.345166520666962e-10,-0.05259962081909175,MIXED
556,12498.0,7121.0,other,0.3011690521240233,0.0127457294464111,0.3380402428763253,6.698542103255402e-09,0.00637286472320555,MIXED
557,10485.0,7578.0,stroma_enriched,0.1263125256129674,-0.0580709266662597,1.6039408275059293,3.402406192645472e-10,-0.02903546333312985,STROMA
558,8674.0,7457.0,other,-0.5558364486694336,-0.0130227832794189,0.8068371963500977,3.7762963078593014e-09,-0.00651139163970945,STROMA
559,10080.0,8502.0,other,0.2619810049874442,-0.0173972654938697,0.5002963038853235,2.4447772530277743e-10,-0.00869863274693485,MIXED
560,8670.0,9076.0,stroma_enriched,-0.0855115944998604,0.4278375434875488,2.0305257742745533,2.41094988931025e-10,0.2139187717437744,STROMA
561,8670.0,8845.0,stroma_enriched,-0.6888507965632847,0.0564144613742828,1.9602389962332591,1.5473171533451987e-09,0.0282072306871414,STROMA
562,15310.0,8979.0,stroma_enriched,0.2931983130318778,-0.0806589202880859,1.5142703901018415,2.6504196096105084e-10,-0.04032946014404295,STROMA
563,15516.0,7245.0,other,0.2432382965087891,-0.0986149749755859,0.2645059967041016,8.085690084190308e-12,-0.04930748748779295,MIXED
564,16113.0,9443.0,tumor_enriched,0.7531988743373328,0.0295052818059921,0.5750392096383231,3.191330735391698e-10,0.01475264090299605,TUMOR
565,15509.0,9557.0,other,-0.1018323353358677,-0.0867456283569336,0.8538674381801061,1.3314205833622866e-10,-0.0433728141784668,STROMA
566,11487.0,8852.0,other,-0.171705025264195,-0.0277777080833911,0.4609081758771624,1.2900645659666536e-10,-0.01388885404169555,MIXED
567,13297.0,9204.0,other,0.0851153564453124,-0.0333399996757507,0.902583280290876,1.1732335077335213e-11,-0.01666999983787535,STROMA
568,13898.0,10015.0,other,0.0693969072614397,-0.0495472259521484,1.1086407852172853,8.343625303956669e-11,-0.0247736129760742,STROMA
569,11685.0,10125.0,stroma_enriched,0.281354991367885,-0.0986641845703125,1.7379897199358258,3.0489303550350375e-10,-0.04933209228515625,STROMA
570,16514.0,9907.0,tumor_enriched,0.8326438903808594,-0.0571149520874023,0.6071432440621513,1.0721369488727964e-08,-0.02855747604370115,TUMOR
571,8266.0,9768.0,stroma_enriched,-0.0164858409336634,0.2261186518669128,2.017983104160854,4.4280835374532775e-11,0.1130593259334564,STROMA
572,12494.0,8508.0,other,0.285653670174735,-0.1030631790161132,0.76158997126988,2.2032259706264833e-11,-0.0515315895080566,STROMA
573,16721.0,7711.0,other,0.4358968407767158,0.0137287034988403,0.73864622933524,3.830131031068675e-10,0.00686435174942015,STROMA
574,11288.0,8042.0,other,0.3597893306187221,0.0318485088348388,0.9269269016810828,2.5983238383868678e-11,0.0159242544174194,STROMA
575,13699.0,9437.0,other,0.2173738861083984,-0.0796322937011718,0.5743369347708566,8.421160803401182e-11,-0.0398161468505859,MIXED
576,16517.0,8982.0,other,0.4434387751988,0.0230221417546272,0.7614659227643693,6.1598562411329855e-12,0.0115110708773136,STROMA
577,12699.0,7237.0,other,0.1165919876098633,-0.0665396068543195,-0.084652396610805,4.3920019785976374e-10,-0.03326980342715975,MIXED
578,8469.0,8960.0,stroma_enriched,-0.3031341116768973,0.1716416387557983,2.709186030796596,1.486309197268918e-10,0.08582081937789915,STROMA
579,15916.0,7940.0,other,0.2933680398123603,-0.0657970199584961,0.8382187325613839,2.075477102437199e-12,-0.03289850997924805,STROMA
580,10685.0,7925.0,other,-0.226813223702567,-0.0833020401000976,1.0449304526192802,7.915050675144155e-10,-0.0416510200500488,STROMA
581,13698.0,9668.0,other,0.2643789890834265,-0.0875215301513671,0.905001836504255,1.1813694275556512e-10,-0.04376076507568355,STROMA
582,15512.0,8401.0,other,-0.1617474174499511,-0.0758050994873046,1.2098597281319754,1.1714985726107e-11,-0.0379025497436523,STROMA
583,15109.0,8631.0,other,0.1858438164847238,-0.0498104797303676,0.2755243410382951,4.333401320180681e-12,-0.0249052398651838,MIXED
584,9877.0,9079.0,other,0.0718909563337053,-0.0894627649784088,0.8851352037702287,4.057583618488098e-11,-0.0447313824892044,STROMA
585,14706.0,9092.0,other,0.2020649664742606,-0.1120728378295898,1.1247434997558594,5.450275776420725e-11,-0.0560364189147949,STROMA
586,14710.0,7474.0,other,0.343525608607701,-0.0919424896240234,0.7763757160731726,4.06946661388027e-12,-0.0459712448120117,STROMA
587,9678.0,8269.0,interface_like,0.0036638232639857,0.1606980508565902,1.192009735107422,6.202842831232181e-09,0.0803490254282951,STROMA
588,12295.0,7698.0,stroma_enriched,-0.1667605754307337,0.2539312300682068,1.5777548435756137,1.9405786598093222e-09,0.1269656150341034,STROMA
589,15507.0,10251.0,other,0.5357403019496374,-0.0654106369018554,0.6326137215750558,4.4987449931853936e-10,-0.0327053184509277,STROMA
590,11082.0,10007.0,tumor_enriched,0.5885198865618024,0.0377458414435386,0.0648739297049385,5.5732181344322806e-11,0.0188729207217693,MIXED
591,10077.0,9658.0,other,0.4183811296735491,-0.0495059806704521,0.6596592766898018,4.8650742205500005e-11,-0.02475299033522605,STROMA
592,14308.0,7241.0,other,0.0767587607247488,-0.0334640645384788,0.1515765707833426,9.265109968703022e-13,-0.0167320322692394,MIXED
593,5252.0,8257.0,stroma_enriched,-0.2719755853925432,0.216436851978302,1.34719970703125,4.0386935365848535e-10,0.108218425989151,STROMA
594,15912.0,9558.0,interface_like,0.3529371861049108,0.1120279022455215,0.6567308589390345,4.243082831592242e-10,0.05601395112276075,STROMA
595,16718.0,8867.0,other,0.3810584095546179,0.0277320804595947,0.3142261995588029,2.8274229065149467e-11,0.01386604022979735,MIXED
596,12696.0,8162.0,other,0.120492308480399,0.0903678314685821,0.4986372702462333,4.439818384940361e-11,0.04518391573429105,MIXED
597,12294.0,8161.0,other,0.0924847739083427,0.0015682826042175,0.8750759669712611,2.206838010148418e-10,0.00078414130210875,STROMA
598,9874.0,10004.0,stroma_enriched,0.0867661721365791,-0.0622470840215683,1.545862590244838,1.1442317513938912e-10,-0.03112354201078415,STROMA
599,14101.0,9438.0,other,0.3981651905604773,0.0170694298744201,0.9499575424194336,2.0618846312683934e-11,0.00853471493721005,STROMA
600,15307.0,9904.0,other,0.3242539923531669,-0.0698648223876953,0.6928088814871651,7.950102169910352e-11,-0.03493241119384765,STROMA
601,16315.0,9097.0,other,0.2789159883771623,-0.0721114273071289,0.856434326171875,7.127309668092299e-12,-0.03605571365356445,STROMA
602,12089.0,9663.0,stroma_enriched,0.3068361336844307,-0.0264060498476028,1.2188158198765349,1.5936701447958868e-10,-0.0132030249238014,STROMA
603,7065.0,7221.0,other,-0.4738648973192488,0.2844427635669708,0.9890365028381348,4.017829677932739e-11,0.1422213817834854,STROMA
604,14709.0,7936.0,other,0.183795999799456,-0.0430388991534709,1.1788303102765765,1.875759951692189e-12,-0.02151944957673545,STROMA
605,14301.0,10016.0,interface_like,0.5885721370152064,0.1134050849676132,0.8755630820138114,2.381110241959973e-10,0.0567025424838066,STROMA
606,11893.0,7697.0,other,0.3517794963291711,0.0012367460727691,0.9043454687935966,8.116000913748682e-11,0.00061837303638455,STROMA
607,9076.0,7689.0,stroma_enriched,0.1929617255074637,-0.033188735961914,1.2524515097481863,2.167944202843835e-09,-0.016594367980957,STROMA
608,11080.0,10470.0,other,0.3260392652239119,-0.0724992523193359,0.454793483189174,1.083386281558085e-11,-0.03624962615966795,MIXED
609,12693.0,9318.0,other,0.2238754381452288,-0.0438061479330062,0.6763593564714705,5.341437657483382e-10,-0.0219030739665031,STROMA
610,11893.0,7466.0,stroma_enriched,0.1762868554251533,-0.0004573840498924,1.5882903398786272,4.2954485861022716e-10,-0.0002286920249462,STROMA
611,14507.0,8283.0,other,0.2074207905360632,0.050535908460617,0.7208900778634207,9.739910526912563e-11,0.0252679542303085,STROMA
612,9880.0,8154.0,stroma_enriched,-0.0338959394182477,0.085825015425682,2.477414234706334,1.8690958671783107e-10,0.042912507712841,STROMA
613,10480.0,9428.0,other,0.0240706743512835,-0.08346142578125,0.5127061462402344,5.2325000575106876e-11,-0.041730712890625,MIXED
614,11488.0,8621.0,stroma_enriched,0.0079110663277761,0.1424997854232788,1.2673520169939314,3.020617504116197e-10,0.0712498927116394,STROMA
615,9873.0,10467.0,stroma_enriched,0.0522487149919783,-0.0371744624376297,1.4587156895228794,3.006881032798831e-10,-0.01858723121881485,STROMA
616,13298.0,8742.0,other,0.2520636313302176,-0.073904914855957,1.1059602846418106,1.0245347291219312e-11,-0.0369524574279785,STROMA
617,11486.0,9315.0,other,0.0947623116629463,-0.0672861022949218,0.8258969061715262,1.3303062821833112e-11,-0.0336430511474609,STROMA
618,12694.0,8856.0,other,0.2830151530674525,-0.066484104424715,0.7923638262067522,3.96555324449934e-12,-0.0332420522123575,STROMA
619,14502.0,9901.0,tumor_enriched,0.6633226994105749,0.0298447870016098,0.4960963821411133,1.8077649102204735e-10,0.0149223935008049,TUMOR
620,9477.0,8384.0,stroma_enriched,-0.1997271946498325,0.2613116021156311,1.466879588535854,9.453664408592352e-10,0.13065580105781555,STROMA
621,15711.0,9442.0,other,0.2090472684587752,-0.0805085067749023,0.71961304800851,1.3248511188977148e-10,-0.04025425338745115,STROMA
622,15708.0,10367.0,other,0.4525809751238142,-0.0509960708618164,0.5624282836914063,1.2504280243233735e-09,-0.0254980354309082,MIXED
623,12091.0,8738.0,other,0.0501800646100725,-0.0711177283525466,0.3481652559552873,3.981462178554194e-11,-0.0355588641762733,MIXED
624,9075.0,7921.0,stroma_enriched,0.0890243530273438,-0.0432875595092773,1.805932698931013,1.3613941381093383e-09,-0.02164377975463865,STROMA
625,15113.0,7475.0,other,0.0802347401210241,-0.0945301361083984,1.20616998400007,7.359070707840033e-12,-0.0472650680541992,STROMA
626,16316.0,8866.0,other,0.3255646623883927,-0.0253702633380889,0.8518728092738561,3.635955783194897e-11,-0.01268513166904445,STROMA
627,10880.0,10123.0,tumor_enriched,0.517750086103167,0.0104962636232376,0.349768774850028,1.4303892689356043e-11,0.0052481318116188,MIXED
628,14710.0,7705.0,other,0.3049810900006975,0.0157985190153121,0.6669421550205775,1.7212529850409748e-11,0.00789925950765605,STROMA
629,8868.0,10117.0,stroma_enriched,0.1739882223946707,0.2276596641540527,1.2912107849121095,4.471928713048153e-11,0.11382983207702635,STROMA
630,15912.0,9327.0,other,0.3747714614868165,-0.0482178382873535,0.4529118946620397,5.045233138801726e-12,-0.02410891914367675,MIXED
631,9270.0,10349.0,stroma_enriched,-0.1772680718558175,0.1063864389657974,1.6588101087297713,7.50715047885959e-10,0.0531932194828987,STROMA
632,14306.0,8166.0,other,0.3914226967947822,-0.0030072308778762,0.8021914236886161,1.6481983387875887e-10,-0.0015036154389381,STROMA
633,13497.0,9783.0,stroma_enriched,0.1163726915631975,0.1895246999263763,1.4546174185616627,9.346832676940324e-11,0.09476234996318815,STROMA
634,12490.0,9896.0,stroma_enriched,-0.2025774083818706,0.1920107598304748,2.102864314488002,5.249814789124421e-09,0.0960053799152374,STROMA
