sample_id,flux_name,metric,region_a,region_b,median_a,median_b,median_ratio_a_over_b,mwu_p,perm_p
GSM_6433618,flux_tumor_immune,frac_coexact,immune_enriched,other,0.7381458840824597,0.7822582081801828,0.943608998107742,0.8139710151261592,0.6753246753246753
GSM_6433618,flux_tumor_immune,frac_coexact,immune_enriched,stroma_enriched,0.7381458840824597,0.7666807481299405,0.9627812957126132,0.7964365808400918,0.6153846153846154
GSM_6433618,flux_tumor_immune,frac_coexact,immune_enriched,tumor_enriched,0.7381458840824597,0.6001079958482906,1.2300217447345354,0.0442967591811821,0.0369630369630369
GSM_6433618,flux_tumor_immune,frac_coexact,interface_like,other,0.7776475706300074,0.7822582081801828,0.9941059901935688,0.9154260354185044,0.5464535464535465
GSM_6433618,flux_tumor_immune,frac_coexact,interface_like,stroma_enriched,0.7776475706300074,0.7666807481299405,1.014304288358377,0.879202192277597,0.4225774225774226
GSM_6433618,flux_tumor_immune,frac_coexact,interface_like,tumor_enriched,0.7776475706300074,0.6001079958482906,1.2958460410625816,8.916266883348473e-06,0.0009990009990009
GSM_6433618,flux_tumor_immune,node_energy_coexact,immune_enriched,other,7.252818243765395e-09,3.378502882904532e-09,2.1467550850600654,0.0016411219801149,0.0099900099900099
GSM_6433618,flux_tumor_immune,node_energy_coexact,immune_enriched,stroma_enriched,7.252818243765395e-09,6.229447033347354e-09,1.1642796230451518,0.2166979395960103,0.3176823176823177
GSM_6433618,flux_tumor_immune,node_energy_coexact,immune_enriched,tumor_enriched,7.252818243765395e-09,4.830053334649741e-09,1.501602102762566,0.093305950614307,0.1508491508491508
GSM_6433618,flux_tumor_immune,node_energy_coexact,interface_like,other,8.275185964954024e-09,3.378502882904532e-09,2.4493647783540635,6.095826053635921e-20,0.0009990009990009
GSM_6433618,flux_tumor_immune,node_energy_coexact,interface_like,stroma_enriched,8.275185964954024e-09,6.229447033347354e-09,1.328398158079756,0.0026334111270948,0.0179820179820179
GSM_6433618,flux_tumor_immune,node_energy_coexact,interface_like,tumor_enriched,8.275185964954024e-09,4.830053334649741e-09,1.7132701010959153,0.0001460630786969,0.0009990009990009
GSM_6433618,flux_tumor_stroma,frac_coexact,immune_enriched,other,0.3040138233143948,0.0855602785970737,3.553212171574117,3.5417510981235335e-05,0.0009990009990009
GSM_6433618,flux_tumor_stroma,frac_coexact,immune_enriched,stroma_enriched,0.3040138233143948,0.0275856020862861,11.02074271801128,5.324084678740788e-14,0.0009990009990009
GSM_6433618,flux_tumor_stroma,frac_coexact,immune_enriched,tumor_enriched,0.3040138233143948,0.0583607302223459,5.2092189757761105,5.626255974286526e-09,0.0009990009990009
GSM_6433618,flux_tumor_stroma,frac_coexact,interface_like,other,0.0359726277066727,0.0855602785970737,0.4204360749697582,1.0,1.0
GSM_6433618,flux_tumor_stroma,frac_coexact,interface_like,stroma_enriched,0.0359726277066727,0.0275856020862861,1.3040363445449703,0.0016039207460946,0.0069930069930069
GSM_6433618,flux_tumor_stroma,frac_coexact,interface_like,tumor_enriched,0.0359726277066727,0.0583607302223459,0.6163841262715903,0.9999999978719242,1.0
GSM_6433618,flux_tumor_stroma,node_energy_coexact,immune_enriched,other,5.98682424741802e-08,7.316080099947213e-08,0.8183103746309742,0.7561212422202053,0.7552447552447552
GSM_6433618,flux_tumor_stroma,node_energy_coexact,immune_enriched,stroma_enriched,5.98682424741802e-08,9.278581020386416e-08,0.6452305836705076,0.961594789866699,0.951048951048951
GSM_6433618,flux_tumor_stroma,node_energy_coexact,immune_enriched,tumor_enriched,5.98682424741802e-08,1.5179715399211536e-07,0.3943963434076628,0.9993008384930072,0.998001998001998
GSM_6433618,flux_tumor_stroma,node_energy_coexact,interface_like,other,1.0133684189059992e-07,7.316080099947213e-08,1.385124827861454,4.029805168597096e-06,0.0009990009990009
GSM_6433618,flux_tumor_stroma,node_energy_coexact,interface_like,stroma_enriched,1.0133684189059992e-07,9.278581020386416e-08,1.092158829760153,0.1482194219760088,0.1948051948051948
GSM_6433618,flux_tumor_stroma,node_energy_coexact,interface_like,tumor_enriched,1.0133684189059992e-07,1.5179715399211536e-07,0.6675806444688914,0.998758673014336,0.998001998001998
GSM_6433619,flux_tumor_immune,frac_coexact,immune_enriched,other,0.6956943209464138,0.8094154805091346,0.8595021193674373,0.9773740061750168,0.919080919080919
GSM_6433619,flux_tumor_immune,frac_coexact,immune_enriched,stroma_enriched,0.6956943209464138,0.7773324228946386,0.894976589752657,0.9625771424650804,0.9370629370629372
GSM_6433619,flux_tumor_immune,frac_coexact,immune_enriched,tumor_enriched,0.6956943209464138,0.6505757635427591,1.069351734159229,0.1700806162148929,0.1798201798201798
GSM_6433619,flux_tumor_immune,frac_coexact,interface_like,other,0.7332572020575894,0.8094154805091346,0.9059095356026048,0.8708596361476132,0.9470529470529472
GSM_6433619,flux_tumor_immune,frac_coexact,interface_like,stroma_enriched,0.7332572020575894,0.7773324228946386,0.94329939220479,0.757773789584643,0.8511488511488512
GSM_6433619,flux_tumor_immune,frac_coexact,interface_like,tumor_enriched,0.7332572020575894,0.6505757635427591,1.127089638360615,3.8159838386584025e-05,0.0069930069930069
GSM_6433619,flux_tumor_immune,node_energy_coexact,immune_enriched,other,1.109125518188444e-08,6.191467267022245e-09,1.791377504482669,0.0023450205479462,0.0089910089910089
GSM_6433619,flux_tumor_immune,node_energy_coexact,immune_enriched,stroma_enriched,1.109125518188444e-08,9.695817980703558e-09,1.1439215550413648,0.2983355204184903,0.2517482517482518
GSM_6433619,flux_tumor_immune,node_energy_coexact,immune_enriched,tumor_enriched,1.109125518188444e-08,9.367533194514462e-09,1.1840102353071322,0.2172556122909499,0.3326673326673326
GSM_6433619,flux_tumor_immune,node_energy_coexact,interface_like,other,1.7098634376948712e-08,6.191467267022245e-09,2.7616449606414877,1.7852592435593318e-23,0.0009990009990009
GSM_6433619,flux_tumor_immune,node_energy_coexact,interface_like,stroma_enriched,1.7098634376948712e-08,9.695817980703558e-09,1.763506123049969,5.3912664141223997e-08,0.0009990009990009
GSM_6433619,flux_tumor_immune,node_energy_coexact,interface_like,tumor_enriched,1.7098634376948712e-08,9.367533194514462e-09,1.8253081170784111,1.9905711913918394e-06,0.0009990009990009
GSM_6433619,flux_tumor_stroma,frac_coexact,immune_enriched,other,0.113526414441988,0.0777738377735071,1.4596992728145857,0.0329652906312104,0.0669330669330669
GSM_6433619,flux_tumor_stroma,frac_coexact,immune_enriched,stroma_enriched,0.113526414441988,0.0301332056584678,3.7674854686456394,1.1924107071397574e-11,0.0009990009990009
GSM_6433619,flux_tumor_stroma,frac_coexact,immune_enriched,tumor_enriched,0.113526414441988,0.0457684417833461,2.4804518139242657,2.662133426461199e-07,0.0009990009990009
GSM_6433619,flux_tumor_stroma,frac_coexact,interface_like,other,0.0356260489182412,0.0777738377735071,0.4580724050418002,1.0,1.0
GSM_6433619,flux_tumor_stroma,frac_coexact,interface_like,stroma_enriched,0.0356260489182412,0.0301332056584678,1.182285393795462,0.0374301509714319,0.0799200799200799
GSM_6433619,flux_tumor_stroma,frac_coexact,interface_like,tumor_enriched,0.0356260489182412,0.0457684417833461,0.7783976803685854,0.9965426190769568,0.985014985014985
GSM_6433619,flux_tumor_stroma,node_energy_coexact,immune_enriched,other,4.577204144015706e-08,6.59015902736508e-08,0.6945513947401349,0.9218441170784704,0.9530469530469532
GSM_6433619,flux_tumor_stroma,node_energy_coexact,immune_enriched,stroma_enriched,4.577204144015706e-08,8.680527293537968e-08,0.5272956341515229,0.9946893141369204,0.996003996003996
GSM_6433619,flux_tumor_stroma,node_energy_coexact,immune_enriched,tumor_enriched,4.577204144015706e-08,1.1607923290260758e-07,0.3943172288066425,0.9994534195555792,1.0
GSM_6433619,flux_tumor_stroma,node_energy_coexact,interface_like,other,8.65392175966042e-08,6.59015902736508e-08,1.31315825972116,0.0134722773427002,0.0179820179820179
GSM_6433619,flux_tumor_stroma,node_energy_coexact,interface_like,stroma_enriched,8.65392175966042e-08,8.680527293537968e-08,0.9969350325184329,0.7550388157703061,0.5074925074925075
GSM_6433619,flux_tumor_stroma,node_energy_coexact,interface_like,tumor_enriched,8.65392175966042e-08,1.1607923290260758e-07,0.7455185172459922,0.9899450089593984,0.975024975024975
